OBJECTID;LAND;BEZ;LOR;STRASSE;LOR_ab_2021;UJAHR;UMONAT;USTUNDE;UWOCHENTAG;UKATEGORIE;UART;UTYP1;ULICHTVERH;IstRad;IstPKW;IstFuss;IstKrad;IstGkfz;IstSonstig;USTRZUSTAND;LINREFX;LINREFY;XGCSWGS84;YGCSWGS84
114798;11;3;3061131;Falkplatz;3601142;2018;10;18;3;3;5;2;2;1;1;0;0;0;0;0;799165,2008;5830411,77;13,41234868;52,54142556
114799;11;1;1011303;Alexanderplatzviertel;1100310;2018;6;9;5;3;1;5;0;1;0;0;0;1;0;0;799598,3992;5828350,402;13,41685937;52,52271067
114800;11;2;2040703;Wriezener Bahnhof/Entwicklungsgebiet;2400625;2018;8;22;6;3;6;4;2;1;0;1;0;0;0;0;801784,5927;5826292,405;13,44711815;52,50305914
114801;11;1;1011303;Alexanderplatzviertel;1100310;2018;4;11;1;3;6;7;0;0;1;1;0;0;0;0;799330,7539;5827979,694;13,4125927;52,51953483
114802;11;7;7040403;Manteuffelstra�e                                                                                    ;7400824;2018;4;13;7;3;5;3;0;1;1;0;0;0;0;0;797876,8216;5821667,423;13,38558487;52,46374888
114803;11;11;11030721;R�digerstra�e;11300722;2018;6;14;6;3;5;3;0;1;1;0;0;0;0;0;804244,7597;5827532,287;13,48438438;52,51280563
114804;11;1;1011104;K�rnerstra�e                                                                                        ;1100104;2018;12;15;6;3;5;2;1;1;1;0;0;0;0;1;796212,6302;5825849,443;13,3648766;52,50214179
114805;11;1;1011105;N�rdlicher Landwehrkanal                                                                            ;1100102;2018;9;19;2;3;3;6;1;0;1;0;1;0;0;1;796430,1696;5826361,349;13,36852782;52,50661242
114806;11;2;2050602;Samariterviertel;2500727;2018;9;15;3;3;0;1;0;1;0;0;0;0;0;0;802146,6597;5827745,67;13,45375527;52,51588441
114807;11;4;4041342;Schlangenbader Stra�e;4400833;2018;6;0;4;3;8;1;2;0;1;0;0;0;0;0;792471,8984;5821991,731;13,30653982;52,46957615
114808;11;4;4030417;Schlo�stra�e;4300414;2018;7;23;7;2;2;6;2;0;0;0;1;0;0;0;791602,8451;5826551,055;13,29777239;52,51091474
114809;11;1;1044201;Reinickendorfer Stra�e                                                                              ;1401044;2018;5;15;2;3;2;6;0;0;1;0;0;0;0;0;796164,0224;5831066,58;13,36880912;52,54893478
114810;11;3;3050925;Komponistenviertel Wei�ensee;3500936;2018;2;20;6;2;3;6;2;0;1;0;1;0;0;1;802131,3411;5831498,168;13,45694096;52,54952635
114811;11;3;3061429;Greifswalder Stra�e;3601449;2018;11;19;7;3;5;2;2;0;1;0;0;0;0;0;801344,29;5830999,574;13,44491627;52,54549338
114813;11;2;2020202;Rathaus Yorckstra�e;2200208;2018;10;13;4;3;2;6;0;0;1;0;0;0;1;0;797306,3323;5825529,986;13,3806567;52,49868342
114814;11;10;10010309;Springpfuhl;10100312;2018;8;16;2;3;5;2;0;0;1;0;1;0;0;0;807755,1269;5829331,341;13,53761415;52,52695954
114815;11;3;3051017;Rennbahnstra�e;3501037;2018;4;18;1;3;4;6;0;0;1;0;1;0;0;0;802719,2787;5832458,702;13,46646124;52,55780903
114816;11;10;10010102;Havemannstra�e                                                                                      ;10100102;2018;4;11;3;3;0;4;0;0;0;1;0;0;1;0;809456,2175;5834525,727;13,56744957;52,57254656
114817;11;1;1011201;Wilhelmstra�e                                                                                       ;1100205;2018;5;11;2;3;5;2;0;1;1;0;0;0;0;0;797597,7729;5826824,318;13,38609417;52,51012675
114818;11;2;2050602;Samariterviertel;2500727;2018;10;8;4;3;2;6;0;0;1;0;1;0;0;0;802526,1365;5827708,642;13,45929684;52,51534218
114819;11;7;7020202;Volkspark (Rudolf-Wilde-Park);7200308;2018;2;9;6;3;5;2;0;0;1;0;0;0;0;0;795223,509;5823525,402;13,34828776;52,48184447
114820;11;2;2050602;Samariterviertel;2500727;2018;12;19;1;2;5;2;2;0;1;0;0;0;0;1;802180,5738;5827727,75;13,45423726;52,515705
114821;11;12;12103115;Breitkopfbecken;12100103;2018;9;16;4;3;6;4;0;1;0;1;0;0;0;0;795526,0897;5833289,014;13,36140743;52,56920326
114822;11;3;3020209;Niedersch�nhausen;3200205;2018;8;12;5;3;0;1;0;0;0;0;1;0;0;1;798128,4468;5835569,474;13,40174155;52,58822528
114823;11;4;4020311;Reichsstra�e;4200310;2018;6;14;5;3;3;6;0;1;1;0;0;0;0;0;789668,7319;5826241,425;13,26908336;52,50916938
114824;11;6;6030501;Berlepschstra�e                                                                                     ;6300524;2018;7;15;3;3;5;3;0;1;1;0;0;0;0;0;788205,9199;5817682,921;13,24019484;52,43321239
114825;11;7;7070701;Kettinger Stra�e/Schillerstra�e                                                                     ;7601442;2018;2;9;6;3;2;6;0;0;1;0;0;0;1;1;799658,6751;5815334,949;13,40605871;52,40601246
114826;11;6;6040804;Krumme Lanke;6400838;2018;11;9;7;3;5;7;0;1;0;0;0;0;0;0;787312,7339;5817308,58;13,22677116;52,430326
114827;11;7;7050501;Rathausstra�e                                                                                       ;7501030;2018;6;20;5;2;1;6;0;0;1;0;0;0;1;0;797902,5389;5820246,862;13,38469478;52,45100107
114828;11;3;3040513;Sch�nholz;3400620;2018;5;9;3;3;5;7;0;0;1;0;0;0;1;0;798042,4965;5833913,42;13,39898749;52,57342825
114829;11;7;7050502;Fritz-Werner-Stra�e                                                                                 ;7501133;2018;12;0;3;3;2;6;2;0;1;0;0;0;0;0;798662,3661;5817747,533;13,39360926;52,42818294
114830;11;2;2050802;Boxhagener Platz;2500833;2018;10;18;5;3;3;6;1;1;0;0;0;0;0;0;802087,2263;5827268,493;13,4524489;52,51164038
114831;11;5;5020628;Graetschelsteig;5200633;2018;2;8;6;3;2;6;0;0;1;0;0;1;0;0;784231,3245;5826523,884;13,18942411;52,51456232
114832;11;1;1044201;Reinickendorfer Stra�e                                                                              ;1401044;2018;7;15;2;3;5;7;0;0;1;0;0;0;0;0;796213,6431;5830856,65;13,36935153;52,54702599
114833;11;3;3061332;Helmholtzplatz;3601347;2018;4;9;4;3;5;2;0;1;1;0;0;0;0;0;799316,8376;5830330,929;13,41450511;52,54061768
114834;11;4;4020311;Reichsstra�e;4200310;2018;7;8;7;3;6;4;0;0;1;1;0;0;0;0;789583,3202;5826227,629;13,26781637;52,50909104
114835;11;2;2040701;Andreasviertel;2400521;2018;3;8;5;3;5;3;0;1;1;0;0;0;0;1;800966,492;5827868,971;13,43652747;52,51764211
114836;11;3;3040513;Sch�nholz;3400620;2018;5;10;4;3;2;6;0;0;1;0;0;0;0;0;798027,5308;5833619,496;13,39850317;52,57080183
114837;11;4;4041133;G�terbahnhof Grunewald;4400725;2018;10;8;3;3;2;6;0;0;1;0;0;0;0;1;790657,6872;5825024,818;13,28255219;52,4977364
114838;11;1;1011102;Gro�er Tiergarten;1100102;2018;2;11;5;3;2;6;0;1;1;0;0;0;0;0;794268,5466;5827021,696;13,33735509;52,51370226
114839;11;4;4020208;Kranzallee;4200206;2018;11;16;7;3;2;6;2;0;1;0;0;0;0;0;786835,3211;5825828,508;13,22709336;52,50696454
114840;11;3;3061434;Anton-Saefkow-Park;3601451;2018;9;17;6;3;0;6;0;0;0;0;1;0;0;0;800691,5597;5829872,384;13,43429956;52,5357508
114841;11;9;9010102;Am Treptower Park Nord;9100101;2018;8;11;4;3;2;6;0;0;1;0;0;0;0;0;803917,3287;5824659,135;13,47695241;52,4872369
114842;11;10;10040933;Mahlsdorf S�d                                                                                       ;10400940;2018;6;18;6;3;5;2;0;1;1;0;0;0;0;1;812050,2398;5827155,469;13,59868159;52,50501988
114843;11;4;4020310;Park Ruhwald;4200308;2018;3;9;1;3;9;1;0;0;1;0;0;0;0;2;790428,3141;5827768,775;13,28157726;52,5224583
114844;11;7;7010104;Dennewitzplatz;7100205;2018;6;14;7;3;0;6;0;0;1;0;0;0;1;0;796033,3519;5825277,882;13,3617351;52,49711554
114845;11;8;8020620;Tempelhofer Weg;8200624;2018;6;13;2;3;3;6;0;0;1;0;1;0;0;0;801039,2309;5821661,318;13,43198844;52,46196111
114846;11;2;2050602;Samariterviertel;2500729;2018;8;14;3;2;6;4;0;0;1;1;0;0;0;0;803399,31;5827603,187;13,4720289;52,51391199
114847;11;1;1011303;Alexanderplatzviertel;1100310;2018;5;11;5;3;0;6;0;1;1;0;0;0;0;0;798764,0327;5827979,477;13,40426502;52,51984366
114848;11;3;3061435;Conrad-Blenkle-Stra�e;3601452;2018;4;19;3;3;3;6;1;1;1;0;0;0;0;0;801442,6678;5829161,712;13,4446955;52,52896609
114849;11;4;4030417;Schlo�stra�e;4300414;2018;12;9;6;2;5;2;0;1;0;0;0;1;0;0;791845,9336;5826592,056;13,30138013;52,5111523
114850;11;3;3061429;Greifswalder Stra�e;3601449;2018;9;9;5;3;2;2;0;0;1;0;0;0;0;0;801343,1107;5830998,527;13,44489799;52,54548465
114851;11;4;4030623;Ernst-Reuter-Platz;4300622;2018;9;16;6;3;2;6;0;0;1;0;1;0;0;0;793021,5399;5826789,942;13,31882769;52,51229603
114852;11;8;8010510;Gewerbegebiet K�llnische Heide;8100521;2018;7;12;5;3;2;6;0;0;1;0;0;0;0;0;802691,3923;5821639,17;13,45621229;52,46084997
114853;11;4;4010101;Jungfernheide;4100101;2018;7;10;5;3;2;6;0;0;1;0;0;0;0;1;791419,3244;5830401,981;13,29845125;52,54553583
114854;11;7;7050502;Fritz-Werner-Stra�e                                                                                 ;7501133;2018;3;15;2;3;5;3;0;0;1;0;0;1;0;1;798235,9466;5818743,058;13,38824418;52,43733934
114855;11;1;1011102;Gro�er Tiergarten;1100102;2018;5;22;5;2;6;7;2;1;0;1;0;0;0;0;796618,9876;5827418,896;13,37224419;52,51598963
114856;11;10;10010310;Alt-Marzahn;10100313;2018;2;0;5;2;8;1;2;0;1;0;0;0;0;1;807690,244;5830306,952;13,53756374;52,53573954
114857;11;9;9010302;Sp�thsfelde;9100306;2018;11;6;4;3;2;6;0;0;1;0;0;1;0;1;804345,3014;5819770,758;13,47877791;52,44318525
114858;11;3;3061131;Falkplatz;3601142;2018;8;14;6;3;6;4;0;0;1;1;0;0;0;0;799141,7987;5830374,941;13,41197148;52,54110829
114859;11;2;2010101;Askanischer Platz;2100101;2018;3;9;7;3;5;3;0;0;1;0;0;1;0;1;797886,5925;5825489,357;13,38914298;52,4980028
114861;11;4;4020314;Messegel�nde;4200311;2018;10;19;2;3;8;1;2;0;0;0;1;0;0;0;790461,9535;5825448,401;13,28004643;52,50163808
114862;11;7;7050502;Fritz-Werner-Stra�e                                                                                 ;7501133;2018;8;7;5;3;5;2;0;0;1;0;0;0;1;0;798467,6328;5818153,305;13,39111584;52,4319265
114863;11;1;1033203;Humboldthain Nordwest                                                                               ;1300836;2018;4;16;6;3;5;3;0;0;1;0;0;0;1;0;796187,6316;5830197,365;13,36838119;52,54113032
114864;11;1;1011303;Alexanderplatzviertel;1100310;2018;4;14;6;3;2;2;0;0;1;0;0;0;0;0;799803,2834;5828630,269;13,42012242;52,52510661
114865;11;7;7020203;Kaiser-Wilhelm-Platz;7200410;2018;5;12;5;3;1;5;0;1;1;0;0;0;1;0;795665,3449;5823979,978;13,35517825;52,48568034
114866;11;3;3020203;Blankenfelde;3200204;2018;12;16;5;2;5;2;2;0;1;0;0;0;0;1;797157,558;5838898,209;13,39044086;52,61859411
114867;11;3;3061131;Falkplatz;3601142;2018;9;7;7;3;0;1;1;0;0;0;1;0;0;1;799141,5606;5830389,075;13,41198071;52,54123511
114868;11;1;1011303;Alexanderplatzviertel;1100310;2018;9;18;2;3;0;6;1;1;1;0;0;0;0;0;799035,3743;5827526,786;13,40784528;52,51563721
114869;11;3;3020203;Blankenfelde;3200204;2018;6;15;1;3;3;6;0;1;0;0;0;0;0;0;796468,1386;5840350,892;13,38159001;52,63199212
114870;11;6;6040703;Nikolassee;6400737;2018;7;14;6;3;5;3;0;0;1;0;0;0;0;0;786513,2587;5816951,168;13,21473815;52,42754076
114871;11;11;11030721;R�digerstra�e;11300725;2018;5;18;6;3;3;6;0;1;0;0;0;0;1;0;804875,186;5827448,778;13,49356897;52,51170519
114872;11;8;8010510;Gewerbegebiet K�llnische Heide;8100521;2018;2;6;5;2;3;6;0;0;0;0;0;1;1;0;802643,6236;5821716,362;13,45558133;52,4615683
114873;11;6;6040703;Nikolassee;6400737;2018;11;17;6;3;5;2;2;0;1;0;0;0;0;0;786515,5788;5816927,982;13,21475231;52,42733167
114874;11;4;4030622;Richard-Wagner-Stra�e;4300621;2018;7;18;6;2;3;6;0;0;1;0;1;0;0;0;792195,9819;5826672,354;13,306594;52,51168476
114875;11;4;4030417;Schlo�stra�e;4300414;2018;7;17;6;3;5;2;0;1;1;0;0;0;0;0;791728,6406;5826572,094;13,29963919;52,51103609
114876;11;7;7050502;Fritz-Werner-Stra�e                                                                                 ;7501133;2018;3;15;3;3;5;3;0;0;1;0;0;0;0;0;797477,0808;5817977,393;13,37643238;52,43088916
114877;11;2;2050602;Samariterviertel;2500728;2018;5;8;6;2;2;1;0;1;1;0;0;0;0;0;802794,1113;5827665,395;13,46319447;52,51480586
114878;11;4;4010102;Pl�tzensee;4100101;2018;10;18;4;3;0;1;2;0;0;0;1;0;0;0;792275,4235;5829365,04;13,31012775;52,53578138
114879;11;12;12214125;Waldidyll/Flughafensee;12200412;2018;2;16;5;3;2;6;0;0;1;0;0;0;0;0;791047,0073;5834161,639;13,29627418;52,57943955
114880;11;3;3071639;B�tzowstra�e;3701660;2018;11;17;5;3;6;4;2;1;0;1;0;0;0;0;800326,6245;5829445,379;13,42854951;52,53212466
114881;11;6;6030605;Botanischer Garten;6300629;2018;9;8;2;3;3;6;0;0;1;0;0;1;0;0;792567,1688;5819828,236;13,30604218;52,45012975
114882;11;7;7050501;Rathausstra�e                                                                                       ;7501030;2018;8;13;7;3;0;5;0;0;1;0;1;0;0;0;798034,1286;5819501,758;13,38596069;52,4442503
114883;11;12;12231101;Hermsdorf;12400723;2018;10;14;3;3;2;6;0;0;1;0;0;0;0;0;791737,4517;5839608,233;13,31123531;52,62789636
114884;11;3;3061131;Falkplatz;3601142;2018;8;15;5;3;2;6;0;0;1;0;0;0;0;0;799141,2704;5830406,302;13,41199195;52,54138968
114885;11;1;1033203;Humboldthain Nordwest                                                                               ;1300836;2018;4;14;7;2;5;2;0;0;1;0;0;0;0;0;796343,923;5830077,937;13,37057247;52,5399748
114886;11;7;7050502;Fritz-Werner-Stra�e                                                                                 ;7501133;2018;4;17;6;3;6;7;0;1;0;1;0;0;0;0;798570,018;5817970,015;13,39245369;52,43022763
114887;11;4;4041133;G�terbahnhof Grunewald;4400725;2018;6;15;6;3;2;6;0;0;1;0;0;0;0;0;790549,601;5825156,613;13,28107945;52,49897551
114888;11;10;10030727;Biesdorf S�d                                                                                        ;10300734;2018;12;16;6;3;2;6;2;0;1;0;0;0;1;1;810529,9164;5827076,76;13,57628102;52,50518189
114889;11;6;6040702;D�ppel;6400736;2018;9;18;1;3;2;6;1;0;1;0;0;0;0;1;785344,4692;5815824,782;13,19663414;52,41805223
114890;11;3;3050925;Komponistenviertel Wei�ensee;3500936;2018;9;17;3;3;2;6;0;0;1;0;0;0;1;0;802340,2666;5831594,389;13,46010042;52,55027286
114891;11;4;4030622;Richard-Wagner-Stra�e;4300621;2018;6;17;2;3;2;6;0;0;1;0;0;0;0;0;792051,0504;5826626,54;13,30442424;52,51135167
114892;11;2;2050602;Samariterviertel;2500729;2018;7;0;6;3;5;2;2;1;1;0;0;0;0;0;803095,6366;5827633,483;13,46759522;52,51435237
114893;11;4;4010101;Jungfernheide;4100101;2018;5;14;7;3;2;6;0;0;1;0;1;0;0;0;791145,9403;5829378,36;13,29353408;52,53650536
114894;11;2;2050601;Hausburgviertel;2500726;2018;2;12;5;3;6;4;0;0;1;1;0;0;0;0;801646,5795;5828887,07;13,44744313;52,52639166
114895;11;7;7020202;Volkspark (Rudolf-Wilde-Park);7200308;2018;11;18;6;3;2;6;2;0;1;0;0;0;0;0;794658,8306;5823130,702;13,33964785;52,47861121
114897;11;4;4020313;K�nigin-Elisabeth-Stra�e;4200311;2018;10;7;4;3;2;6;0;0;1;0;0;0;1;0;790589,586;5827243,661;13,28348881;52,51766472
114898;11;9;9010101;Elsenstra�e                                                                                         ;9100101;2018;8;17;2;2;0;4;0;0;0;1;0;0;1;0;802670,823;5825216,843;13,45915744;52,49292808
114899;11;7;7020202;Volkspark (Rudolf-Wilde-Park);7200308;2018;4;16;1;3;0;6;0;0;1;0;0;0;1;0;795225,438;5823516,568;13,34830826;52,48176424
114900;11;2;2050602;Samariterviertel;2500727;2018;4;13;1;3;5;3;0;1;1;0;0;0;0;1;802044,6235;5828016,918;13,4525024;52,51837212
114901;11;11;11030721;R�digerstra�e;11300722;2018;5;7;2;3;5;2;0;1;0;0;0;1;0;0;803737,1474;5827585,11;13,47697553;52,51356196
114902;11;2;2050802;Boxhagener Platz;2500834;2018;10;17;3;3;5;2;1;1;1;0;0;0;0;1;802034,7626;5827022,488;13,45145494;52,50946449
114903;11;7;7040401;Neu-Tempelhof;7400720;2018;2;17;5;2;5;2;2;1;1;0;0;0;0;0;797761,6698;5823826,925;13,38582266;52,48316918
114904;11;1;1011102;Gro�er Tiergarten;1100102;2018;12;19;7;2;1;7;2;0;1;0;0;0;0;1;796308,9791;5827354,018;13,36763124;52,51557658
114905;11;4;4030623;Ernst-Reuter-Platz;4300622;2018;9;8;3;3;5;3;0;0;1;0;1;0;0;0;793491,011;5826890,246;13,32581425;52,51294281
114906;11;5;5020524;Weinmeisterhornweg;5200528;2018;8;13;4;3;2;6;0;0;1;0;0;0;1;0;783435,3002;5826626,736;13,17781267;52,5158988
114907;11;9;9010102;Am Treptower Park Nord;9100101;2018;6;14;4;3;2;6;0;0;1;0;0;0;1;0;802920,49;5825109,696;13,46272618;52,49182923
114908;11;2;2050602;Samariterviertel;2500727;2018;7;14;3;3;6;4;0;1;0;1;0;0;0;0;802124,4421;5827931,518;13,45359761;52,51756247
114909;11;7;7040401;Neu-Tempelhof;7400720;2018;2;23;5;3;2;6;2;0;1;0;0;0;0;1;797767,0802;5823720,96;13,38580746;52,48221638
114910;11;1;1011202;Unter den Linden Nord;1100206;2018;6;9;5;3;6;4;0;1;0;1;0;0;0;0;797590,389;5827560,512;13,38664405;52,51672988
114911;11;2;2040503;Richard-Sorge-Viertel;2400522;2018;5;14;2;3;2;6;0;0;1;0;0;0;0;0;801971,5531;5827749,554;13,45118613;52,5160162
114912;11;3;3020209;Niedersch�nhausen;3200206;2018;4;12;1;3;5;3;0;1;1;0;0;0;0;0;797981,904;5834290,896;13,39843528;52,57684496
114913;11;4;4030417;Schlo�stra�e;4300414;2018;12;20;7;3;6;2;2;0;0;1;0;0;1;1;791583,7086;5826547,855;13,29748841;52,51089628
114914;11;4;4041137;Flinsberger Platz;4400727;2018;10;22;3;2;9;1;2;0;1;0;0;0;0;1;791435,1146;5824461,062;13,29347871;52,49226775
114915;11;1;1011303;Alexanderplatzviertel;1100310;2018;2;18;4;3;2;6;2;0;1;0;0;0;0;0;799231,5581;5827875,773;13,41104164;52,51865776
114916;11;6;6040701;Wannsee;6400735;2018;7;18;2;3;8;1;0;0;1;0;0;0;0;0;782506,3587;5815776,932;13,15497267;52,41909561
114917;11;4;4030622;Richard-Wagner-Stra�e;4300621;2018;4;16;3;3;5;2;0;1;1;0;0;0;0;0;792740,8043;5826742,173;13,31466068;52,51201854
114918;11;1;1011104;K�rnerstra�e                                                                                        ;1100104;2018;7;13;5;3;2;6;0;0;1;0;0;0;0;0;796285,4327;5826009,709;13,36608862;52,50353891
114919;11;9;9010401;Johannisthal West;9100407;2018;3;17;3;3;3;6;0;0;1;0;0;1;0;1;805222,8829;5819145,891;13,49107882;52,43709567
114920;11;7;7040403;Manteuffelstra�e                                                                                    ;7400824;2018;5;11;3;3;2;6;0;0;1;0;0;0;0;0;797852,3983;5821498,959;13,3850761;52,4622521
114921;11;7;7050501;Rathausstra�e                                                                                       ;7501030;2018;10;9;2;2;4;1;0;0;1;0;0;0;0;0;798125,2342;5819133,084;13,38696824;52,44089587
114922;11;2;2050802;Boxhagener Platz;2500833;2018;2;11;4;3;3;6;0;1;1;0;0;0;0;0;802111,3707;5827386,472;13,4529107;52,51268446
114923;11;4;4051655;Babelsberger Stra�e;4501153;2018;11;16;6;3;2;6;1;0;1;0;0;0;0;0;793930,0634;5822997,99;13,32883112;52,47781423
114924;11;12;12302211;L�barser Stra�e;12601031;2018;9;13;6;3;5;2;0;0;0;0;1;0;1;0;793318,0854;5836604,935;13,33185816;52,6001227
114925;11;12;12231101;Hermsdorf;12400723;2018;8;16;4;3;0;7;0;1;1;0;0;0;0;0;791920,228;5838863,797;13,31327067;52,62112466
114926;11;7;7050502;Fritz-Werner-Stra�e                                                                                 ;7501133;2018;3;14;6;3;2;6;0;0;1;0;1;0;0;0;798223,9905;5818776,638;13,38809878;52,43764688
114927;11;1;1011304;Karl-Marx-Allee;1100311;2018;6;18;6;2;0;6;0;1;0;0;0;0;0;0;800211,4484;5828018,415;13,4255684;52,51939777
114928;11;4;4010103;Paul-Hertz-Siedlung;4100102;2018;6;6;1;2;8;7;0;0;1;0;0;0;0;0;791584,918;5829159,855;13,29979618;52,53431182
114929;11;12;12103117;Letteplatz;12100101;2018;8;22;2;3;1;5;2;0;1;0;1;0;0;0;795874,1973;5832087,377;13,36545707;52,55824271
114930;11;9;9010102;Am Treptower Park Nord;9100101;2018;5;10;4;3;5;3;0;1;0;0;0;0;0;0;802964,2719;5825091,475;13,46335249;52,49164162
114931;11;11;11030721;R�digerstra�e;11300724;2018;4;10;3;3;2;6;0;0;1;0;0;0;0;0;804528,0179;5827487,631;13,48850466;52,51224733
114932;11;1;1011202;Unter den Linden Nord;1100206;2018;12;8;4;2;0;6;0;0;1;0;1;0;0;1;798040,7027;5827657,37;13,39334749;52,51735219
114933;11;7;7030303;Grazer Platz;7300619;2018;9;15;4;3;2;6;0;0;1;0;1;0;0;0;796261,2433;5822697,517;13,36278877;52,47386116
114934;11;1;1011303;Alexanderplatzviertel;1100310;2018;9;22;5;3;0;1;2;0;1;0;1;0;0;0;799127,2745;5827726,45;13,40937506;52,51737652
114935;11;9;9020601;Schnellerstra�e                                                                                     ;9200613;2018;7;22;4;3;2;6;2;0;1;0;0;0;0;0;806288,7953;5821463,441;13,50883486;52,45727072
114936;11;6;6040703;Nikolassee;6400737;2018;7;14;4;3;2;6;0;0;1;0;0;0;0;0;785991,9693;5819114,253;13,20894304;52,4472078
114937;11;3;3010102;Buch;3100103;2018;5;8;4;3;2;6;0;0;0;0;0;1;0;0;804474,0253;5839640,45;13,49886539;52,62119631
114938;11;7;7020202;Volkspark (Rudolf-Wilde-Park);7200308;2018;2;20;4;3;0;1;2;0;0;0;1;0;0;1;795230,843;5823513,413;13,34838482;52,48173303
114939;11;9;9010101;Elsenstra�e                                                                                         ;9100101;2018;11;6;3;3;6;7;2;0;0;1;0;0;1;1;802792,8536;5825360,642;13,46108004;52,49414926
114940;11;12;12214125;Waldidyll/Flughafensee;12200412;2018;8;15;6;2;2;6;0;0;1;0;0;0;1;0;790998,8746;5834258,016;13,29565045;52,5803293
114942;11;6;6040701;Wannsee;6400735;2018;10;14;1;3;1;5;0;1;1;0;0;0;1;0;782506,4422;5815764,969;13,15496379;52,4189883
114943;11;2;2050602;Samariterviertel;2500727;2018;8;19;4;3;2;3;0;0;1;0;0;0;1;0;802172,098;5827729,953;13,45411474;52,51572945
114944;11;1;1011303;Alexanderplatzviertel;1100310;2018;4;14;5;3;3;6;0;0;1;0;1;0;0;1;799676,0153;5828478,687;13,41811553;52,52381789
114945;11;4;4020313;K�nigin-Elisabeth-Stra�e;4200311;2018;4;16;5;3;2;6;0;0;1;0;0;0;0;0;790654,889;5826233,077;13,28356581;52,50857
114946;11;1;1011104;K�rnerstra�e                                                                                        ;1100104;2018;5;18;4;3;2;6;0;0;1;0;0;0;0;0;796284,8965;5826008,537;13,3660797;52,50352869
114947;11;11;11041023;Gensinger Stra�e;11401033;2018;12;13;4;3;5;3;0;1;1;0;0;0;0;0;807693,1164;5827471,925;13,53498325;52,5103305
114948;11;2;2050802;Boxhagener Platz;2500834;2018;9;1;6;3;8;1;2;1;0;0;0;0;0;0;802023,7231;5826972,862;13,45124774;52,5090258
114949;11;5;5040935;Gro�-Glienicker Weg;5400942;2018;9;7;2;3;2;6;0;0;1;0;0;0;0;0;781816,1089;5824524,552;13,15223452;52,49788859
114950;11;3;3040513;Sch�nholz;3400620;2018;6;12;7;2;2;6;0;0;1;0;0;0;0;0;798016,6326;5833736,293;13,3984478;52,57185472
114951;11;11;11010101;Dorf Malchow;11100101;2018;7;7;5;3;5;2;0;1;1;0;0;0;0;0;803685,612;5835336,13;13,48330626;52,58306017
114952;11;7;7040403;Manteuffelstra�e                                                                                    ;7400824;2018;5;13;5;3;2;6;0;0;1;0;0;0;0;0;797849,4567;5822288,351;13,3857375;52,46932973
114953;11;10;10030726;Alt-Biesdorf;10300733;2018;2;18;4;3;2;6;0;0;1;0;0;0;0;0;809113,6893;5827397,071;13,55577933;52,5088566
114954;11;12;12214125;Waldidyll/Flughafensee;12200412;2018;11;15;4;3;2;6;0;0;1;0;0;0;0;0;790977,4446;5834301,935;13,29537363;52,58073448
114955;11;7;7050502;Fritz-Werner-Stra�e                                                                                 ;7501133;2018;12;19;2;3;6;4;2;1;0;1;0;0;0;1;798216,9838;5818801,523;13,38801822;52,43787376
114956;11;3;3061332;Helmholtzplatz;3701657;2018;10;20;2;2;5;2;2;0;0;0;1;0;0;0;799995,902;5830220,527;13,42438826;52,53925468
114957;11;3;3020307;Buchholz;3200309;2018;8;2;7;2;9;1;2;0;1;0;0;0;0;0;801127,074;5837279,554;13,4474256;52,60190107
114958;11;3;3040513;Sch�nholz;3400620;2018;4;7;6;3;2;6;0;0;1;0;0;0;0;0;798004,6955;5833677,017;13,39821892;52,57132993
114959;11;7;7020203;Kaiser-Wilhelm-Platz;7200410;2018;3;18;4;3;2;6;1;0;1;0;0;0;0;1;795256,7732;5823572,143;13,34881756;52,48224548
114960;11;11;11040926;Weitlingstra�e;11400931;2018;5;14;6;2;9;1;0;0;0;0;1;0;0;0;806467,894;5827354,847;13,51687842;52,5099709
114961;11;1;1033203;Humboldthain Nordwest                                                                               ;1300836;2018;10;20;1;3;1;1;2;0;1;0;0;0;0;1;796285,821;5830325,882;13,36993939;52,54222896
114962;11;12;12224230;Heiligensee;12400618;2018;2;7;4;3;5;3;0;0;1;0;0;0;0;0;787516,4126;5837871,239;13,24753516;52,61457446
114963;11;1;1011303;Alexanderplatzviertel;1100310;2018;11;18;5;3;6;2;2;0;0;1;0;0;1;0;799760,6536;5828625,056;13,41949124;52,52508333
114964;11;6;6030503;Zehlendorf Mitte                                                                                    ;6300527;2018;9;13;2;2;5;2;0;0;1;0;1;0;0;0;790162,8788;5818291,467;13,26942809;52,43763362
114965;11;4;4061757;Forst Grunewald;4200207;2018;8;11;1;3;3;6;0;0;1;0;0;0;0;0;788409,8866;5822754,926;13,24756792;52,4785783
114966;11;2;2050602;Samariterviertel;2500729;2018;6;17;3;2;3;6;0;0;1;0;1;0;0;0;803582,6746;5827583,221;13,47470449;52,51363102
114967;11;7;7070703;John-Locke-Stra�e                                                                                   ;7601544;2018;7;8;3;2;5;3;0;0;1;0;1;0;0;0;799926,0003;5813390,703;13,40823633;52,38843842
114968;11;7;7010104;Dennewitzplatz;7100206;2018;6;13;4;3;5;7;0;0;1;0;1;0;0;0;796007,6973;5824783,57;13,36091907;52,49269837
114969;11;2;2050602;Samariterviertel;2500727;2018;5;15;1;3;0;2;0;1;1;0;0;0;0;0;802592,2243;5827701,512;13,4602613;52,51524161
114970;11;6;6030605;Botanischer Garten;6300629;2018;4;18;6;3;2;6;1;0;1;0;0;0;0;1;792313,4614;5819652,934;13,3021661;52,4486939
114971;11;4;4010101;Jungfernheide;4100101;2018;12;22;5;2;3;6;2;0;1;0;0;0;1;1;791510,7598;5830583,943;13,29995551;52,54711816