OBJECTID;LAND;BEZ;LOR;STRASSE;LOR_ab_2021;UJAHR;UMONAT;USTUNDE;UWOCHENTAG;UKATEGORIE;UART;UTYP1;ULICHTVERH;IstRad;IstPKW;IstFuss;IstKrad;IstGkfz;IstSonstig;USTRZUSTAND;LINREFX;LINREFY;XGCSWGS84;YGCSWGS84
115315;11;11;11040926;Weitlingstra�e;11400931;2018;12;6;6;3;1;5;2;0;1;0;0;1;0;0;806474,052;5827354,318;13,51696838;52,5099627
115316;11;2;2050602;Samariterviertel;2500728;2018;9;10;5;3;0;6;0;1;0;1;0;0;0;0;802768,0756;5827668,006;13,46281435;52,51484371
115317;11;11;11030721;R�digerstra�e;11300725;2018;9;11;6;3;2;2;0;0;1;0;0;0;1;1;804851,93;5827450,494;13,49322891;52,51173357
115318;11;1;1011303;Alexanderplatzviertel;1100310;2018;7;8;4;3;0;7;0;1;1;0;0;0;0;0;799329,723;5827978,821;13,41257677;52,51952757
115319;11;3;3050923;Wei�enseer Spitze;3500934;2018;7;15;4;2;5;2;0;0;1;0;1;0;0;0;800250,6376;5831906,937;13,4296575;52,55423011
115320;11;11;11030721;R�digerstra�e;11300722;2018;5;9;5;3;2;2;0;0;1;0;0;0;0;0;803737,7902;5827568,567;13,47696988;52,51341333
115321;11;4;4041137;Flinsberger Platz;4400727;2018;2;16;3;3;2;6;2;0;1;0;0;0;0;0;791808,1386;5824108,216;13,29864837;52,48890524
115322;11;2;3071638;Winsstra�e;3701659;2018;11;11;4;2;8;1;0;0;1;0;0;0;0;0;799873,987;5828797,213;13,42131201;52,52656412
115323;11;1;1011303;Alexanderplatzviertel;1100310;2018;8;8;6;3;5;2;0;1;1;0;0;0;0;0;798784,6193;5828000,405;13,40458632;52,52001997
115324;11;10;10040830;Kaulsdorf S�d                                                                                       ;10400837;2018;3;9;5;2;5;3;0;0;1;0;0;0;0;1;811523,3922;5827129,611;13,59092035;52,50508922
115326;11;3;3061131;Falkplatz;3601142;2018;10;0;2;2;0;1;2;1;0;0;0;0;0;1;799164,7046;5830456,285;13,41238147;52,54182484
115327;11;2;2020203;Viktoriapark;2200209;2018;8;9;5;3;2;6;0;0;1;0;0;0;1;0;797746,2275;5824103,518;13,38584299;52,48565695
115328;11;1;1011102;Gro�er Tiergarten;1100102;2018;4;19;5;3;1;5;1;1;0;0;0;0;1;1;794854,6441;5827124,129;13,34605763;52,51430398
115329;11;4;4030622;Richard-Wagner-Stra�e;4300621;2018;4;1;6;3;2;6;2;0;1;0;0;0;0;0;792363,2797;5826678,656;13,30905771;52,51165161
115330;11;1;1011105;N�rdlicher Landwehrkanal                                                                            ;1100102;2018;5;11;5;3;5;3;0;0;1;0;0;0;1;0;796438,3703;5826319,76;13,36861126;52,50623515
115331;11;7;7050506;Birnhornweg;7501135;2018;12;16;5;3;6;2;1;0;1;1;0;0;0;1;798861,5308;5817211,875;13,3960512;52,42327263
115332;11;2;2020202;Rathaus Yorckstra�e;2200208;2018;9;20;6;3;0;6;2;0;1;0;0;0;0;1;797424,052;5825533,594;13,38238895;52,49865161
115333;11;6;6040702;D�ppel;6400736;2018;9;13;2;3;2;6;0;0;1;0;1;0;0;0;785397,199;5815564,737;13,19718561;52,41569313
115334;11;2;2050602;Samariterviertel;2500727;2018;6;16;7;3;6;7;0;1;0;1;0;0;0;0;802148,7907;5827722,962;13,45376596;52,51567969
115335;11;7;7030303;Grazer Platz;7300619;2018;7;11;5;3;2;6;0;0;1;0;0;0;0;0;795790,1476;5822629,348;13,35581269;52,47350539
115336;11;1;1011303;Alexanderplatzviertel;1100310;2018;5;17;5;3;3;6;0;0;1;0;0;0;0;0;799254,9859;5827906,651;13,41141366;52,51892169
115337;11;1;1011104;K�rnerstra�e                                                                                        ;1100104;2018;2;18;3;3;2;6;2;0;1;0;0;0;0;0;796241,6705;5825913,571;13,36536023;52,50270088
115338;11;5;5040935;Gro�-Glienicker Weg;5400942;2018;11;17;5;3;2;6;2;0;1;0;0;0;0;0;781848,6309;5824568,195;13,15274926;52,49826312
115340;11;3;3061332;Helmholtzplatz;3701657;2018;10;8;3;3;5;2;0;0;1;0;0;0;0;0;799988,741;5830196,777;13,42426155;52,53904575
115341;11;2;2040503;Richard-Sorge-Viertel;2400522;2018;8;8;1;2;2;6;0;0;1;0;0;0;0;0;801716,2533;5827775,796;13,44745902;52,5163927
115342;11;4;4020208;Kranzallee;4200206;2018;4;10;7;2;3;6;0;1;0;0;0;0;0;0;787689,7556;5825924,249;13,23973051;52,50737301
115343;11;12;12103219;Sch�fersee;12100204;2018;3;18;5;3;1;5;0;1;0;0;0;0;1;0;795601,4976;5833093,577;13,36234263;52,56741041
115344;11;3;3061332;Helmholtzplatz;3601348;2018;5;11;7;2;6;4;0;1;0;1;0;0;0;0;799800,3204;5830258,059;13,421547;52,53969873
115345;11;3;3071639;B�tzowstra�e;3701660;2018;10;18;2;3;5;3;1;1;0;0;0;1;0;1;800561,8475;5829824,815;13,43234989;52,53539598
115346;11;4;4030623;Ernst-Reuter-Platz;4300622;2018;2;19;3;3;3;2;2;0;1;0;1;0;0;0;793299,7389;5826849,666;13,32296801;52,51268192
115347;11;6;6040701;Wannsee;6400735;2018;11;16;6;1;6;4;2;0;1;1;0;0;0;1;782842,3468;5815847,167;13,15995946;52,41955183
115348;11;2;2050801;Traveplatz;2500830;2018;9;12;3;3;0;6;0;1;0;0;0;0;1;0;802158,3768;5827615,226;13,45380897;52,51470875
115349;11;10;10030726;Alt-Biesdorf;10300733;2018;8;13;3;3;3;6;0;0;1;0;0;1;0;0;809111,6974;5827397,13;13,55575013;52,50885826
115350;11;8;8020620;Tempelhofer Weg;8200624;2018;6;10;4;3;2;6;0;0;1;0;0;0;0;0;800780,616;5821607,011;13,42814445;52,46161674
115351;11;7;7030303;Grazer Platz;7300619;2018;7;16;3;2;8;1;0;0;1;0;1;0;0;0;795201,9682;5822473,713;13,34704051;52,47242842
115352;11;7;7040406;Germaniagarten;7400928;2018;6;16;4;3;8;1;0;0;0;0;1;0;0;0;799718,3475;5821444,668;13,41241024;52,46074522
115353;11;1;1044102;Schillerpark;1400940;2018;5;23;1;3;5;3;2;0;1;0;0;0;0;0;795879,057;5832057,27;13,36550171;52,55797019
115354;11;12;4010101;Jungfernheide;4100101;2018;4;14;6;2;2;6;0;0;1;0;1;0;0;0;791512,465;5830627,7;13,300019;52,54750952
115355;11;7;7050506;Birnhornweg;7501135;2018;12;11;6;3;2;6;0;0;1;0;0;0;0;1;798824,6708;5817300,36;13,39558979;52,42408592
115356;11;12;12103115;Breitkopfbecken;12100103;2018;10;15;3;3;2;6;0;0;1;0;1;0;0;1;795406,3283;5833601,445;13,35992383;52,57206891
115357;11;7;7030303;Grazer Platz;7300619;2018;2;14;3;3;2;6;0;0;1;0;0;0;0;0;796081,3999;5822740,184;13,36018658;52,47434115
115358;11;4;4020310;Park Ruhwald;4200308;2018;7;11;1;3;2;6;0;0;1;0;0;0;0;0;790409,6914;5828157,802;13,28164328;52,52595586
115359;11;4;4041137;Flinsberger Platz;4400727;2018;4;17;2;3;3;6;0;0;1;0;0;1;0;1;791546,2987;5824383,888;13,29504416;52,49151652
115360;11;2;2040503;Richard-Sorge-Viertel;2400522;2018;7;17;4;3;2;6;0;1;0;0;0;0;0;0;802043,5723;5827742,151;13,45223752;52,51590997
115361;11;1;1011303;Alexanderplatzviertel;1100310;2018;3;14;2;3;2;6;0;0;1;0;0;0;1;0;799108,2062;5827640,109;13,40901726;52,51661305
115362;11;1;1033203;Humboldthain Nordwest                                                                               ;1300836;2018;5;12;2;3;5;2;0;0;1;0;0;0;0;0;796184,661;5830195,038;13,36833544;52,54111108
115363;11;4;4020208;Kranzallee;4200206;2018;10;14;1;3;2;2;0;0;1;0;0;0;0;0;788364,8808;5826033,223;13,24974464;52,50799356
115364;11;3;3061332;Helmholtzplatz;3701657;2018;2;7;3;3;5;2;0;0;1;0;0;0;0;0;799972,748;5830201,544;13,42403075;52,53909728
115365;11;1;1044203;Leopoldplatz;1401049;2018;11;17;3;3;1;5;1;1;1;0;0;0;0;0;796020,571;5831396,877;13,36699416;52,55197353
115366;11;4;4041239;Stadion Wilmersdorf;4400830;2018;9;15;5;3;2;6;0;0;1;0;0;1;0;0;792422,499;5823332,282;13,30699008;52,4816204
115367;11;2;2050602;Samariterviertel;2500727;2018;8;8;3;3;0;6;0;0;1;0;1;0;0;0;802252,5101;5827738,231;13,45530366;52,51575908
115368;11;4;4020313;K�nigin-Elisabeth-Stra�e;4200311;2018;3;16;5;2;0;7;0;0;1;0;0;0;0;0;790746,3813;5826524,163;13,28516437;52,51113084
115369;11;12;12103117;Letteplatz;12100101;2018;6;22;5;3;5;3;2;0;0;0;1;0;1;0;795784,1984;5832509,011;13,36450918;52,56207113
115370;11;7;7020202;Volkspark (Rudolf-Wilde-Park);7200308;2018;6;18;6;3;1;5;0;0;1;0;1;0;0;0;795485,2065;5823370,765;13,35199313;52,48031671
115371;11;4;4020313;K�nigin-Elisabeth-Stra�e;4200311;2018;8;16;1;2;3;6;0;1;1;0;0;0;0;0;790573,148;5826384,561;13,28249704;52,5099716
115372;11;3;3020209;Niedersch�nhausen;3200206;2018;5;17;4;3;0;6;0;0;1;0;0;0;1;0;798250,8637;5834743,892;13,40280015;52,58075806
115373;11;7;7050502;Fritz-Werner-Stra�e                                                                                 ;7501133;2018;4;17;2;3;5;3;0;0;1;0;1;0;0;0;797428,3881;5817758,709;13,37552379;52,42895534
115374;11;12;12302212;Rollbergesiedlung;12601032;2018;12;12;3;3;6;2;0;0;0;1;0;0;1;1;792728,9413;5837423,112;13,32390795;52,60777467
115375;11;1;1011303;Alexanderplatzviertel;1100310;2018;9;14;3;3;2;6;0;0;1;0;0;0;0;0;799689,5016;5828459,825;13,41829671;52,52364141
115376;11;10;10030726;Alt-Biesdorf;10300733;2018;9;10;5;3;2;6;0;0;1;0;0;0;0;0;808474,886;5827450,451;13,54644622;52,50969656
115377;11;10;10030726;Alt-Biesdorf;10300733;2018;7;8;3;3;2;6;0;0;1;0;1;0;0;0;808450,3092;5827455,302;13,54608973;52,50975393
115378;11;10;10040933;Mahlsdorf S�d                                                                                       ;10400941;2018;7;22;3;3;5;3;2;1;1;0;0;0;0;1;813255,9964;5827202,777;13,61643278;52,50475294
115379;11;4;4030417;Schlo�stra�e;4300414;2018;5;18;3;3;5;2;0;1;1;0;0;0;0;1;791692,7132;5826587,555;13,29912485;52,51119391
115380;11;7;7050506;Birnhornweg;7501135;2018;2;6;3;3;5;2;0;0;1;0;0;0;0;1;798860,497;5817214,362;13,39603827;52,42329549
115381;11;7;7020203;Kaiser-Wilhelm-Platz;7200410;2018;11;19;2;3;0;1;2;0;0;0;1;0;0;0;795560,6186;5823858,148;13,35353243;52,48464493
115382;11;6;6030605;Botanischer Garten;6300629;2018;8;16;5;3;2;2;0;0;1;0;0;0;0;0;792503,5589;5819786,736;13,30507248;52,44979175
115384;11;1;1011303;Alexanderplatzviertel;1100310;2018;10;8;6;3;6;4;0;1;0;1;0;0;0;0;799169,5269;5828370,172;13,41057483;52,52312336
115385;11;12;12103115;Breitkopfbecken;12100103;2018;8;17;3;3;3;6;0;0;1;0;0;0;0;0;795346,5003;5833721,757;13,35915075;52,57317986
115386;11;3;3061126;Arnimplatz;3601141;2018;4;15;3;3;5;2;0;1;1;0;0;0;0;1;799196,2561;5831435,496;13,41372743;52,55058462
115387;11;10;10030727;Biesdorf S�d                                                                                        ;10300734;2018;4;9;5;3;1;5;0;0;0;0;1;0;1;0;810145,0923;5827124,965;13,57067439;52,50583275
115388;11;3;3040614;Pankow Zentrum                                                                                      ;3400723;2018;5;13;4;3;5;2;0;1;1;0;0;0;0;0;798368,7219;5833480,047;13,4033971;52,56936496
115389;11;7;7060601;Marienfelder Allee Nordwest;7601236;2018;11;14;6;3;3;6;0;1;0;0;0;0;0;0;797328,65;5817349,659;13,37369753;52,42534279
115390;11;10;10040830;Kaulsdorf S�d                                                                                       ;10400837;2018;12;17;3;3;2;2;2;1;1;0;0;0;0;0;811512,2842;5827115,362;13,59074389;52,50496787
115391;11;7;7050502;Fritz-Werner-Stra�e                                                                                 ;7501133;2018;9;8;5;3;5;2;0;0;1;0;1;0;0;0;798587,189;5817928,693;13,3926686;52,42984786
115392;11;1;1033203;Humboldthain Nordwest                                                                               ;1300836;2018;8;19;6;3;0;7;1;0;1;0;0;0;0;0;796331,3586;5830067,33;13,37037829;52,53988655
115393;11;4;4020311;Reichsstra�e;4200310;2018;6;14;6;3;2;6;0;0;1;0;0;0;0;0;789156,1562;5826158,702;13,26147998;52,50869968
115394;11;12;12103219;Sch�fersee;12100204;2018;7;22;4;3;6;4;2;1;0;1;0;0;0;0;795572,4867;5833199,669;13,36201039;52,56837718
115395;11;2;2050602;Samariterviertel;2500728;2018;5;19;4;3;3;6;0;0;1;0;1;0;0;0;802606,8461;5827684,174;13,46046035;52,5150781
115396;11;6;6040703;Nikolassee;6400737;2018;2;1;3;3;3;6;2;0;1;0;0;1;0;0;787469,5042;5821275,608;13,23248463;52,46581103
115397;11;4;4030417;Schlo�stra�e;4300414;2018;11;15;3;3;5;3;0;0;1;0;0;0;0;0;791859,781;5826594,454;13,3015857;52,5111664
115398;11;9;9010302;Sp�thsfelde;9100306;2018;6;10;2;3;2;6;0;0;1;0;0;0;0;0;803101,4496;5820895,674;13,46155431;52,45395875
115399;11;7;7050502;Fritz-Werner-Stra�e                                                                                 ;7501133;2018;12;10;6;3;5;2;0;0;1;0;0;0;0;1;798411,0626;5818350,632;13,39046234;52,43372617
115400;11;1;1011303;Alexanderplatzviertel;1100310;2018;10;22;7;3;3;6;2;0;1;0;0;0;0;0;799269,1886;5827886,555;13,41160427;52,51873376
115401;11;10;10040933;Mahlsdorf S�d                                                                                       ;10400940;2018;8;13;6;3;0;6;0;0;1;0;1;0;0;0;812749,9036;5827190,281;13,60898902;52,50493127
115402;11;1;1033203;Humboldthain Nordwest                                                                               ;1300836;2018;4;17;5;3;2;6;0;0;1;0;0;0;0;0;796262,0684;5830263,773;13,36953478;52,54168514
115403;11;2;2040701;Andreasviertel;2400521;2018;3;19;2;3;6;4;2;0;0;1;1;0;0;0;800636,7698;5827889,059;13,43170102;52,51800402
115404;11;4;4030417;Schlo�stra�e;4300414;2018;5;20;5;3;5;2;0;1;1;0;0;0;0;0;791692,7132;5826587,555;13,29912485;52,51119391
115405;11;4;4041133;G�terbahnhof Grunewald;4400725;2018;10;15;5;3;2;6;0;0;1;0;0;0;0;1;790579,109;5825138,761;13,28149734;52,49879975
115406;11;4;4030417;Schlo�stra�e;4300414;2018;2;15;2;3;2;6;0;0;1;0;0;0;0;0;790787,9026;5826429,269;13,28569156;52,51025798
115407;11;7;7070703;John-Locke-Stra�e                                                                                   ;7601544;2018;11;16;4;3;5;3;2;1;1;0;0;0;0;0;799849,6671;5813586,688;13,40729332;52,39023697
115408;11;2;2020203;Viktoriapark;2200209;2018;9;14;1;3;6;4;0;0;1;1;0;0;0;0;797740,163;5824223,89;13,38586147;52,48673926
115409;11;4;4030417;Schlo�stra�e;4300414;2018;8;21;6;3;5;3;2;1;1;0;0;0;0;0;791026,4348;5826458,269;13,28922176;52,51039075
115410;11;3;3010101;Bucher Forst;3100101;2018;6;15;2;3;9;1;0;0;0;0;0;0;1;0;803107,5881;5840233,057;13,47928566;52,62727155
115411;11;3;3010104;Lietzengraben;3100101;2018;7;16;2;3;0;1;0;0;0;0;1;0;0;0;799896,614;5839578,798;13,43139602;52,62318958
115412;11;9;9010102;Am Treptower Park Nord;9100101;2018;12;18;4;3;5;2;2;1;1;0;0;0;0;0;802752,5038;5825179,427;13,46032285;52,49254742
115413;11;3;3071633;Th�lmannpark;3701657;2018;9;13;6;3;6;4;0;0;1;1;0;0;0;0;800003,6399;5830309,818;13,42458263;52,54005076
115414;11;4;4030417;Schlo�stra�e;4300414;2018;9;9;7;3;6;2;0;0;1;1;0;0;0;0;791557,112;5826564,579;13,29711226;52,51106043
115415;11;4;4041137;Flinsberger Platz;4400727;2018;6;0;7;2;3;6;2;0;1;0;0;0;0;0;791495,1313;5824410,604;13,29431604;52,49178335
115416;11;7;7020203;Kaiser-Wilhelm-Platz;7200410;2018;7;23;5;3;3;6;2;0;1;0;1;0;0;0;795344,4814;5823687,236;13,35020733;52,48322978
115417;11;3;3061332;Helmholtzplatz;3601348;2018;5;1;5;3;5;3;2;1;1;0;0;0;0;0;799806,1822;5830256,904;13,42163212;52,53968515
115418;11;10;10010204;Wuhletalstra�e                                                                                      ;10100206;2018;2;4;2;2;5;3;2;0;1;0;0;0;0;2;808668,5532;5832837,395;13,55429323;52,55786352
115419;11;1;1011303;Alexanderplatzviertel;1100310;2018;11;12;4;3;2;6;0;0;1;0;0;0;0;0;799262,363;5827875,16;13,41149373;52,51863537
115420;11;12;12103218;Teichstra�e;12100205;2018;12;17;1;2;8;1;2;0;1;0;0;1;0;0;794556,3553;5833949,933;13,34772791;52,57565347
115421;11;7;7050501;Rathausstra�e                                                                                       ;7501030;2018;10;20;1;3;6;7;2;1;0;1;0;0;0;0;798118,854;5819198,624;13,38693312;52,44148685
115422;11;10;10010206;Ringkolonnaden;10100208;2018;8;14;7;3;5;3;0;1;1;0;0;0;0;0;808393,3978;5832185,197;13,54964147;52,55217456
115423;11;3;3040614;Pankow Zentrum                                                                                      ;3400723;2018;4;17;6;2;5;2;0;1;1;0;0;0;0;0;798368,1757;5833479,906;13,40338894;52,569364
115424;11;4;4041134;Bismarckallee;4400726;2018;3;18;4;2;5;3;2;0;1;0;0;0;0;1;791198,8988;5824628,879;13,29015601;52,49389829
115425;11;4;7030301;Friedenau;7200308;2018;5;16;6;3;2;6;0;0;1;0;0;0;0;0;794642,4711;5823120,308;13,33939848;52,47852687
115426;11;8;8020620;Tempelhofer Weg;8200624;2018;10;12;7;3;3;6;0;0;1;0;0;1;0;0;801028,6036;5821648,279;13,43182073;52,46185009
115427;11;7;7010104;Dennewitzplatz;7100205;2018;2;19;1;3;2;6;2;0;1;0;0;0;0;1;796019,1323;5825204,946;13,36146143;52,49646945
115428;11;4;4041137;Flinsberger Platz;4400727;2018;11;9;5;3;8;1;0;0;1;0;0;0;0;0;791613,5605;5824306,737;13,29596451;52,49078894
115429;11;7;7050506;Birnhornweg;7501135;2018;9;11;2;2;5;2;0;1;0;0;0;1;0;0;798866,4887;5817199,839;13,39611315;52,42316203
115430;11;1;1011102;Gro�er Tiergarten;1100102;2018;8;4;7;2;1;5;2;1;1;0;0;0;0;0;794718,5874;5827084,392;13,34402327;52,5140213
115431;11;4;4020311;Reichsstra�e;4200310;2018;6;9;3;3;0;4;0;0;0;1;0;0;1;0;789598,9259;5826230,134;13,26804785;52,50910522
115432;11;12;12302212;Rollbergesiedlung;12601032;2018;7;20;2;3;3;6;0;0;1;0;1;0;0;0;792772,5062;5837360,957;13,32449447;52,60719403
115433;11;2;2050601;Hausburgviertel;2500726;2018;6;10;4;2;2;7;0;0;1;0;0;0;0;0;801690,2044;5828862,874;13,44806228;52,52615066
115434;11;4;4030623;Ernst-Reuter-Platz;4300622;2018;5;19;7;3;2;2;0;0;1;0;0;0;0;0;793144,7111;5826806,975;13,3206525;52,51238255
115435;11;9;9020601;Schnellerstra�e                                                                                     ;9200613;2018;4;21;6;2;6;4;2;0;1;1;0;0;0;1;806374,8022;5821355,096;13,50999728;52,45625149
115436;11;11;11041022;Rosenfelder Ring;11401032;2018;12;19;5;3;0;1;2;0;0;0;1;0;0;1;805415,1827;5827399,376;13,501456;52,51096037
115437;11;3;3040614;Pankow Zentrum                                                                                      ;3400723;2018;10;10;2;3;2;6;0;0;1;0;0;0;0;0;798392,0767;5833449,787;13,40371345;52,56908093
115438;11;4;4020311;Reichsstra�e;4200310;2018;7;14;7;3;2;6;0;0;1;0;0;0;0;0;789080,247;5826147,349;13,26035476;52,50863814
115439;11;12;12103117;Letteplatz;12100101;2018;4;7;2;3;5;2;0;0;1;0;0;0;0;0;795828,3245;5832342,041;13,36500938;52,56055044
115440;11;3;3061434;Anton-Saefkow-Park;3601451;2018;7;9;3;3;0;2;0;1;1;0;0;0;0;0;800610,4241;5829896,884;13,4331291;52,53601516
115441;11;1;1011202;Unter den Linden Nord;1100206;2018;3;9;7;3;3;6;0;1;0;0;0;0;1;0;798255,3355;5827681,258;13,39652264;52,51744898
115442;11;1;1011105;N�rdlicher Landwehrkanal                                                                            ;1100102;2018;5;6;1;3;2;6;0;0;1;0;1;0;0;0;796433,0782;5826303,67;13,36851919;52,5060938
115443;11;1;1011303;Alexanderplatzviertel;1100310;2018;10;17;6;2;0;3;1;0;1;0;0;0;1;0;799159,2943;5827778,458;13,4098923;52,51782512
115444;11;2;2020203;Viktoriapark;2200209;2018;2;11;7;3;3;6;0;0;0;0;0;0;1;0;797741,9523;5824190,629;13,38585803;52,48644013
115445;11;3;3020209;Niedersch�nhausen;3200206;2018;11;17;1;3;4;1;1;0;1;0;0;0;0;1;798336,3327;5834780,063;13,40409035;52,58103543
115446;11;7;7040403;Manteuffelstra�e                                                                                    ;7400824;2018;9;22;3;3;2;6;2;0;1;0;0;0;0;0;797832,004;5822307,217;13,38549817;52,46950836
115447;11;2;2020202;Rathaus Yorckstra�e;2200208;2018;8;14;2;3;5;2;0;1;1;0;0;0;0;0;797899,3794;5825427,685;13,38927562;52,49744301
115448;11;3;3061332;Helmholtzplatz;3601348;2018;3;12;4;3;6;2;0;0;1;1;0;0;0;1;799963,0459;5830228,363;13,42391234;52,53934301
115449;11;2;2050602;Samariterviertel;2500729;2018;6;16;4;3;5;7;0;0;1;0;1;0;0;0;803562,541;5827585,549;13,47441083;52,51366309
115450;11;12;12103218;Teichstra�e;12100205;2018;10;13;4;2;3;2;0;0;1;0;0;0;0;0;794572,1942;5833817,901;13,34784366;52,57446134
115451;11;3;3071639;B�tzowstra�e;3701660;2018;6;14;6;3;0;1;0;1;0;0;0;0;0;0;800300,3475;5829451,015;13,42816838;52,53218966
115452;11;4;4041137;Flinsberger Platz;4400727;2018;8;9;7;3;0;7;0;0;1;0;0;1;0;0;791358,5898;5824525,399;13,29241103;52,49288538
115453;11;12;12103218;Teichstra�e;12100205;2018;5;19;3;3;6;7;1;0;1;1;0;0;0;0;795070,6832;5833734,542;13,35510402;52,57344406
115454;11;12;12231101;Hermsdorf;12400723;2018;4;7;2;3;0;7;0;1;0;0;0;0;1;0;792115,8535;5837983,606;13,31537482;52,61312904
115455;11;9;9010101;Elsenstra�e                                                                                         ;9100101;2018;12;18;2;3;5;3;2;0;1;0;0;0;0;1;802672,3976;5825211,754;13,45917593;52,49288159
115456;11;3;3010101;Bucher Forst;3100101;2018;9;8;3;3;2;6;0;0;1;0;0;0;0;0;802440,5812;5840367,704;13,46958458;52,62885011
115457;11;2;2050602;Samariterviertel;2500727;2018;9;11;4;3;3;6;0;1;0;0;0;0;0;0;802143,4035;5827758,336;13,45371893;52,51599974
115458;11;9;9010202;K�penicker Landstra�e;9100203;2018;6;15;4;3;5;3;0;1;1;0;0;0;0;0;804106,561;5824366,79;13,47946399;52,48451132
115459;11;2;2050602;Samariterviertel;2500729;2018;7;14;2;3;0;2;0;1;1;0;0;0;0;0;803605,1274;5827580,625;13,47503197;52,51359526
115460;11;6;6040702;D�ppel;6400736;2018;7;0;2;3;2;6;2;0;1;0;0;0;0;0;785309,8258;5816002,755;13,19627786;52,41966604
115461;11;4;4020311;Reichsstra�e;4200310;2018;5;14;3;3;2;6;0;1;1;0;0;0;0;0;789217,4313;5826168,645;13,26238895;52,50875634
115462;11;6;6040701;Wannsee;6400735;2018;2;13;7;3;5;3;0;0;1;0;0;0;0;1;782813,2924;5815840,12;13,15952741;52,41950366
115463;11;3;3061429;Greifswalder Stra�e;3601449;2018;11;10;2;3;5;2;0;1;1;0;0;0;0;0;800961,4408;5830515,329;13,43884885;52,54136466
115464;11;9;9020601;Schnellerstra�e                                                                                     ;9200613;2018;8;14;5;3;5;3;0;1;1;0;0;0;0;0;806291,87;5821460,333;13,50887712;52,45724115
115465;11;4;4020208;Kranzallee;4200206;2018;3;5;1;3;9;1;2;0;0;0;0;0;1;0;787886,8925;5825955,805;13,24265439;52,50755193
115467;11;7;7040401;Neu-Tempelhof;7400721;2018;10;1;6;3;1;5;2;0;1;0;0;0;0;0;797799,2791;5823043,042;13,38567476;52,47612205
115468;11;1;1011202;Unter den Linden Nord;1100206;2018;8;8;3;2;0;1;0;1;0;0;0;0;0;0;797314,3703;5827513,758;13,38254654;52,51646133
115469;11;12;12103115;Breitkopfbecken;12100103;2018;4;11;2;3;2;6;0;0;1;0;0;1;0;0;795539,7179;5833254,677;13,36157733;52,56888806
115470;11;4;4041137;Flinsberger Platz;4400727;2018;4;22;4;3;5;3;2;0;1;0;0;1;0;1;791546,2987;5824383,888;13,29504416;52,49151652
115471;11;1;1011104;K�rnerstra�e                                                                                        ;1100104;2018;5;16;3;3;3;6;0;1;1;0;0;0;0;0;796400,1473;5826256,664;13,36799357;52,50569032
115472;11;3;3061429;Greifswalder Stra�e;3601449;2018;11;1;5;3;0;1;2;0;0;0;1;0;0;0;801369,4958;5831020,899;13,4453062;52,54567058
115473;11;6;6040703;Nikolassee;6400737;2018;12;15;2;2;5;2;1;0;1;0;0;0;1;1;786514,3109;5816927,419;13,21473323;52,42732728
115474;11;3;3010104;Lietzengraben;3100101;2018;9;23;4;2;6;7;2;0;1;1;0;0;0;0;799545,3809;5840726,229;13,42726277;52,63366794
115475;11;11;11030721;R�digerstra�e;11300722;2018;8;16;6;3;3;6;0;0;0;0;1;0;1;0;804138,5585;5827528,456;13,48282075;52,51283052
115476;11;1;1011303;Alexanderplatzviertel;1100310;2018;6;14;6;3;1;5;0;1;1;0;0;0;1;0;798736,5897;5827951,579;13,40383671;52,51960863
115477;11;12;12103219;Sch�fersee;12100204;2018;7;16;4;3;3;6;0;1;1;0;0;0;0;0;795756,3558;5832665,485;13,36423911;52,56348888
115478;11;12;12301205;Waidmannslust;12500928;2018;2;13;7;3;2;6;0;0;1;0;0;0;0;1;792654,808;5837489,893;13,32287538;52,60841324
115479;11;1;1011304;Karl-Marx-Allee;1100311;2018;11;15;2;3;5;2;0;1;1;0;0;0;0;0;799989,895;5828081,402;13,42236975;52,52008427
115480;11;7;7050502;Fritz-Werner-Stra�e                                                                                 ;7501133;2018;6;19;7;3;0;1;0;1;0;0;0;0;0;0;798176,38;5818922,967;13,38753101;52,43898452
115481;11;2;2050602;Samariterviertel;2500727;2018;5;16;4;3;5;3;0;1;1;0;0;0;0;0;802586,285;5827702,138;13,46017461;52,51525052
115482;11;9;9010101;Elsenstra�e                                                                                         ;9100101;2018;12;17;5;2;6;4;2;0;1;1;0;0;0;1;802773,3513;5825330,027;13,46076584;52,49388567
115483;11;7;7040403;Manteuffelstra�e                                                                                    ;7400824;2018;10;20;6;2;3;6;2;0;1;0;0;0;0;0;797427,7396;5822327,366;13,37958235;52,46990921
115484;11;2;2050602;Samariterviertel;2500729;2018;2;20;7;3;6;4;2;0;0;1;1;0;0;0;803297,5213;5827613,532;13,47054296;52,51406133
115485;11;6;6040701;Wannsee;6400735;2018;8;14;4;3;4;6;0;0;1;0;0;0;0;0;778620,5817;5814909,314;13,09725986;52,41330762
115486;11;6;6010209;Feuerbachstra�e                                                                                     ;6100209;2018;4;21;4;3;9;1;2;0;0;0;1;0;0;0;794343,3796;5821520,749;13,33359588;52,4643489
115487;11;4;4030417;Schlo�stra�e;4300414;2018;3;13;6;3;2;6;0;0;1;0;0;1;0;0;790832,2622;5826661,427;13,28654623;52,51231562
115488;11;4;4030623;Ernst-Reuter-Platz;4300622;2018;5;19;4;3;3;2;0;0;1;0;0;0;0;0;793310,0247;5826831,892;13,32310348;52,51251705
115489;11;1;1033203;Humboldthain Nordwest                                                                               ;1300836;2018;10;12;4;3;0;4;0;0;1;1;0;0;0;0;796267,3152;5830468,043;13,3697941;52,54351335
115490;11;3;3040818;Pankow S�d                                                                                          ;3400826;2018;2;21;6;3;5;3;2;1;1;0;0;0;0;1;798986,4565;5832516,427;13,41161603;52,56038869
115491;11;4;4020209;Eichkamp;4200207;2018;11;18;2;3;2;6;2;0;1;0;0;0;0;1;789908,7247;5824956,188;13,27149059;52,4975195