OBJECTID;LAND;BEZ;LOR;STRASSE;LOR_ab_2021;UJAHR;UMONAT;USTUNDE;UWOCHENTAG;UKATEGORIE;UART;UTYP1;ULICHTVERH;IstRad;IstPKW;IstFuss;IstKrad;IstGkfz;IstSonstig;USTRZUSTAND;LINREFX;LINREFY;XGCSWGS84;YGCSWGS84
115492;11;2;2050602;Samariterviertel;2500727;2018;9;15;7;3;5;2;0;1;1;0;0;0;0;0;802177,644;5827745,738;13,45421055;52,51586785
115493;11;9;9020601;Schnellerstra�e                                                                                     ;9200613;2018;8;12;6;3;2;3;0;1;1;0;0;0;0;1;805472,548;5822262,588;13,49759055;52,46488993
115494;11;1;1011105;N�rdlicher Landwehrkanal                                                                            ;1100102;2018;6;16;1;3;0;6;0;0;1;0;0;0;1;0;796724,7582;5826661,015;13,37312259;52,50913847
115495;11;7;7040401;Neu-Tempelhof;7400720;2018;3;22;4;3;3;6;2;0;1;0;0;1;0;0;797778,0462;5823813,93;13,3860515;52,48304377
115496;11;3;3040614;Pankow Zentrum                                                                                      ;3400724;2018;7;14;1;2;3;6;0;0;1;0;1;0;0;0;800130,3163;5835060,852;13,43074186;52,58256564
115497;11;9;9020601;Schnellerstra�e                                                                                     ;9200613;2018;6;19;3;3;6;4;0;0;0;1;1;0;0;0;806265,4432;5821487,043;13,5085139;52,45749534
115498;11;2;2040701;Andreasviertel;2400521;2018;8;18;4;3;5;3;0;1;1;0;0;0;0;0;800456,2152;5827901,333;13,42905918;52,51821353
115499;11;9;9010401;Johannisthal West;9100407;2018;5;0;5;3;9;1;2;0;1;0;0;0;0;0;805288,0531;5819101,276;13,4919938;52,43665943
115500;11;12;12301203;Wittenau S�d                                                                                        ;12500926;2018;4;11;5;1;6;4;0;0;1;1;0;0;0;0;793901,8028;5835378,392;13,33936344;52,58881246
115501;11;3;3010104;Lietzengraben;3100101;2018;12;15;2;3;2;6;1;0;1;0;0;0;0;0;800402,2084;5839110,99;13,43841755;52,61871729
115502;11;1;1033203;Humboldthain Nordwest                                                                               ;1300836;2018;9;15;7;3;2;6;0;0;1;0;0;0;0;0;796276,0554;5830292,214;13,36976579;52,54193247
115503;11;3;3040614;Pankow Zentrum                                                                                      ;3400721;2018;9;21;7;3;2;6;2;0;1;0;1;0;0;0;798351,8008;5833475,669;13,40314424;52,56933499
115504;11;3;3050925;Komponistenviertel Wei�ensee;3500936;2018;7;18;6;2;6;4;0;0;0;1;0;0;1;0;802577,1913;5831700,967;13,46368111;52,55109655
115505;11;3;3020209;Niedersch�nhausen;3200206;2018;7;20;6;3;0;6;0;1;1;0;0;0;0;1;798035,5745;5834111,62;13,3990638;52,57520862
115506;11;2;2020202;Rathaus Yorckstra�e;2200208;2018;3;10;4;3;5;3;0;0;1;0;0;0;0;1;797856,6446;5825041,722;13,38830287;52,49400663
115507;11;3;3040513;Sch�nholz;3400620;2018;5;9;6;3;2;6;0;0;1;0;0;1;0;0;798016,8234;5833737,241;13,39845146;52,57186311
115508;11;4;4041133;G�terbahnhof Grunewald;4400725;2018;10;1;5;3;3;6;2;0;1;0;0;0;0;0;790545,659;5825195,717;13,28105566;52,49932817
115509;11;4;4030622;Richard-Wagner-Stra�e;4300621;2018;2;11;6;3;5;3;0;1;1;0;0;0;0;0;792253,8573;5826682,189;13,30745303;52,51174192
115510;11;7;7020203;Kaiser-Wilhelm-Platz;7200410;2018;11;9;6;2;0;7;0;1;0;0;0;0;0;1;795477,3537;5823815,549;13,35227205;52,48430813
115511;11;4;4030417;Schlo�stra�e;4300414;2018;9;8;2;3;5;2;0;1;1;0;0;0;0;0;791562,8522;5826544,321;13,29717886;52,51087575
115512;11;4;4041133;G�terbahnhof Grunewald;4400725;2018;8;13;7;3;2;6;0;0;1;0;0;0;0;0;790551,2361;5825186,22;13,2811293;52,49924007
115513;11;3;3061429;Greifswalder Stra�e;3601449;2018;3;8;4;2;0;1;0;0;0;0;0;0;1;1;801319,7984;5831009,203;13,44456493;52,54559323
115514;11;3;3030716;M�rchenland;3300517;2018;10;7;3;3;8;1;0;0;1;0;0;0;0;0;803421,9648;5833739,913;13,47796622;52,568901
115515;11;1;1011303;Alexanderplatzviertel;1100310;2018;8;15;5;3;0;6;0;0;1;0;0;0;0;0;799713,1429;5828481,035;13,41866324;52,52381853
115516;11;9;9020601;Schnellerstra�e                                                                                     ;9200613;2018;4;17;7;3;2;6;0;0;1;0;0;0;0;0;806554,5693;5821199,044;13,51249138;52,4547521
115517;11;3;3071633;Th�lmannpark;3701657;2018;4;1;7;3;5;2;2;0;1;0;0;0;1;0;800135,471;5830126,047;13,42635463;52,53833098
115518;11;2;2020202;Rathaus Yorckstra�e;2200208;2018;6;7;6;2;6;4;0;0;0;1;1;0;0;0;797835,7441;5824984,935;13,38794515;52,493509
115519;11;7;7050501;Rathausstra�e                                                                                       ;7501029;2018;12;17;6;3;3;2;1;0;1;0;0;0;1;1;797774,9782;5818925,202;13,38164532;52,43922324
115520;11;7;7020202;Volkspark (Rudolf-Wilde-Park);7200308;2018;9;22;1;3;6;4;2;0;1;1;0;0;0;0;795235,3288;5823510,512;13,34844812;52,4817046
115521;11;12;12103218;Teichstra�e;12100205;2018;9;7;3;3;5;2;0;1;1;0;1;0;0;0;794457,2678;5834356,35;13,34663091;52,5793503
115522;11;2;2050602;Samariterviertel;2500728;2018;6;8;3;3;2;6;0;0;1;0;0;0;0;0;802981,4494;5827661,936;13,46594358;52,51467082
115523;11;12;12214527;Alt-Tegel;12200515;2018;6;13;3;3;2;6;0;0;1;0;1;0;0;0;790720,8597;5834833,372;13,29206372;52,58563588
115524;11;9;9010202;K�penicker Landstra�e;9100203;2018;8;13;5;3;5;3;0;0;1;0;1;0;0;0;804106,561;5824366,79;13,47946399;52,48451132
115525;11;4;4030417;Schlo�stra�e;4300414;2018;5;13;6;3;3;6;0;0;1;0;1;0;0;0;791050,8094;5826480,921;13,28959971;52,51058083
115526;11;7;7040405;Rathaus Tempelhof;7400927;2018;4;8;5;3;2;6;0;0;1;0;0;0;0;0;798510,5261;5822090,452;13,39526341;52,46719499
115527;11;7;7020202;Volkspark (Rudolf-Wilde-Park);7200308;2018;12;19;3;3;6;2;2;0;1;1;0;0;0;0;795243,6619;5823530,625;13,34858828;52,48188039
115528;11;4;4041134;Bismarckallee;4400726;2018;9;22;7;2;8;1;2;0;0;0;1;0;0;0;790987,5014;5824646,157;13,28706612;52,49416593
115529;11;2;2050602;Samariterviertel;2500727;2018;7;20;7;3;0;1;2;0;0;0;1;0;0;1;802136,6423;5827782,615;13,45364164;52,5162211
115530;11;7;7040401;Neu-Tempelhof;7400720;2018;4;12;1;3;5;2;0;1;1;0;0;0;0;0;797773,6006;5823587,907;13,38578435;52,48102015
115531;11;4;4020208;Kranzallee;4200206;2018;7;23;7;2;0;1;2;1;0;0;0;0;0;0;787703,8627;5825926,515;13,23993975;52,50738588
115532;11;4;4010101;Jungfernheide;4100101;2018;3;14;5;2;9;1;0;0;0;0;1;0;0;0;791363,0667;5830524,76;13,29773169;52,54666661
115533;11;7;7050502;Fritz-Werner-Stra�e                                                                                 ;7501133;2018;5;12;7;3;5;2;0;0;1;0;1;0;0;0;797576,5188;5818420,173;13,37828473;52,43480417
115534;11;3;3061131;Falkplatz;3601142;2018;10;11;6;3;4;6;0;1;0;0;0;0;0;0;799180,4343;5830868,028;13,41298356;52,54550684
115535;11;2;2050801;Traveplatz;2500830;2018;2;0;6;3;6;4;2;0;0;1;0;0;1;0;802162,325;5827635,241;13,45388515;52,51488596
115536;11;1;1011102;Gro�er Tiergarten;1100102;2018;11;18;7;3;1;5;2;0;1;0;0;0;1;0;794573,7072;5827073,99;13,34188525;52,51400632
115537;11;5;5040936;J�gerallee;5400943;2018;9;15;2;3;5;3;0;1;1;0;0;0;0;0;780179,7173;5822277,137;13,12630276;52,47857894
115538;11;4;4010101;Jungfernheide;4100101;2018;8;2;1;3;2;6;2;0;1;0;0;0;0;0;790598,5983;5828759,059;13,2849455;52,53124547
115539;11;7;7020202;Volkspark (Rudolf-Wilde-Park);7200308;2018;6;9;4;3;6;2;0;0;1;1;0;0;0;0;795243,9831;5823531,055;13,34859338;52,48188407
115540;11;1;1022202;Heidestra�e                                                                                         ;1200624;2018;10;10;4;3;2;1;0;0;1;0;0;0;0;0;796211,3075;5829076,741;13,36773044;52,53107218
115541;11;9;9020601;Schnellerstra�e                                                                                     ;9200613;2018;6;8;5;3;3;6;0;0;1;0;0;0;0;0;805745,9185;5821996,115;13,5013579;52,46234877
115542;11;4;4020208;Kranzallee;4200206;2018;8;15;6;2;5;7;0;0;1;0;0;0;0;0;787057,11;5825821,694;13,23034632;52,50678679
115543;11;2;2040701;Andreasviertel;2400521;2018;4;12;1;3;1;5;0;1;1;0;0;0;1;0;800285,9672;5827962,271;13,42661268;52,51885351
115544;11;9;9010101;Elsenstra�e                                                                                         ;9100101;2018;4;13;7;3;2;3;0;1;1;0;0;0;0;0;802580,9973;5825077,028;13,45771144;52,49172472
115545;11;7;7050501;Rathausstra�e                                                                                       ;7501030;2018;6;21;6;2;6;4;2;0;1;1;0;0;0;1;797913,1305;5820264,724;13,38486611;52,45115541
115546;11;1;1011303;Alexanderplatzviertel;1100310;2018;12;18;1;3;5;2;2;0;1;0;0;0;0;1;799800,6448;5828626,121;13,4200799;52,52507089
115547;11;1;1011303;Alexanderplatzviertel;1100310;2018;9;14;2;3;5;2;0;0;1;0;1;0;0;1;799571,012;5828269,929;13,41638443;52,5220044
115548;11;1;1011105;N�rdlicher Landwehrkanal                                                                            ;1100102;2018;9;11;3;3;5;3;0;1;1;0;0;0;0;0;796625,068;5826727,658;13,3717174;52,50979008
115549;11;4;4020310;Park Ruhwald;4200308;2018;6;10;4;3;5;3;0;0;1;0;0;1;0;0;790486,0915;5827611,232;13,28228885;52,52101515
115550;11;5;5020524;Weinmeisterhornweg;5200528;2018;7;18;1;3;2;6;0;0;1;0;0;0;0;0;783766,1142;5826646,988;13,18269201;52,51590835
115551;11;7;7070701;Kettinger Stra�e/Schillerstra�e                                                                     ;7601442;2018;5;17;2;2;6;4;0;0;1;1;0;0;0;0;799487,0445;5815763,179;13,40392623;52,40994491
115552;11;7;7030303;Grazer Platz;7300619;2018;2;5;6;3;3;3;2;0;1;0;0;0;1;1;795148,9877;5822958,525;13,3466918;52,47680307
115553;11;2;2020202;Rathaus Yorckstra�e;2200208;2018;11;14;1;3;2;6;0;0;1;0;0;0;1;0;797902,9324;5825411,126;13,389313;52,49729263
115555;11;10;10030726;Alt-Biesdorf;10300733;2018;10;20;4;3;2;6;2;0;1;0;0;0;0;0;809468,5088;5827395,596;13,56098936;52,50864223
115556;11;3;3071639;B�tzowstra�e;3701660;2018;8;18;2;3;3;6;0;1;0;0;0;0;0;0;800477,2773;5829688,181;13,43098327;52,53421793
115557;11;3;3061332;Helmholtzplatz;3601347;2018;4;20;1;3;2;6;2;0;1;0;0;0;0;0;799235,1354;5830360,462;13,4133306;52,54092726
115558;11;3;3071633;Th�lmannpark;3701657;2018;4;9;3;3;5;3;0;0;1;0;0;0;0;1;800149,2055;5830150,165;13,42657832;52,53853959
115559;11;7;7020203;Kaiser-Wilhelm-Platz;7200411;2018;5;21;2;3;3;6;1;1;1;0;0;0;0;0;795880,3644;5824304,104;13,3586233;52,48846939
115560;11;4;4020314;Messegel�nde;4200311;2018;10;8;4;3;2;6;0;0;1;0;0;0;0;0;790421,0978;5825473,851;13,27946843;52,50188799
115561;11;1;1011304;Karl-Marx-Allee;1100311;2018;2;9;6;3;0;7;0;1;0;0;0;0;0;0;800254,4093;5828002,223;13,42618505;52,51922899
115562;11;12;12103117;Letteplatz;12100101;2018;12;1;2;3;5;7;2;0;1;0;0;0;0;1;795827,7331;5832345,425;13,3650037;52,56058109
115563;11;12;12231101;Hermsdorf;12400723;2018;9;11;4;3;6;7;0;0;0;1;0;0;1;0;791934,5504;5838806,443;13,313431;52,62060281
115564;11;4;4010101;Jungfernheide;4100101;2018;8;11;5;3;2;6;0;0;1;0;0;0;0;1;791232,3482;5829749,244;13,29512952;52,53978412
115565;11;7;7040403;Manteuffelstra�e                                                                                    ;7400824;2018;6;18;5;3;2;6;0;0;1;0;0;0;1;0;797421,6179;5822327,373;13,3794925;52,46991261
115566;11;4;4020313;K�nigin-Elisabeth-Stra�e;4200311;2018;7;16;3;3;2;6;0;0;1;0;0;1;0;0;790696,4357;5826340,26;13,28426986;52,50950876
115567;11;1;1033203;Humboldthain Nordwest                                                                               ;1300836;2018;2;12;5;3;2;6;0;0;1;0;0;0;0;0;796258,4377;5830152,105;13,36938183;52,54068612
115568;11;1;1011201;Wilhelmstra�e                                                                                       ;1100205;2018;11;17;7;3;6;4;2;1;0;1;0;0;0;0;797059,1533;5826733,893;13,37810032;52,50960976
115569;11;12;12301205;Waidmannslust;12500928;2018;6;15;6;3;5;2;0;1;1;0;0;0;0;0;792378,171;5837732,302;13,31901593;52,61073518
115570;11;1;1033203;Humboldthain Nordwest                                                                               ;1300836;2018;5;8;3;3;2;2;0;0;1;0;1;0;0;0;796186,7647;5830192,859;13,36836443;52,5410904
115571;11;12;12301204;Wittenau Nord                                                                                       ;12500927;2018;12;9;3;3;2;6;0;0;1;0;0;0;0;0;793389,7156;5836248,031;13,33259648;52,59688464
115572;11;4;4030623;Ernst-Reuter-Platz;4300622;2018;10;12;5;3;2;6;0;0;1;0;0;0;0;0;793337,6288;5826847,942;13,32352323;52,51264609
115573;11;1;1011303;Alexanderplatzviertel;1100310;2018;2;11;5;3;6;4;0;0;1;1;0;0;0;0;799200,629;5828377,73;13,41103868;52,52317404
115574;11;7;7030303;Grazer Platz;7300619;2018;7;16;2;3;3;6;0;0;1;0;0;0;0;0;795484,6342;5822745,354;13,35143056;52,47471066
115575;11;4;4020313;K�nigin-Elisabeth-Stra�e;4200311;2018;4;18;4;3;2;6;1;0;1;0;0;0;0;0;790581,2861;5827305,66;13,28342099;52,51822496
115576;11;1;1044201;Reinickendorfer Stra�e                                                                              ;1401044;2018;7;13;1;3;2;6;0;0;1;0;0;0;0;0;796164,0224;5831066,58;13,36880912;52,54893478
115577;11;4;4010101;Jungfernheide;4100101;2018;3;5;5;3;2;7;1;0;1;0;0;0;0;0;791186,6502;5829531,563;13,29426685;52,53785705
115578;11;3;3050925;Komponistenviertel Wei�ensee;3500936;2018;5;13;4;2;6;4;0;0;1;1;0;0;0;0;801837,7925;5831390,197;13,45252671;52,54872135
115579;11;4;4030417;Schlo�stra�e;4300414;2018;10;12;3;3;2;6;0;0;1;0;1;0;0;1;790807,9332;5826520,337;13,28606545;52,51106372
115580;11;6;6040701;Wannsee;6400735;2018;2;11;5;3;6;4;0;0;1;1;0;0;0;0;782644,0175;5815809,555;13,15701906;52,41931705
115581;11;7;7030301;Friedenau;7200308;2018;11;13;1;2;2;7;0;0;1;0;0;0;0;0;794571,8719;5823117,065;13,33835909;52,47853587
115582;11;1;1011303;Alexanderplatzviertel;1100310;2018;9;8;6;3;5;2;0;1;1;0;0;0;0;0;798786,1092;5828001,92;13,40460957;52,52003273
115583;11;11;11030721;R�digerstra�e;11300724;2018;8;11;5;3;5;2;0;1;0;0;0;0;1;0;804512,5041;5827504,926;13,48829259;52,512411
115584;11;11;11010101;Dorf Malchow;11100101;2018;6;11;6;3;6;7;0;0;0;1;0;0;1;0;803672,2904;5835018,319;13,48281907;52,58021921
115585;11;5;5020524;Weinmeisterhornweg;5200528;2018;6;15;7;3;5;2;0;1;1;0;0;0;0;0;783506,2531;5826702,061;13,17891968;52,5165373
115586;11;9;9020601;Schnellerstra�e                                                                                     ;9200613;2018;6;8;2;3;5;2;0;1;1;0;0;0;0;0;806127,562;5821626,403;13,50661876;52,45882159
115587;11;1;1011204;Leipziger Stra�e                                                                                    ;1100207;2018;8;16;3;3;2;6;0;0;1;0;1;0;0;0;798627,6176;5827029,784;13,40140814;52,51140568
115588;11;4;4041137;Flinsberger Platz;4400727;2018;5;10;5;3;2;6;0;0;1;0;0;0;0;0;791935,907;5824007,083;13,30043619;52,48793028
115589;11;12;12302211;L�barser Stra�e;12601031;2018;4;17;4;2;5;2;0;0;0;0;1;0;1;0;793270,9396;5836665,289;13,33121751;52,60068916
115590;11;3;3061434;Anton-Saefkow-Park;3601451;2018;12;15;6;2;3;6;1;1;0;0;0;0;1;0;800744,9398;5829803,956;13,43502227;52,53510802
115591;11;3;3061434;Anton-Saefkow-Park;3601451;2018;9;10;6;3;5;2;0;1;1;0;0;0;0;0;800623,1587;5829919,632;13,43333687;52,53621203
115592;11;3;3071633;Th�lmannpark;3701657;2018;9;9;6;2;3;6;0;1;1;0;0;0;0;0;800014,4869;5830184,366;13,42462882;52,53892033
115593;11;1;1011303;Alexanderplatzviertel;1100310;2018;7;6;5;3;5;3;0;1;1;0;0;0;0;0;799696,8678;5828513,153;13,41845302;52,52411536
115594;11;4;4020209;Eichkamp;4200207;2018;7;16;5;3;2;6;0;0;1;0;0;0;0;0;789739,7337;5824727,62;13,26880938;52,49556008
115595;11;6;6030503;Zehlendorf Mitte                                                                                    ;6300526;2018;3;21;2;3;6;4;2;0;1;1;0;0;0;0;789593,9345;5817957,006;13,2607921;52,4349366
115596;11;1;1011304;Karl-Marx-Allee;1100311;2018;5;17;5;3;5;2;0;1;1;0;0;0;0;0;799980,2391;5828085,478;13,42223154;52,52012612
115597;11;7;7050502;Fritz-Werner-Stra�e                                                                                 ;7501133;2018;2;7;5;3;0;6;0;0;1;0;0;0;1;1;798273,3864;5818675,16;13,38873273;52,4367103
115598;11;2;2050602;Samariterviertel;2500728;2018;11;16;4;3;2;6;1;0;1;0;0;0;0;0;802627,9772;5827682,055;13,46076887;52,51504738
115599;11;4;4020311;Reichsstra�e;4200310;2018;9;0;1;2;5;7;2;0;1;0;0;0;0;0;789740,3379;5826253,093;13,27014565;52,50923596
115600;11;6;6010209;Feuerbachstra�e                                                                                     ;6100209;2018;8;8;7;2;2;1;0;0;0;0;1;0;1;0;793989,3095;5821092,653;13,32802202;52,46070181
115602;11;3;3040614;Pankow Zentrum                                                                                      ;3400721;2018;10;16;2;3;2;6;0;1;1;0;0;0;0;0;798130,4363;5833537,935;13,39994374;52,5700144
115603;11;12;12231101;Hermsdorf;12400723;2018;8;9;5;2;2;6;0;0;0;0;0;0;1;0;792084,3259;5838534,93;13,31539735;52,61808834
115604;11;2;2050602;Samariterviertel;2500727;2018;4;9;6;3;5;2;0;1;1;0;0;0;0;0;802177,13;5827747,695;13,45420478;52,51588567
115605;11;9;9010101;Elsenstra�e                                                                                         ;9100101;2018;4;13;6;3;5;2;0;0;1;0;0;0;0;0;802670,0955;5825215,831;13,45914583;52,49291941
115606;11;7;7040403;Manteuffelstra�e                                                                                    ;7400824;2018;5;16;5;3;0;3;0;1;1;0;0;0;0;0;797846,189;5822368,397;13,38576099;52,47004903
115607;11;10;10010204;Wuhletalstra�e                                                                                      ;10100206;2018;12;17;5;3;6;2;2;0;0;1;0;0;1;1;808678,0344;5832820,06;13,55441652;52,55770279
115608;11;3;3061434;Anton-Saefkow-Park;3601451;2018;9;9;1;2;0;2;0;1;1;0;0;0;0;0;800927,9635;5829707,804;13,43762543;52,53414517
115609;11;4;4030417;Schlo�stra�e;4300414;2018;9;9;2;3;3;6;0;0;1;0;0;0;0;0;791685,2392;5826564,835;13,29899512;52,51099423
115610;11;6;6010101;Fichtenberg;6100101;2018;6;17;1;3;2;6;0;0;1;0;0;0;0;1;793323,7095;5820315,108;13,31757038;52,45408902
115611;11;10;10030726;Alt-Biesdorf;10300733;2018;7;14;6;3;2;6;0;0;1;0;0;0;0;0;808336,1636;5827443,745;13,54440244;52,50971488
115612;11;1;1011102;Gro�er Tiergarten;1100102;2018;5;16;6;3;1;1;0;1;1;0;0;0;0;0;794561,709;5827071,963;13,34170716;52,51399463
115613;11;12;12304314;Ziekowstra�e/Freie Scholle;12500824;2018;2;6;5;3;5;3;2;0;1;0;0;1;0;0;790294,6929;5835661,502;13,28651684;52,59328755
115614;11;3;3061434;Anton-Saefkow-Park;3601451;2018;11;7;6;3;5;3;0;1;1;0;0;0;0;1;800657,4178;5830026,601;13,43393722;52,53715192
115616;11;7;7060601;Marienfelder Allee Nordwest;7601236;2018;10;21;3;3;4;6;2;0;1;0;0;0;0;0;796843,5939;5816320,904;13,36567217;52,41638418
115617;11;4;4020311;Reichsstra�e;4200310;2018;8;13;1;2;0;3;0;0;1;0;1;0;1;0;789685,3167;5826244,128;13,2693294;52,5091848
115618;11;3;3061434;Anton-Saefkow-Park;3601451;2018;4;15;7;3;5;3;0;1;1;0;1;0;0;0;800862,8064;5830308,839;13,43721186;52,53956832
115619;11;4;4030417;Schlo�stra�e;4300414;2018;3;14;7;3;2;6;0;0;1;0;0;0;0;1;791593,5211;5826570,784;13,29765268;52,51109659
115620;11;12;12103218;Teichstra�e;12100205;2018;5;15;1;2;5;3;0;0;1;0;1;0;0;1;794565,602;5833812,13;13,34774154;52,57441318
115621;11;1;1044201;Reinickendorfer Stra�e                                                                              ;1401044;2018;10;18;3;2;5;2;2;0;1;0;1;0;0;1;796045,6776;5831343,235;13,36731554;52,55147904
115622;11;9;9020601;Schnellerstra�e                                                                                     ;9200613;2018;1;21;4;3;5;3;2;0;1;0;0;0;0;1;806642,9342;5821094,159;13,51369142;52,45376252
115623;11;7;7020203;Kaiser-Wilhelm-Platz;7200411;2018;11;17;6;3;2;6;2;0;1;0;0;0;0;1;795884,6068;5824312,952;13,35869346;52,48854641
115624;11;12;12301203;Wittenau S�d                                                                                        ;12500930;2018;9;15;3;2;5;3;0;1;0;0;1;0;0;0;794080,7153;5835049,513;13,34170487;52,58576762
115625;11;7;7070703;John-Locke-Stra�e                                                                                   ;7601544;2018;8;13;3;3;2;6;0;0;1;0;0;0;0;0;799987,8177;5813349,703;13,4091053;52,38803706
115626;11;3;3010101;Bucher Forst;3100101;2018;6;14;4;2;2;6;0;0;1;0;0;1;0;0;800803,1941;5840847,569;13,44590288;52,63406031
115627;11;12;12231101;Hermsdorf;12400723;2018;7;14;3;3;1;5;0;0;1;0;0;0;1;0;792198,0757;5838115,704;13,31670241;52,61426904
115628;11;1;1011303;Alexanderplatzviertel;1100310;2018;6;17;4;3;2;6;0;1;0;0;1;0;0;0;799783,9633;5828599,347;13,41981062;52,52484007
115629;11;9;9020601;Schnellerstra�e                                                                                     ;9200613;2018;5;18;2;3;6;4;0;0;1;1;0;0;0;0;806602,9241;5821133,392;13,51314049;52,45413658
115630;11;4;4030622;Richard-Wagner-Stra�e;4300621;2018;4;21;7;3;5;2;2;0;1;0;0;0;0;0;792740,6514;5826763,706;13,31467737;52,51221166
115631;11;2;2050601;Hausburgviertel;2500726;2018;7;7;7;3;6;4;0;1;0;1;0;0;0;0;801867,7331;5828501,891;13,45034348;52,5228169
115632;11;1;1011303;Alexanderplatzviertel;1100310;2018;5;8;7;3;2;6;0;1;1;0;0;0;0;0;799237,9532;5827884,012;13,41114302;52,5187281
115633;11;3;3071639;B�tzowstra�e;3701660;2018;1;14;4;3;1;5;0;1;1;0;0;0;0;0;800432,3519;5829615,033;13,43025682;52,53358705
115634;11;4;4041137;Flinsberger Platz;4400727;2018;11;19;6;3;2;6;2;0;1;0;0;0;0;0;791823,412;5824092,117;13,29885858;52,48875275
115636;11;10;10030726;Alt-Biesdorf;10300733;2018;10;3;4;3;8;1;2;0;0;0;1;0;0;0;809579,2344;5827360,211;13,56258273;52,5082623
115637;11;7;7030303;Grazer Platz;7300619;2018;8;15;2;3;2;2;0;0;1;0;0;0;0;0;795643,4244;5823230,766;13,35419197;52,4789761
115638;11;4;4020314;Messegel�nde;4200311;2018;4;18;1;3;2;6;0;0;1;0;0;0;0;0;790542,4081;5825429,929;13,28121224;52,50142963
115639;11;7;7070701;Kettinger Stra�e/Schillerstra�e                                                                     ;7601442;2018;4;17;1;2;0;6;0;0;1;0;1;0;0;1;799217,4852;5816357,72;13,40050651;52,41542165
115640;11;4;4030623;Ernst-Reuter-Platz;4300622;2018;5;7;2;3;5;2;0;1;0;0;0;0;1;0;793491,4512;5826890,32;13,32582078;52,51294324
115641;11;3;3061429;Greifswalder Stra�e;3601449;2018;10;17;3;3;5;2;1;0;1;0;0;0;1;1;801346,2598;5831001,241;13,44494675;52,54550723
115642;11;12;12103219;Sch�fersee;12100204;2018;1;12;4;3;6;4;0;1;0;1;0;0;0;1;795622,0499;5833040,251;13,36259746;52,56692124
115643;11;4;4030622;Richard-Wagner-Stra�e;4300621;2018;12;18;7;2;6;2;2;0;1;1;0;0;0;0;792266,4468;5826684,043;13,30763964;52,5117518
115644;11;1;1011102;Gro�er Tiergarten;1100102;2018;9;11;3;3;5;3;0;1;0;0;0;0;0;0;796452,169;5827377,032;13,36975571;52,51570506
115645;11;1;1011303;Alexanderplatzviertel;1100310;2018;8;14;4;2;0;2;0;1;1;0;0;0;0;0;799571,012;5828269,929;13,41638443;52,5220044
115646;11;3;3061131;Falkplatz;3601142;2018;6;15;4;3;3;6;0;1;0;0;0;0;0;0;799163,4073;5830573,406;13,41246787;52,54287536
115647;11;3;3061429;Greifswalder Stra�e;3601449;2018;7;19;3;3;5;2;0;1;1;0;0;0;0;0;800934,3265;5830473,272;13,43841215;52,54100266
115648;11;2;2050602;Samariterviertel;2500728;2018;1;16;4;3;6;4;0;1;0;1;0;0;0;0;802939,2858;5827650,016;13,46531329;52,51458741
115649;11;2;2050602;Samariterviertel;2500728;2018;11;14;6;3;5;2;0;1;1;0;0;0;0;0;803091,936;5827650,727;13,46755656;52,51450897
115650;11;2;2020202;Rathaus Yorckstra�e;2200208;2018;6;10;5;3;1;7;0;0;1;0;1;0;0;0;797783,7862;5825472,803;13,38761823;52,49791052
115651;11;3;3040614;Pankow Zentrum                                                                                      ;3400723;2018;5;16;3;3;6;4;0;0;0;1;0;0;1;0;798381,286;5833469,14;13,40357212;52,56926031
115652;11;4;4020208;Kranzallee;4200206;2018;12;10;1;3;2;6;0;0;1;0;0;0;0;1;788474,134;5826050,803;13,25136517;52,50809342
115653;11;3;3061332;Helmholtzplatz;3701657;2018;10;21;3;3;0;1;2;0;0;0;1;0;0;1;799978,246;5830225,344;13,42413306;52,53930758
115654;11;9;9010101;Elsenstra�e                                                                                         ;9100101;2018;1;15;4;3;2;6;0;0;1;0;1;0;0;1;802615,9453;5825142,101;13,45828371;52,49228859
115655;11;4;4030622;Richard-Wagner-Stra�e;4300621;2018;7;19;2;3;3;6;0;1;0;0;0;0;0;0;791992,9921;5826637,911;13,30358114;52,51148469
115656;11;12;4010101;Jungfernheide;4100101;2018;4;17;3;3;2;6;0;0;1;0;0;0;0;0;791582,4733;5830752,351;13,30115796;52,54858952
115657;11;1;1011303;Alexanderplatzviertel;1100310;2018;7;15;5;3;5;2;0;1;0;0;0;0;1;0;798797,7303;5827985,893;13,40476594;52,5198827
115658;11;7;7040403;Manteuffelstra�e                                                                                    ;7400824;2018;3;13;4;2;3;6;0;0;1;0;0;1;0;0;797375,3875;5822340,36;13,3788255;52,4700542
115659;11;4;4030622;Richard-Wagner-Stra�e;4300621;2018;5;13;3;2;6;4;0;0;1;1;0;0;0;0;792535,0015;5826729,07;13,3116252;52,5120115
115660;11;7;7050502;Fritz-Werner-Stra�e                                                                                 ;7501133;2018;10;10;2;3;5;3;0;0;1;0;0;0;0;0;797517,8794;5818161,665;13,37719466;52,4325188
115661;11;12;12214527;Alt-Tegel;12200515;2018;1;17;2;2;2;6;1;0;1;0;0;0;1;0;790688,1414;5834901,369;13,29164181;52,58626295