OBJECTID;LAND;BEZ;LOR;STRASSE;LOR_ab_2021;UJAHR;UMONAT;USTUNDE;UWOCHENTAG;UKATEGORIE;UART;UTYP1;ULICHTVERH;IstRad;IstPKW;IstFuss;IstKrad;IstGkfz;IstSonstig;USTRZUSTAND;LINREFX;LINREFY;XGCSWGS84;YGCSWGS84
196977;11;8;8010404;Rixdorf;8100416;2018;1;22;6;3;1;5;2;0;1;0;0;0;0;1;801918,2272;5823104,974;13,44619333;52,47441591
196978;11;3;3030406;Alt-Karow;3300413;2018;1;17;3;3;3;6;2;0;1;0;0;0;1;1;803184,2825;5837985,523;13,4783551;52,60708517
196979;11;2;2020204;Urbanstra�e;2200210;2018;1;19;3;3;2;6;2;0;1;0;0;0;0;0;798309,5118;5825285,662;13,39517206;52,49594592
196980;11;7;7040405;Rathaus Tempelhof;7400927;2018;1;17;3;3;6;4;2;0;1;1;0;0;0;1;797841,3185;5820784,347;13,38427594;52,45585241
196981;11;8;8040933;Vogelviertel S�d;8401139;2018;1;17;3;3;5;3;2;0;1;0;0;0;0;1;803577,5693;5818638,586;13,46648895;52,43346439
196982;11;1;1044101;Rehberge;1400938;2018;1;16;2;3;5;3;1;1;1;0;0;0;0;0;794378,8064;5830798,291;13,34231947;52,54749743
196983;11;6;6010102;Schlo�stra�e                                                                                        ;6100102;2018;1;17;3;3;1;5;2;1;1;0;0;0;0;1;793353,6637;5820811,416;13,31844598;52,4585222
196984;11;4;4030931;Breitscheidplatz;4501042;2018;1;17;3;3;5;2;1;0;1;0;0;0;1;1;793987,2425;5826152,118;13,33245363;52,50605866
196985;11;9;9020701;Adlershof West;9200715;2018;1;17;3;3;5;2;2;0;1;0;0;0;0;1;807701,3581;5818375,174;13,52671501;52,42879969
196986;11;4;4020311;Reichsstra�e;4200309;2018;1;6;3;3;5;3;2;0;1;0;0;0;0;1;788806,5208;5827270,521;13,25730762;52,51885275
196987;11;6;6020305;Gemeindepark Lankwitz;6200315;2018;1;16;2;3;1;5;1;0;1;0;0;0;0;0;795618,1686;5817023,931;13,34832743;52,42334963
196988;11;5;5020523;Maulbeerallee;5200527;2018;1;5;2;3;1;7;2;0;0;0;0;0;1;0;783123,8234;5827372,959;13,17386993;52,52275145
196989;11;3;3050923;Wei�enseer Spitze;3500934;2018;1;0;2;3;6;4;2;0;1;1;0;0;0;1;800466,145;5831751,165;13,43268561;52,55271505
196990;11;8;8020726;Buckow West;8200831;2018;1;16;7;2;6;4;2;0;1;1;0;0;0;0;800003,5042;5816606,568;13,41225218;52,41722201
196991;11;10;10010308;Marzahner Chaussee;10100311;2018;1;0;2;2;6;7;2;0;0;1;0;0;1;1;807487,1167;5828839,02;13,5332208;52,52269858
196992;11;1;1011402;Arkonaplatz;1100416;2018;1;20;5;3;5;3;2;1;1;0;0;0;0;1;798681,8669;5829453,966;13,40438209;52,53310538
196993;11;8;8010303;Donaustra�e;8100314;2018;1;22;2;3;5;2;2;0;1;0;0;0;0;0;801016,6291;5823904,735;13,43368113;52,48208202
196994;11;9;9030901;Dorf Altglienicke;9300920;2018;1;15;3;3;5;2;1;1;1;0;0;0;0;0;807577,0623;5815426,578;13,52218304;52,40244341
196995;11;6;6030609;Augustaplatz;6300633;2018;1;13;2;3;6;4;0;1;0;1;0;0;0;0;793233,1247;5819427,262;13,31546166;52,4461783
196996;11;10;10030727;Biesdorf S�d                                                                                        ;10300734;2018;1;13;2;2;5;7;0;1;1;0;0;0;0;0;808570,9674;5826236,394;13,54673238;52,498762
196997;11;1;1011302;Oranienburger Stra�e                                                                                ;1100309;2018;1;7;2;3;5;3;1;0;1;0;0;0;0;0;798288,1081;5828776,44;13,39798639;52,5272479
196998;11;7;7030303;Grazer Platz;7300619;2018;1;6;2;3;5;3;2;0;1;0;0;0;0;1;795765,654;5823107,736;13,35587737;52,47780704
196999;11;8;8010118;Silbersteinstra�e;8100104;2018;1;22;7;3;3;6;2;0;1;0;0;0;0;0;800835,7824;5822562,409;13,42981527;52,47014996
197000;11;8;8010301;Reuterkiez;8100312;2018;1;6;2;2;6;4;2;0;1;1;0;0;0;0;801270,0804;5824011,47;13,43749852;52,48289894
197001;11;1;1011302;Oranienburger Stra�e                                                                                ;1100310;2018;1;2;4;3;5;3;2;0;1;0;0;0;0;1;799101,0991;5828972,572;13,4101111;52,52856051
197002;11;5;5030731;Gartenfelder Stra�e                                                                                 ;5300737;2018;1;22;5;3;3;6;2;0;1;0;0;0;0;1;788021,7017;5829366,255;13,24758874;52,53805702
197003;11;1;1011402;Arkonaplatz;1100416;2018;1;2;7;2;5;3;2;1;1;0;0;0;0;0;798233,3043;5829630,34;13,39794701;52,53493195
197004;11;6;6030610;Lichterfelde West                                                                                   ;6300634;2018;1;4;2;3;6;2;2;0;1;1;0;0;0;1;791911,2672;5818950,828;13,29565137;52,44261443
197005;11;1;1011302;Oranienburger Stra�e                                                                                ;1100309;2018;1;17;4;3;2;6;2;0;1;0;1;0;0;1;798130,3005;5828965,318;13,39583647;52,52902726
197006;11;1;1011101;St�lerstra�e                                                                                        ;1100101;2018;1;1;2;3;6;4;2;0;0;1;0;0;1;0;795234,5531;5826609,608;13,35118338;52,50948618
197007;11;5;5010206;G�tersloher Weg;5100208;2018;1;7;3;3;8;1;1;0;1;0;0;0;0;0;781566,6628;5830692,305;13,15379251;52,55332079
197008;11;7;7050501;Rathausstra�e                                                                                       ;7501029;2018;1;1;2;3;5;3;2;0;1;0;0;0;0;0;797686,5205;5818766,622;13,38020659;52,4378499
197009;11;2;2020204;Urbanstra�e;2200210;2018;1;13;2;3;5;3;0;1;1;0;0;0;0;2;798006,796;5825260,653;13,39070383;52,49588712
197010;11;1;1022205;Zillesiedlung;1200627;2018;1;0;2;3;6;4;2;0;1;1;0;0;0;0;795678,1011;5828428,055;13,35931601;52,52554678
197011;11;5;5010209;An der Kappe;5100211;2018;1;0;2;2;6;7;2;0;0;1;0;0;1;0;783195,585;5829262,72;13,1765348;52,53965826
197012;11;9;9020502;Obersch�neweide Ost;9200511;2018;1;23;6;3;5;3;2;0;1;0;0;0;0;0;806945,5837;5822301,716;13,51924152;52,46441514
197013;11;1;1011101;St�lerstra�e                                                                                        ;1100101;2018;1;14;2;3;5;2;0;0;1;0;0;0;0;0;795249,9392;5826613,296;13,3514127;52,50951091
197014;11;9;9041301;Kietzer Feld/Nachtheide                                                                             ;9401329;2018;1;12;4;3;2;6;0;0;1;0;0;0;0;1;812866,6534;5819327,401;13,60333055;52,43440377
197015;11;9;9020701;Adlershof West;9200715;2018;1;14;2;3;5;3;0;0;1;0;0;0;0;0;807658,4892;5819360,406;13,52699303;52,43765367
197016;11;3;3061435;Conrad-Blenkle-Stra�e;3601452;2018;1;20;2;3;5;3;2;0;1;0;0;0;0;0;801612,0532;5829355,981;13,44736112;52,53061364
197019;11;1;1033202;Humboldthain S�d;1300835;2018;1;11;2;3;5;2;0;1;0;0;0;0;1;0;797763,3543;5829744,548;13,39114127;52,53621263
197021;11;1;1022103;Westhafen;1200517;2018;1;10;2;3;2;6;0;0;1;0;0;0;0;2;793502,1707;5829374,583;13,32817079;52,53520767
197023;11;8;8010301;Reuterkiez;8100312;2018;1;15;6;3;5;2;0;1;0;0;0;0;1;0;801553,2219;5824038,358;13,44167971;52,48298366
197025;11;2;2040701;Andreasviertel;2400623;2018;1;8;4;3;5;3;1;1;1;0;0;0;0;0;800286,7306;5827638,471;13,42633165;52,51595077
197027;11;1;1011204;Leipziger Stra�e                                                                                    ;1100207;2018;1;17;2;2;4;2;2;1;0;0;0;0;0;0;798641,957;5827121,154;13,4017008;52,51221685
197030;11;2;2040701;Andreasviertel;2400623;2018;1;17;7;2;6;4;2;0;1;1;0;0;0;0;800675,4682;5827588,712;13,43199819;52,5152906
197032;11;1;1011105;N�rdlicher Landwehrkanal                                                                            ;1100102;2018;1;16;5;3;6;2;2;0;1;1;0;0;0;1;796024,54;5826258,497;13,36247739;52,50591067
197033;11;2;2020203;Viktoriapark;2200209;2018;1;10;1;3;5;3;0;0;1;0;0;0;0;0;797112,7839;5823995,569;13,37644566;52,48503437
197035;11;5;5030731;Gartenfelder Stra�e                                                                                 ;5300737;2018;1;9;6;3;2;6;0;0;1;0;0;0;1;0;787944,5373;5830008,109;13,24701047;52,54385229
197037;11;1;1044201;Reinickendorfer Stra�e                                                                              ;1300733;2018;1;8;3;3;6;2;1;0;1;1;0;0;0;1;796983,4863;5831507,576;13,38125336;52,55244166
197040;11;4;4020311;Reichsstra�e;4200309;2018;1;10;2;2;5;2;0;1;1;0;0;0;0;0;788701,7246;5827368,719;13,25585267;52,51978861
197043;11;2;2020206;Graefekiez;2200213;2018;1;13;7;3;1;5;0;0;1;0;0;0;0;1;799909,2393;5824760,614;13,41819324;52,490363
197046;11;7;7030302;Cecilieng�rten;7300618;2018;1;9;3;3;2;7;0;0;1;0;0;0;1;0;794934,2506;5822645,766;13,34326263;52,47411539
197048;11;12;12301203;Wittenau S�d                                                                                        ;12500926;2018;1;13;2;3;1;7;0;0;1;0;0;0;0;0;793724,4832;5835830,84;13,33715472;52,59296411
197050;11;10;10020412;Alte Hellersdorfer Stra�e;10200417;2018;1;17;3;3;5;2;2;0;1;0;0;0;0;0;811351,7459;5831958,407;13,59292081;52,54845939
197053;11;12;12302108;M�rkisches Zentrum;12601134;2018;1;16;2;3;4;7;1;0;1;0;0;0;0;1;794755,5409;5836781,843;13,3531782;52,60093119
197056;11;1;1011201;Wilhelmstra�e                                                                                       ;1100205;2018;1;1;7;3;5;3;2;0;1;0;0;0;0;0;796960,2002;5826708,294;13,37662372;52,50943417
197058;11;8;8010301;Reuterkiez;8100310;2018;1;20;4;3;5;3;2;0;1;0;0;0;0;1;801011,8407;5824858,121;13,43447183;52,49063013
197060;11;5;5030730;Zitadellenweg;5300735;2018;1;21;2;3;2;6;2;0;1;0;0;0;0;0;786415,9755;5831181,539;13,22554407;52,55517859
197062;11;2;2010103;Moritzplatz;2100105;2018;1;11;2;3;5;2;0;1;1;0;0;0;0;0;799852,1354;5825758,162;13,41825258;52,49933585
197064;11;6;6030609;Augustaplatz;6300633;2018;1;16;6;2;0;2;2;0;1;0;1;0;0;0;793202,8184;5819802,673;13,31534653;52,44956003
197067;11;1;1044103;Westliche M�llerstra�e                                                                              ;1400942;2018;1;22;7;3;5;3;2;0;1;0;0;0;0;0;794898,9995;5831078,015;13,35021711;52,54972359
197069;11;4;4051551;Brabanter Platz;4501148;2018;1;14;4;3;2;6;0;0;1;0;0;0;0;0;792909,1877;5823181,148;13,31400352;52,48000468
197070;11;10;10010309;Springpfuhl;10100312;2018;1;18;5;3;0;2;2;0;1;0;0;0;1;1;808205,6994;5829234,036;13,54414463;52,52583299
197072;11;5;5010101;Hakenfelde Nord;5100101;2018;1;7;2;3;6;2;1;0;1;1;0;0;0;0;785297,0506;5832588,678;13,21029481;52,56838208
197074;11;8;8040933;Vogelviertel S�d;8401139;2018;1;17;1;3;1;5;2;1;1;0;0;0;0;0;802820,0435;5818885,905;13,45560423;52,43610101
197076;11;9;9010401;Johannisthal West;9100407;2018;1;14;6;3;6;4;0;0;1;1;0;0;0;0;806041,1478;5819998,005;13,50385881;52,44427552
197077;11;10;10020413;Gut Hellersdorf;10200418;2018;1;6;4;2;6;4;2;0;0;1;0;0;1;2;811295,8139;5831289,845;13,59147206;52,54250022
197078;11;7;7050503;Eisenacher Stra�e                                                                                   ;7501031;2018;1;16;2;3;5;2;2;0;1;0;0;0;0;0;798352,9234;5820497,775;13,39152681;52,4530046
197079;11;8;8041035;Blumenviertel;8401241;2018;1;16;1;3;5;3;1;0;1;0;0;0;0;0;804753,8236;5818467,768;13,48358189;52,43127937
197080;11;5;5020524;Weinmeisterhornweg;5200528;2018;1;21;2;2;4;1;2;0;1;0;0;0;0;0;783083,1434;5826835,236;13,1728143;52,51795118
197081;11;3;3040614;Pankow Zentrum                                                                                      ;3400724;2018;1;14;1;3;5;3;0;0;1;0;0;0;0;0;799460,7612;5834649,896;13,42051814;52,57925104
197082;11;9;9020701;Adlershof West;9200715;2018;1;19;2;2;9;1;2;0;1;0;0;0;0;0;808100,0149;5818639,923;13,5328038;52,43094807
197083;11;3;3061434;Anton-Saefkow-Park;3601451;2018;1;18;1;2;5;2;2;0;1;0;0;0;0;1;801478,1496;5829809,832;13,44580476;52,53475561
197084;11;1;1022206;L�neburger Stra�e                                                                                   ;1200628;2018;1;18;2;3;2;6;2;1;1;0;0;0;0;0;795688,9726;5828203,441;13,35927608;52,52352741
197085;11;8;8041036;Zittauer Stra�e;8401242;2018;1;21;1;3;1;5;2;0;1;0;0;0;0;0;804751,8896;5817436,395;13,48261384;52,42203649
197086;11;11;11020514;Gro�e-Leege-Stra�e;11200513;2018;1;17;2;3;5;2;2;1;0;0;0;0;1;0;804280,9696;5830758,524;13,48786862;52,54170084
197087;11;10;10010203;Gewerbegebiet Bitterfelder Stra�e                                                                   ;10100205;2018;1;15;1;2;8;1;0;0;1;0;0;0;0;1;808560,7981;5833406,278;13,55323772;52,56302274
197088;11;6;6040810;Dahlem;6400844;2018;1;16;2;3;5;2;2;0;1;0;0;0;0;0;790243,5108;5820076,338;13,27216154;52,45359271
197089;11;3;3061430;Volkspark Prenzlauer Berg;3601450;2018;1;18;1;2;0;1;2;1;0;0;0;0;0;1;802390,991;5829222,548;13,45868768;52,52898616
197090;11;1;1044203;Leopoldplatz;1401048;2018;1;23;7;3;2;6;2;0;1;0;0;0;0;1;795179,5844;5831302,191;13,35454247;52,55158116
197091;11;1;1044203;Leopoldplatz;1401049;2018;1;16;2;2;6;4;2;0;0;1;1;0;0;0;796343,4761;5831942,291;13,37222958;52,55668699
197092;11;8;8010301;Reuterkiez;8100310;2018;1;18;7;3;5;3;2;1;1;0;0;0;0;1;800734,7022;5825057,791;13,43058254;52,49257258
197093;11;2;2050802;Boxhagener Platz;2500834;2018;1;18;7;3;5;2;2;1;1;0;0;0;0;1;802554,365;5826728,542;13,45882062;52,50654195
197094;11;4;4051656;Hildegardstra�e;4501151;2018;1;15;2;3;5;2;0;0;1;0;1;0;0;0;793798,421;5823221,334;13,32709516;52,47988725
197095;11;12;12304313;Borsigwalde;12500825;2018;1;17;3;3;6;2;1;0;1;1;0;0;0;1;792398,7248;5835229,345;13,31710812;52,58828638
197096;11;5;5020419;Magistratsweg;5200423;2018;1;17;7;2;3;6;2;0;1;0;0;0;0;0;781840,58;5828451,124;13,15592028;52,53308367
197097;11;4;4030929;Hindemithplatz;4501040;2018;1;14;2;3;5;3;0;1;0;0;0;0;1;0;792640,9553;5825433,612;13,31204327;52,50034126
197098;11;10;10020415;Hellersdorfer Promenade;10200422;2018;1;15;7;3;6;4;0;0;1;1;0;0;0;0;812162,5674;5831051,862;13,60398789;52,53987179
197099;11;7;7040405;Rathaus Tempelhof;7400927;2018;1;14;2;3;2;2;0;0;1;0;0;0;1;0;799157,1254;5821311,651;13,40405533;52,45986041
197100;11;1;1011401;Invalidenstra�e                                                                                     ;1100415;2018;1;9;3;3;6;4;0;0;1;1;0;0;0;1;797382,9256;5829151,44;13,38501827;52,53110385
197101;11;11;11030720;Herzbergstra�e;11300721;2018;1;14;7;3;5;7;0;0;1;0;0;0;0;0;804982,6347;5828710,003;13,49630348;52,52294883
197102;11;6;6020409;K�nigsberger Stra�e                                                                                 ;6200421;2018;1;18;3;3;6;2;2;0;1;1;0;0;0;1;793303,96;5816958,94;13,31433531;52,42401234
197103;11;2;2030301;Oranienplatz;2300314;2018;1;12;2;3;1;5;0;1;1;0;0;0;0;0;799856,0918;5825833,94;13,41837892;52,50001292
197104;11;3;3061228;Erich-Weinert-Stra�e;3601245;2018;1;13;7;3;6;6;0;1;0;1;0;0;0;0;800949,1031;5831199,358;13,43928721;52,54750251
197105;11;6;6020410;Oberhofer Platz;6200422;2018;1;11;2;3;5;7;0;1;1;0;0;0;0;0;794097,2633;5817425,353;13,32637838;52,42776779
197106;11;10;10020416;B�hlener Stra�e                                                                                     ;10200423;2018;1;2;7;3;6;2;2;0;0;1;0;0;1;1;813016,5886;5831214,306;13,61669223;52,54083759
197107;11;11;11030721;R�digerstra�e;11300725;2018;1;6;2;3;6;4;2;0;0;1;0;0;1;0;805702,4949;5828077,194;13,50629909;52,51687428
197108;11;12;12302212;Rollbergesiedlung;12601032;2018;1;8;7;3;2;6;0;0;1;0;0;0;0;1;792737,4928;5837440,107;13,32404891;52,60792242
197109;11;1;1033101;Soldiner Stra�e                                                                                     ;1300732;2018;1;10;7;3;5;3;0;0;1;0;0;0;0;1;797363,9148;5832422,455;13,38766736;52,56043484
197110;11;4;4031032;Halensee;4500938;2018;1;9;2;3;5;2;0;0;1;0;0;0;0;0;791636,0884;5824510,591;13,2964738;52,49260443
197111;11;4;4030620;Alt-Lietzow;4300619;2018;1;17;3;3;6;2;2;0;1;1;0;0;0;1;792752,6509;5827024,13;13,3150828;52,51453983
197112;11;5;5010314;Carl-Schurz-Stra�e                                                                                  ;5100316;2018;1;11;7;3;5;7;0;0;1;0;1;0;0;1;783765,7167;5829117,481;13,18479464;52,53805942
197113;11;3;3050919;Gustav-Adolf-Stra�e;3500932;2018;1;9;2;3;5;2;0;1;1;0;0;0;0;0;801855,9848;5832885,667;13,45415404;52,56211507
197114;11;9;9010101;Elsenstra�e                                                                                         ;9100101;2018;1;11;2;3;6;4;0;0;1;1;0;0;0;0;802373,7627;5824790,792;13,4544087;52,489274
197115;11;4;4030725;Amtsgerichtsplatz;4300416;2018;1;11;7;2;5;2;0;1;1;0;0;0;0;0;791567,0681;5826516,714;13,29721662;52,510626
197116;11;6;6020303;Lankwitz Kirche                                                                                     ;6200313;2018;1;9;2;2;6;4;0;0;1;1;0;0;0;0;795275,7313;5818596,779;13,344695;52,43763424
197117;11;1;1011303;Alexanderplatzviertel;1100310;2018;1;12;7;3;2;6;0;0;1;0;0;0;0;1;798827,0509;5827974,652;13,40518669;52,51976588
197118;11;7;7010102;Nollendorfplatz;7100102;2018;1;7;2;3;5;2;1;0;1;0;0;0;0;0;794975,6401;5825215,009;13,34614396;52,49712464
197119;11;1;1011203;Unter den Linden S�d;1100206;2018;1;12;7;3;0;1;0;1;0;0;0;0;0;0;797891,6839;5827464,496;13,39098517;52,51570473
197120;11;3;3071537;Kollwitzplatz;3701555;2018;1;7;2;3;6;4;0;1;0;1;0;0;0;0;799550,8843;5830198,244;13,4178262;52,53929975
197121;11;4;4030930;George-Grosz-Platz;4501041;2018;1;13;7;3;2;6;0;0;1;0;0;0;0;1;793177,3409;5825608,374;13,32007634;52,50162002
197122;11;8;8010211;Flughafenstra�e;8100206;2018;1;21;7;3;2;6;2;0;1;0;0;0;0;0;800449,9814;5823688,35;13,42516703;52,48045455
197123;11;1;1011402;Arkonaplatz;1100416;2018;1;7;2;3;6;4;0;1;0;1;0;0;0;0;798615,1782;5829337,664;13,40329737;52,53209944
197124;11;7;7050505;Hundsteinweg;7501134;2018;1;18;6;3;0;4;2;0;1;1;0;0;0;1;799171,0529;5819063,709;13,40224632;52,43970289
197125;11;3;3061126;Arnimplatz;3601140;2018;1;7;2;3;5;3;0;1;1;0;0;0;0;0;798451,7729;5831655,541;13,40297793;52,55296541
197126;11;8;8010301;Reuterkiez;8100312;2018;1;17;6;3;1;5;2;0;1;0;0;0;0;1;800803,2539;5824305,234;13,43090992;52,4857894
197127;11;5;5030731;Gartenfelder Stra�e                                                                                 ;5300737;2018;1;9;2;3;5;3;0;1;0;0;0;1;0;0;787350,5081;5830065,382;13,23832453;52,5446794
197128;11;11;11010310;M�hlengrund;11100309;2018;1;14;6;3;6;4;0;0;1;1;0;0;0;1;805368,4524;5833127,733;13,50603315;52,5623261
197129;11;1;1011306;Heine-Viertel Ost;1100313;2018;1;9;2;3;1;5;0;1;1;0;0;0;0;0;799879,4774;5826965,751;13,41974181;52,51014497
197130;11;6;6020303;Lankwitz Kirche                                                                                     ;6200313;2018;1;14;6;3;0;4;0;0;0;1;0;0;1;1;795256,1338;5818633,963;13,34444039;52,43797815
197131;11;1;1044101;Rehberge;1400938;2018;1;13;6;3;6;4;0;0;1;1;0;0;0;0;794228,1895;5831205,961;13,3404659;52,55123328
197132;11;4;4020313;K�nigin-Elisabeth-Stra�e;4200311;2018;1;1;1;2;5;2;2;0;1;0;0;0;0;0;790464,2031;5825992,772;13,28055439;52,50651721
197133;11;9;9051701;Hirschgarten;9501736;2018;1;13;6;3;0;1;0;1;0;0;0;0;0;1;813009,9583;5821411,029;13,60738337;52,45299362
197134;11;10;10040829;Alt-Kaulsdorf;10400836;2018;1;17;1;3;6;4;2;0;1;1;0;0;0;0;811188,5197;5827850,22;13,58667614;52,51173794
197135;11;7;7040404;Marienh�he;7400826;2018;1;11;6;3;2;6;0;0;1;0;0;1;1;0;797266,3533;5820681,851;13,37574793;52,45524665
197136;11;9;9020701;Adlershof West;9200715;2018;1;7;1;2;6;2;0;0;1;1;0;0;0;0;808649,1827;5819158,731;13,5413346;52,43528811
197137;11;3;3050923;Wei�enseer Spitze;3500934;2018;1;12;1;3;5;2;0;0;1;0;0;0;0;0;800195,9199;5832136,703;13,42906064;52,55631971
197138;11;12;12301203;Wittenau S�d                                                                                        ;12500926;2018;1;14;1;3;5;3;0;0;1;0;0;0;0;0;792994,8262;5835644,402;13,32624908;52,59168637
197139;11;1;1044101;Rehberge;1400938;2018;1;15;1;3;2;6;0;0;1;0;0;0;0;0;793966,3617;5830126,796;13,33566025;52,54170062
197140;11;1;1044102;Schillerpark;1400940;2018;1;19;1;3;6;4;2;0;1;1;0;0;0;0;795733,0227;5832038,68;13,36333729;52,55788288
197141;11;2;2050602;Samariterviertel;2500727;2018;1;11;6;3;1;5;0;1;1;0;0;0;0;0;802283,1558;5827991,427;13,45598395;52,51801149
197142;11;2;7040401;Neu-Tempelhof;7400720;2018;1;21;1;3;6;2;2;0;1;1;0;0;0;0;797774,5882;5824016,657;13,38618182;52,48486287
197143;11;7;7040401;Neu-Tempelhof;7400720;2018;1;10;6;3;5;2;0;1;1;0;0;0;0;0;797764,7953;5823656,343;13,3857162;52,48163841
197144;11;1;1022203;L�becker Stra�e                                                                                     ;1200625;2018;1;14;1;3;1;5;0;0;1;0;0;0;1;0;794719,2938;5828591,097;13,34536864;52,52752748
197145;11;2;2030301;Oranienplatz;2300314;2018;1;10;6;3;5;7;0;1;1;0;0;0;0;0;799876,9799;5825990,819;13,41882697;52,50140761
197146;11;6;6010101;Fichtenberg;6100101;2018;1;9;6;3;5;3;0;0;1;0;0;0;0;0;793167,7007;5820823,694;13,31572765;52,45873206
197147;11;7;7030302;Cecilieng�rten;7300618;2018;1;15;1;2;1;5;0;0;1;0;0;0;0;0;794920,1738;5822712,623;13,3431151;52,47472232
197148;11;6;6020411;Sch�tte-Lanz-Stra�e                                                                                 ;6200423;2018;1;8;6;3;0;7;0;1;0;0;0;0;0;0;795293,7802;5815710,764;13,34241206;52,41175292
197149;11;1;1011303;Alexanderplatzviertel;1100310;2018;1;8;6;3;5;3;0;1;1;0;0;0;0;0;799185,6637;5828684,877;13,41109509;52,52593536
197150;11;9;9010301;Baumschulenstra�e;9100304;2018;1;11;7;3;2;2;0;0;1;0;0;0;0;0;804415,0501;5821737,346;13,48159338;52,46077249
197151;11;8;8010301;Reuterkiez;8100312;2018;1;8;3;3;5;3;0;0;1;0;0;0;0;2;801716,5302;5824243,117;13,4442626;52,48472874
197152;11;4;4051448;Schaperstra�e;4501045;2018;1;8;6;2;5;2;1;1;0;0;0;1;0;1;793923,006;5824923,688;13,33042571;52,49508102
197153;11;4;4030929;Hindemithplatz;4501040;2018;1;18;3;3;6;4;2;1;0;1;0;0;0;1;792559,8917;5825425,491;13,31084534;52,50031193
197154;11;12;12302211;L�barser Stra�e;12601031;2018;1;16;7;3;8;1;2;0;1;0;0;0;0;0;792922,2241;5837073,755;13,32644488;52,60453878
197155;11;1;1033201;Brunnenstra�e                                                                                       ;1300834;2018;1;6;6;3;2;6;2;0;1;0;0;0;0;1;797511,3129;5831016,944;13,38857573;52,54775571
197156;11;6;6040807;Zehlendorf Eiche                                                                                    ;6400841;2018;1;23;7;3;5;3;2;0;1;0;0;0;0;0;790190,4128;5818819,271;13,2702903;52,44235094
197157;11;2;2040702;Weberwiese;2400624;2018;1;3;6;3;1;5;2;0;1;0;1;0;0;1;801515,9214;5827511,95;13,4442766;52,51413861
197158;11;8;8010301;Reuterkiez;8100312;2018;1;20;7;3;2;6;2;0;1;0;0;0;0;0;801072,0848;5824172,743;13,43473732;52,48445369
197159;11;6;6020303;Lankwitz Kirche                                                                                     ;6200313;2018;1;14;6;2;2;6;0;0;1;0;0;0;0;1;795296,6093;5818552,81;13,3449624;52,43722881
197160;11;6;6030610;Lichterfelde West                                                                                   ;6300527;2018;1;13;6;2;5;2;0;0;1;0;0;0;0;1;790903,9128;5817757,724;13,27983414;52,43245486
197161;11;10;10010309;Springpfuhl;10100312;2018;1;19;7;3;5;3;2;0;1;0;0;0;0;0;808090,29;5830162,729;13,54330946;52,53422105
197162;11;7;7040401;Neu-Tempelhof;7400721;2018;1;11;6;2;6;2;0;0;1;1;0;0;0;0;797734,2758;5822531,67;13,38426404;52,4715736
197163;11;5;5030832;Rohrdamm;5300841;2018;1;17;7;3;2;6;2;0;1;0;0;0;0;0;789516,8692;5829306,929;13,26952061;52,53673286
197164;11;1;1011301;Charit�viertel;1100308;2018;1;18;6;3;0;5;2;1;1;0;0;0;0;1;797067,1019;5828231,029;13,37955382;52,52302561
197165;11;1;1011305;Heine-Viertel West;1100312;2018;1;19;6;3;6;2;2;0;1;1;0;0;0;1;799213,3498;5826976,525;13,40996548;52,51060733
197166;11;6;6020409;K�nigsberger Stra�e                                                                                 ;6200421;2018;1;17;7;3;5;3;2;1;1;0;0;0;0;0;794062,6308;5818774,478;13,32705713;52,43988084
197167;11;3;3061126;Arnimplatz;3601140;2018;1;17;3;3;5;2;2;1;1;0;0;0;0;1;798443,3859;5831462,016;13,40268065;52,55123534
197168;11;2;2030302;Lausitzer Platz;2300316;2018;1;19;6;3;6;4;2;0;1;1;0;0;0;1;801176,6084;5826254,957;13,43815422;52,50305941
197169;11;12;12302212;Rollbergesiedlung;12601032;2018;1;16;7;3;6;4;0;0;1;1;0;0;0;0;793456,2804;5837676,129;13,33484248;52,60965063
197170;11;6;6040804;Krumme Lanke;6400838;2018;1;9;6;3;6;7;0;0;1;1;0;0;0;1;787574,3852;5818051,034;13,23124767;52,43684519
197171;11;1;1033201;Brunnenstra�e                                                                                       ;1300834;2018;1;15;7;3;5;2;0;0;1;0;0;0;0;0;797901,8684;5830302,079;13,39367727;52,54113447
197172;11;4;4020313;K�nigin-Elisabeth-Stra�e;4200311;2018;1;21;6;3;2;6;2;0;1;0;0;0;1;0;790443,5256;5825954,512;13,28021721;52,50618521
197173;11;2;2010103;Moritzplatz;2100104;2018;1;15;7;3;5;2;0;1;1;0;0;0;0;0;799294,5392;5826184,994;13,41044662;52,50346787
197174;11;4;4051445;Eisenzahnstra�e;4500939;2018;1;18;6;3;6;2;2;0;1;1;0;0;0;1;792475,7218;5824279,259;13,30860254;52,49008134
197175;11;8;8010214;Glasower Stra�e;8100209;2018;1;13;7;3;6;4;0;0;1;1;0;0;0;0;801804,686;5821975,752;13,44350526;52,46435724
197176;11;6;6040810;Dahlem;6400844;2018;1;17;6;2;1;5;1;0;1;0;0;0;0;1;790937,3134;5820704,683;13,28289036;52,45885706
197177;11;12;12302110;Dannenwalder Weg;12601235;2018;1;13;7;3;5;3;0;0;1;0;0;0;0;0;795523,9067;5836401,093;13,36415042;52,5971011