OBJECTID;LAND;BEZ;LOR;STRASSE;LOR_ab_2021;UJAHR;UMONAT;USTUNDE;UWOCHENTAG;UKATEGORIE;UART;UTYP1;ULICHTVERH;IstRad;IstPKW;IstFuss;IstKrad;IstGkfz;IstSonstig;USTRZUSTAND;LINREFX;LINREFY;XGCSWGS84;YGCSWGS84
198360;11;4;4030930;George-Grosz-Platz;4501041;2018;3;12;6;2;5;3;0;0;1;0;0;0;0;0;792834,9896;5825499,59;13,31495156;52,50082864
198361;11;12;12302110;Dannenwalder Weg;12601235;2018;3;12;7;3;2;6;0;0;1;0;0;0;0;0;794823,7388;5836298,213;13,3537516;52,59655892
198362;11;12;12214527;Alt-Tegel;12200515;2018;3;10;7;3;5;7;0;1;1;0;0;0;0;1;790482,3993;5835082,567;13,2887724;52,58799726
198363;11;10;10020415;Hellersdorfer Promenade;10200422;2018;3;19;3;2;0;7;2;1;0;0;0;0;0;1;812316,3107;5831279,674;13,60646157;52,54182514
198364;11;12;12214125;Waldidyll/Flughafensee;12200414;2018;3;17;7;3;5;3;1;0;1;0;0;0;0;0;788053,5466;5830954,002;13,24943397;52,55227497
198365;11;8;8020622;Parchimer Allee;8200726;2018;3;13;6;3;6;4;0;0;1;1;0;0;0;0;801921,5198;5819973,517;13,44340943;52,44634626
198366;11;8;8010301;Reuterkiez;8100312;2018;3;13;7;3;3;3;0;0;1;0;0;0;0;0;801308,7675;5824004,465;13,43806016;52,48281481
198367;11;10;10010310;Alt-Marzahn;10100313;2018;3;12;7;2;6;4;0;0;1;1;0;0;0;1;809430,8746;5831117,976;13,56390011;52,54202222
198368;11;9;9031202;Schm�ckwitz/Rauchfangswerder;9301228;2018;3;13;6;3;9;1;0;0;0;0;0;0;1;0;819711,4956;5813760,54;13,69836294;52,3805671
198369;11;6;6010102;Schlo�stra�e                                                                                        ;6100102;2018;3;18;7;3;6;3;2;0;1;1;0;0;0;0;793703,869;5820680,921;13,32347061;52,45716427
198370;11;4;4041137;Flinsberger Platz;4400727;2018;3;13;6;3;5;3;0;0;1;0;1;0;0;0;790964,1674;5823390,884;13,28562739;52,4829248
198371;11;6;6040701;Wannsee;6400735;2018;3;10;7;3;1;7;0;0;1;0;0;0;0;0;782511,0911;5816169,66;13,1553737;52,42261463
198372;11;1;1033202;Humboldthain S�d;1300835;2018;3;20;3;2;5;3;2;0;1;0;0;0;0;1;797317,179;5830137,887;13,38493439;52,53998203
198373;11;7;7040403;Manteuffelstra�e                                                                                    ;7400825;2018;3;23;7;2;6;4;2;0;1;1;0;0;0;1;797821,506;5821042,848;13,38421581;52,45818039
198374;11;10;10010203;Gewerbegebiet Bitterfelder Stra�e                                                                   ;10100205;2018;3;8;7;2;5;3;0;0;1;0;0;0;1;1;808350,764;5832936,307;13,54971233;52,55892996
198375;11;12;12301203;Wittenau S�d                                                                                        ;12500930;2018;3;14;6;3;5;3;0;1;1;0;0;0;0;0;793944,9578;5835308,191;13,33993633;52,58815985
198376;11;2;2040502;Friedenstra�e;2400521;2018;3;7;7;3;6;4;0;0;1;1;0;0;0;1;800728,2578;5828471,685;13,43357199;52,5231758
198377;11;7;7050503;Eisenacher Stra�e                                                                                   ;7501031;2018;3;23;6;3;6;2;2;0;1;1;0;0;0;0;798698,993;5819881,995;13,39605374;52,44729588
198378;11;2;2020204;Urbanstra�e;2200210;2018;3;2;7;3;8;1;2;0;1;0;0;0;0;0;799066,1659;5824692,502;13,40575209;52,49021499
198379;11;12;12214125;Waldidyll/Flughafensee;12200412;2018;3;20;6;3;5;3;2;1;1;0;0;0;0;0;791381,0661;5833134,436;13,30028756;52,57005216
198380;11;3;3030405;Karow Nord                                                                                          ;3300411;2018;3;23;6;3;7;7;2;0;1;0;0;0;0;1;803831,903;5839198,474;13,48900314;52,61759459
198381;11;2;2030302;Lausitzer Platz;2300315;2018;3;8;6;2;5;3;0;1;1;0;0;0;0;0;800490,1828;5825779,006;13,42764241;52,49917174
198382;11;9;9051702;B�lschestra�e;9501737;2018;3;15;4;2;6;4;0;0;1;1;0;0;0;0;814157,3944;5821209,312;13,62402383;52,45052786
198383;11;5;5020625;Borkumer Stra�e                                                                                     ;5200629;2018;3;21;6;3;2;2;2;0;1;0;0;0;0;0;784724,2589;5828606,841;13,19845192;52,53298104
198384;11;6;6040805;Fischerh�ttenstra�e                                                                                 ;6400839;2018;3;8;6;2;5;3;0;0;1;0;0;0;0;0;788237,5557;5818274,595;13,24116907;52,43850046
198385;11;10;10010102;Havemannstra�e                                                                                      ;10100103;2018;3;12;2;3;5;5;0;0;1;0;0;0;0;0;809582,3163;5834066,257;13,56887545;52,56835732
198386;11;4;4051551;Brabanter Platz;4501148;2018;3;7;6;3;5;2;0;1;1;0;0;0;0;0;793347,3054;5823076,348;13,32034406;52,47883001
198387;11;6;6020409;K�nigsberger Stra�e                                                                                 ;6200421;2018;3;10;6;3;5;3;0;0;1;0;0;0;0;0;793243,9856;5816856,807;13,3133663;52,42312889
198388;11;9;9020802;K�llnische Vorstadt                                                                                 ;9200819;2018;3;8;6;3;6;2;0;0;1;1;0;0;0;0;810528,9607;5820027,931;13,56970514;52,44201374
198389;11;12;12214421;Reinickes Hof;12200307;2018;3;9;6;3;0;5;0;0;1;0;0;0;0;0;793404,4717;5833863,794;13,33070249;52,57550353
198390;11;8;8010301;Reuterkiez;8100312;2018;3;17;6;3;6;2;0;0;1;1;0;0;0;0;801154,7164;5824094,218;13,43587957;52,48370427
198391;11;1;1011303;Alexanderplatzviertel;1100310;2018;3;9;6;3;1;5;0;1;1;0;0;0;0;0;798802,05;5828233,927;13,40505223;52,52210361
198392;11;8;8010301;Reuterkiez;8100311;2018;3;17;6;3;6;4;0;0;1;1;0;0;0;0;800697,8638;5824725,817;13,429742;52,48961728
198393;11;9;9010101;Elsenstra�e                                                                                         ;9100101;2018;3;17;3;3;5;2;1;1;1;0;0;0;0;1;802127,0282;5825061,038;13,45103088;52,49183284
198394;11;7;7070703;John-Locke-Stra�e                                                                                   ;7601544;2018;3;9;6;3;6;7;0;0;1;1;0;0;0;0;799644,9644;5813176,876;13,40392786;52,38667549
198395;11;2;2020204;Urbanstra�e;2200210;2018;3;15;6;3;2;2;0;0;1;0;0;0;0;0;798879,8871;5825085,321;13,40336906;52,4938381
198396;11;2;2030301;Oranienplatz;2300314;2018;3;15;6;3;3;2;0;1;0;0;0;0;1;0;799722,2838;5826054,476;13,41661211;52,50206319
198397;11;2;2010104;Wassertorplatz;2100106;2018;3;8;6;3;5;3;0;0;1;0;0;0;0;0;799071,2974;5825609,304;13,40665047;52,49843003
198398;11;11;11010102;Dorf Wartenberg;11100101;2018;3;19;4;3;8;1;2;0;0;0;0;0;1;1;804697,5651;5834788,029;13,49769192;52,57758214
198399;11;6;6040703;Nikolassee;6400737;2018;3;7;6;3;5;3;0;1;1;0;0;0;0;1;786412,0468;5817176,724;13,21344682;52,42961609
198400;11;8;8041035;Blumenviertel;8401241;2018;3;14;6;3;0;4;0;0;0;1;0;0;1;0;804032,9855;5819186,026;13,47366512;52,4381181
198401;11;6;6010101;Fichtenberg;6100101;2018;3;19;6;3;3;6;2;0;1;0;0;0;0;1;793400,3573;5820700,337;13,31903362;52,45750135
198402;11;1;1011401;Invalidenstra�e                                                                                     ;1100415;2018;3;7;6;3;6;4;0;0;1;1;0;0;0;0;797873,9675;5829043,273;13,39213884;52,52986615
198403;11;4;4031032;Halensee;4500937;2018;3;19;6;3;5;7;2;1;1;0;0;0;0;0;791452,5093;5825067,163;13,29426447;52,49769212
198404;11;12;12214125;Waldidyll/Flughafensee;12200411;2018;3;6;6;3;5;2;1;0;1;0;0;0;0;0;792615,7614;5832073,815;13,31751794;52,55988183
198405;11;12;12304313;Borsigwalde;12500825;2018;3;7;6;3;6;4;0;0;1;1;0;0;0;0;791744,4117;5834920,838;13,30720561;52,58587204
198406;11;1;1011304;Karl-Marx-Allee;1100311;2018;3;4;6;3;5;3;1;1;1;0;0;0;0;0;800053,3941;5828096,651;13,42331656;52,52018603
198407;11;4;4051445;Eisenzahnstra�e;4500939;2018;3;5;3;2;5;2;2;0;1;0;0;0;0;1;792512,7347;5824502,058;13,30934171;52,49205885
198408;11;5;5030832;Rohrdamm;5300841;2018;3;18;6;3;6;4;2;0;1;1;0;0;0;0;789799,1934;5829346,255;13,27370577;52,53693537
198409;11;2;2010104;Wassertorplatz;2100106;2018;3;19;5;3;3;6;2;1;1;0;0;0;0;0;799786,9216;5825698,692;13,41724125;52,49883863
198410;11;4;4030415;Schlo�garten;4300412;2018;3;19;5;3;2;6;2;0;1;0;0;0;0;0;790735,6755;5827374,174;13,28574979;52,5187569
198411;11;2;2040703;Wriezener Bahnhof/Entwicklungsgebiet;2500834;2018;3;7;6;3;2;2;0;0;1;0;1;0;0;1;801950,5832;5826799,132;13,45001575;52,50750914
198412;11;4;4010101;Jungfernheide;4100101;2018;3;18;6;3;5;3;1;0;1;0;0;0;0;0;791280,3178;5830684,884;13,29665529;52,54814634
198413;11;3;3061430;Volkspark Prenzlauer Berg;3601450;2018;3;13;5;3;2;6;0;0;1;0;0;0;0;0;802510,2265;5829273,375;13,46048624;52,52937557
198414;11;2;2020203;Viktoriapark;2200209;2018;3;17;6;3;5;2;1;0;1;0;1;0;0;0;797762,1994;5824034,596;13,38601594;52,48503043
198415;11;1;1011305;Heine-Viertel West;1100312;2018;3;12;5;3;5;5;0;1;1;0;0;0;0;0;799503,0259;5826677,099;13,4139517;52,50776446
198416;11;1;1033203;Humboldthain Nordwest                                                                               ;1300836;2018;3;17;6;3;1;1;0;0;1;0;0;0;0;0;796483,6822;5830108,809;13,37265471;52,54017551
198417;11;3;3030406;Alt-Karow;3300413;2018;3;10;5;2;2;6;0;0;1;0;0;0;0;0;803519,6017;5838693,489;13,48394104;52,6132432
198418;11;5;5030832;Rohrdamm;5300841;2018;3;17;6;3;1;5;1;0;1;0;0;0;1;1;789962,8401;5829204,57;13,27598816;52,53557809
198419;11;5;5010209;An der Kappe;5100211;2018;3;7;3;3;5;2;0;0;1;0;0;0;0;0;783237,7211;5830277,296;13,1780196;52,54873327
198420;11;9;9051801;Rahnsdorf/Hessenwinkel;9501838;2018;3;7;6;3;0;1;0;1;0;0;0;0;0;2;816863,4319;5821250,726;13,66375011;52,44933737
198421;11;3;3071536;Teutoburger Platz;3701554;2018;3;7;6;3;1;5;0;0;1;0;0;1;0;0;799130,7754;5830303,342;13,41174496;52,54047256
198422;11;3;3061228;Erich-Weinert-Stra�e;3601245;2018;3;11;5;3;2;2;0;1;1;0;0;0;0;0;800291,7404;5831557,866;13,42994621;52,55107865
198423;11;1;1011105;N�rdlicher Landwehrkanal                                                                            ;1100102;2018;3;15;6;3;5;2;0;1;1;0;0;0;0;0;796414,2373;5826326,511;13,36826275;52,50630877
198424;11;8;8010118;Silbersteinstra�e;8100104;2018;3;15;6;3;2;6;0;0;1;0;1;0;0;0;800902,793;5822397,552;13,43065012;52,46863538
198425;11;3;3050923;Wei�enseer Spitze;3500934;2018;3;11;5;3;5;3;0;0;1;0;0;0;0;0;800677,3074;5831578,095;13,43563395;52,55104727
198426;11;4;4020312;Branitzer Platz;4200308;2018;3;15;6;3;5;3;0;0;1;0;0;0;0;0;789615,7364;5827349,972;13,26926953;52,51913587
198427;11;4;4030417;Schlo�stra�e;4300414;2018;3;10;5;3;6;7;0;0;1;1;0;0;0;0;791750,9825;5827251,449;13,30056312;52,51711445
198428;11;7;7040403;Manteuffelstra�e                                                                                    ;7400823;2018;3;15;6;2;5;3;0;0;1;0;0;1;0;0;797321,4666;5822184,251;13,37789492;52,46868418
198429;11;12;12103218;Teichstra�e;12100205;2018;3;8;2;3;0;1;0;1;0;0;0;0;0;2;795468,4197;5834228,149;13,36139582;52,577653
198430;11;1;1011105;N�rdlicher Landwehrkanal                                                                            ;1100102;2018;3;22;5;3;0;7;2;0;1;0;0;0;0;1;796141,4266;5826379,178;13,36430186;52,50692904
198431;11;2;2050602;Samariterviertel;2500728;2018;3;22;5;3;6;7;2;1;0;1;0;0;0;0;803111,9292;5827765,96;13,46795526;52,51553067
198432;11;5;5020522;Pillnitzer Weg;5200526;2018;3;15;5;3;6;4;0;0;1;1;0;0;0;0;781903,7151;5827176,645;13,15576797;52,52162342
198433;11;10;10030725;Buckower Ring;10300732;2018;3;9;5;3;2;7;0;0;1;0;0;0;0;0;810031,183;5829652,361;13,57135653;52,52854689
198434;11;3;3040614;Pankow Zentrum                                                                                      ;3400724;2018;3;17;5;3;5;3;0;1;1;0;0;0;0;0;798775,366;5834067,478;13,40990837;52,57440732
198435;11;2;2040703;Wriezener Bahnhof/Entwicklungsgebiet;2400625;2018;3;19;3;2;5;3;2;0;1;0;0;0;1;2;801468,2865;5827265,489;13,4433535;52,51195588
198436;11;6;6030610;Lichterfelde West                                                                                   ;6300634;2018;3;21;5;3;5;5;2;0;1;0;1;0;0;1;792027,3678;5818931,607;13,29733784;52,44238012
198437;11;9;9051702;B�lschestra�e;9501737;2018;3;19;5;3;5;2;2;1;1;0;0;0;0;0;814087,7426;5821209,306;13,62300226;52,45056783
198438;11;1;1011301;Charit�viertel;1100308;2018;3;9;5;3;5;2;0;1;1;0;0;0;0;0;797127,7638;5828200,619;13,38041813;52,52271996
198439;11;1;1044101;Rehberge;1400938;2018;3;14;5;3;2;6;0;0;1;0;0;0;0;1;794408,2335;5830553,951;13,34253559;52,54529119
198440;11;6;6030606;Hindenburgdamm;6300630;2018;3;13;5;3;2;2;0;0;1;0;0;0;0;1;793646,9323;5819221,023;13,32135154;52,44410735
198441;11;2;2010103;Moritzplatz;2100104;2018;3;9;5;3;5;2;0;1;1;0;0;0;0;0;799333,326;5826188,756;13,41101973;52,50348032
198442;11;2;2050802;Boxhagener Platz;2500833;2018;3;15;4;3;0;6;0;0;1;0;0;0;1;1;802587,9971;5827014,738;13,45957478;52,50908845
198443;11;10;10010309;Springpfuhl;10100312;2018;3;12;5;3;5;2;0;1;1;0;0;0;0;1;807934,6064;5829198,18;13,54012811;52,52566483
198444;11;7;7050505;Hundsteinweg;7501134;2018;3;9;5;3;5;3;0;0;1;0;0;0;0;0;798955,864;5817282,564;13,39749752;52,42385474
198445;11;4;4010103;Paul-Hertz-Siedlung;4100102;2018;3;18;5;3;6;4;2;0;1;1;0;0;0;0;791383,8536;5829471,849;13,29711385;52,53721632
198446;11;2;2030402;Wrangelkiez;2300419;2018;3;9;5;3;2;6;0;0;1;0;0;0;0;0;801969,0141;5825631,73;13,44922787;52,49703544
198447;11;7;7020202;Volkspark (Rudolf-Wilde-Park);7200308;2018;3;18;5;3;5;3;2;0;1;0;0;0;0;0;794902,8264;5823936,802;13,34394319;52,48570569
198448;11;8;8010509;Schulenburgpark;8100521;2018;3;8;5;3;5;3;0;0;1;0;0;0;0;0;803743,4492;5822183,339;13,4721447;52,46514356
198449;11;9;9020701;Adlershof West;9200715;2018;3;8;5;3;2;6;0;0;1;0;0;0;0;0;808527,7597;5819278,388;13,53966455;52,43642899
198450;11;9;9020701;Adlershof West;9200715;2018;3;6;5;3;5;2;1;1;0;0;0;1;0;1;808253,7644;5818811,878;13,5352166;52,43240254
198451;11;8;8010118;Silbersteinstra�e;8100104;2018;3;22;5;3;2;3;2;0;1;0;0;0;0;0;800924,6542;5822310,438;13,4308924;52,46784251
198452;11;7;7010104;Dennewitzplatz;7100205;2018;3;10;5;3;5;3;0;0;1;0;0;0;0;1;796321,0916;5824913,9;13,3656375;52,49369662
198453;11;10;10020517;Adele-Sandrock-Stra�e                                                                               ;10200524;2018;3;8;5;3;0;6;0;1;0;0;0;0;1;0;812449,6269;5830357,629;13,60755409;52,53348622
198454;11;5;5010209;An der Kappe;5100211;2018;3;14;3;3;0;3;0;0;1;0;1;0;0;0;783166,0578;5829858,612;13,17660856;52,54501652
198455;11;12;12301203;Wittenau S�d                                                                                        ;12500926;2018;3;10;5;3;6;2;0;0;0;1;0;0;1;0;793435,9243;5836095,26;13,33314137;52,59549022
198456;11;3;3061131;Falkplatz;3601142;2018;3;20;5;3;6;4;2;0;1;1;0;0;0;0;799130,5213;5830554,274;13,41196716;52,54272193
198457;11;2;2010103;Moritzplatz;2100104;2018;3;17;5;3;0;3;2;0;1;0;1;0;0;0;799167,7192;5826012,487;13,4084288;52,50199115
198458;11;3;3040614;Pankow Zentrum                                                                                      ;3400723;2018;3;10;5;3;1;5;0;1;1;0;0;0;0;1;799162,9203;5833563,124;13,41515522;52,56967372
198459;11;2;2040501;Barnimkiez;2400520;2018;2;8;4;3;6;3;0;0;1;1;0;0;0;0;800132,9429;5828848,069;13,42516356;52,52687746
198460;11;11;11041128;Sewanstra�e;11401136;2018;3;7;5;3;2;2;0;0;1;0;0;0;0;0;805872,8712;5825860,942;13,5067659;52,49691594
198461;11;5;5020626;Adamstra�e                                                                                          ;5200631;2018;3;8;5;3;5;5;0;0;1;0;0;0;0;1;785120,7372;5827607,652;13,20342426;52,52381511
198462;11;5;5020419;Magistratsweg;5200423;2018;3;7;5;2;6;4;0;0;1;1;0;0;0;0;781756,8817;5828344,747;13,15459944;52,53217311
198463;11;9;9041501;Altstadt Kietz;9401534;2018;3;10;5;3;2;2;0;0;1;1;0;0;0;1;811364,3546;5820169,539;13,58208801;52,44280778
198464;11;1;1011305;Heine-Viertel West;1100312;2018;3;17;5;3;1;5;2;1;1;0;0;0;0;0;799065,7296;5827092,345;13,40790085;52,51172643
198465;11;3;3061429;Greifswalder Stra�e;3601449;2018;3;10;3;3;6;4;0;1;0;1;0;0;0;0;801137,1506;5830739,782;13,44163537;52,54327937
198466;11;9;9020702;Adlershof Ost;9200717;2018;3;15;5;3;5;3;0;0;1;0;0;0;0;0;809582,4886;5818927,154;13,55480541;52,43268534
198467;11;6;6030609;Augustaplatz;6300633;2018;3;7;5;3;5;3;0;1;1;0;0;0;0;1;793201,5085;5818376,291;13,3140757;52,43677353
198468;11;3;3061441;Eldenaer Stra�e;3601453;2018;3;17;5;3;5;3;2;1;1;0;0;0;0;0;802533,702;5828541,955;13,46016581;52,52280689
198469;11;1;1044203;Leopoldplatz;1401048;2018;3;16;3;3;6;4;0;0;1;1;0;0;0;0;795708,0037;5831273,682;13,36228788;52,55103899
198470;11;8;8020622;Parchimer Allee;8200726;2018;3;15;5;2;6;4;0;0;1;1;0;0;0;0;802222,7032;5820115,082;13,44795554;52,44744874
198471;11;5;5030730;Zitadellenweg;5300736;2018;3;14;5;3;2;6;0;0;1;0;0;0;0;0;786878,3974;5829309,744;13,23072918;52,53815345
198472;11;9;9041501;Altstadt Kietz;9401534;2018;3;15;5;3;6;3;0;0;1;1;0;0;0;0;811594,6734;5820044,571;13,58534912;52,4415567
198473;11;2;2050801;Traveplatz;2500832;2018;3;9;5;3;0;7;0;1;0;0;0;0;0;1;803420,4559;5826909,966;13,4717076;52,50768705
198474;11;1;1011304;Karl-Marx-Allee;1100311;2018;3;8;4;3;5;3;0;1;1;0;0;0;0;0;799818,8772;5827505,567;13,41933788;52,51501688
198475;11;6;6020409;K�nigsberger Stra�e                                                                                 ;6200421;2018;3;14;5;2;3;3;0;1;1;0;0;1;0;0;794034,3208;5817447,693;13,32547496;52,42800189
198476;11;3;3050919;Gustav-Adolf-Stra�e;3500932;2018;3;19;4;2;5;2;2;0;1;0;0;0;0;1;801994,5362;5832819,102;13,4561312;52,56144164
198477;11;9;9030901;Dorf Altglienicke;9300920;2018;3;14;5;3;5;3;0;1;1;0;0;0;0;0;807818,9106;5817710,557;13,52782692;52,42277713
198478;11;8;8010212;Rollberg;8100207;2018;3;18;4;3;2;2;2;0;1;0;0;0;0;1;800975,2515;5823493,623;13,43270256;52,47841991
198479;11;7;7060603;Marienfelde Nordost;7601238;2018;3;5;3;3;5;7;2;0;1;0;1;0;0;0;798174,4899;5816977,742;13,38576881;52,42154867
198480;11;6;6010102;Schlo�stra�e                                                                                        ;6100102;2018;3;17;4;3;5;3;0;0;1;0;0;0;0;0;793394,875;5820328,327;13,31862628;52,45416933
198481;11;1;1011101;St�lerstra�e                                                                                        ;1100101;2018;3;12;4;3;2;6;0;0;1;0;0;0;0;1;795009,8238;5826319,985;13,34762499;52,5070115
198482;11;6;6040703;Nikolassee;6400737;2018;3;14;5;3;5;2;0;1;1;0;0;0;0;0;786585,2954;5817921,602;13,21662651;52,43620389
198483;11;4;4041344;R�desheimer Platz;4400835;2018;3;10;4;3;2;7;0;0;1;0;0;0;0;1;793043,281;5821997,629;13,31493251;52,46932282
198484;11;8;8020619;Buschkrugallee Nord;8200623;2018;3;10;4;3;5;2;0;0;1;0;0;0;0;1;801552,27;5820647,89;13,43860165;52,45259462
198485;11;10;10040830;Kaulsdorf S�d                                                                                       ;10400837;2018;3;13;5;2;5;3;0;0;1;0;0;0;0;0;810593,6369;5825520,934;13,57576609;52,49120308
198486;11;2;2040701;Andreasviertel;2400623;2018;3;9;4;3;5;3;0;1;1;0;0;0;0;1;800312,1577;5827612,714;13,42668199;52,5157059
198487;11;1;1033101;Soldiner Stra�e                                                                                     ;1300730;2018;3;8;4;3;5;7;0;0;1;0;0;0;0;1;796653,466;5832131,619;13,37695786;52,55821534
198488;11;1;1011302;Oranienburger Stra�e                                                                                ;1100309;2018;3;13;5;3;5;2;0;1;1;0;0;0;0;0;797686,291;5828774,773;13,38913998;52,52756191
198489;11;1;1011203;Unter den Linden S�d;1100206;2018;3;8;4;3;5;3;0;0;1;0;0;0;0;1;797959,6535;5827080,288;13,39163983;52,51222366
198490;11;10;10020414;Helle Mitte;10200421;2018;3;13;5;3;5;3;0;0;1;0;0;0;0;0;812466,6981;5830963,348;13,60837442;52,53890432
198491;11;1;1011204;Leipziger Stra�e                                                                                    ;1100207;2018;3;13;4;3;1;5;0;0;1;0;0;0;0;1;798675,8446;5826838,157;13,4019447;52,50966161
198492;11;12;12302107;Schorfheidestra�e                                                                                   ;12601236;2018;3;20;3;3;6;2;2;0;1;1;0;0;0;1;794396,6727;5836234,916;13,34740847;52,59622289
198493;11;2;2050602;Samariterviertel;2500728;2018;3;7;4;3;6;4;0;0;1;1;0;0;0;1;802942,4171;5827972,494;13,4656529;52,51747599
198494;11;9;9052001;K�penick Nord                                                                                       ;9502043;2018;3;5;4;3;0;1;2;0;1;0;0;0;1;2;809593,6372;5823087,362;13,55882496;52,46996208
198495;11;4;4051655;Babelsberger Stra�e;4501153;2018;3;13;5;3;5;2;0;1;1;0;0;0;0;0;793922,0006;5823112,785;13,32881392;52,47884766
198496;11;5;5020417;Staakener Stra�e                                                                                    ;5200420;2018;3;8;4;2;5;3;0;1;1;0;0;0;0;2;783417,3875;5828618,634;13,17924712;52,53376793
198497;11;2;2030301;Oranienplatz;2300314;2018;3;2;4;3;6;4;2;0;0;1;0;0;1;1;799902,211;5825981,033;13,41918875;52,50130603
198498;11;2;2020203;Viktoriapark;2200209;2018;2;13;4;3;5;2;0;1;0;0;0;0;1;0;797130,6434;5823996,568;13,37670878;52,48503361
198499;11;9;9010302;Sp�thsfelde;9100306;2018;3;13;4;3;2;6;0;0;1;0;0;0;0;1;804022,0398;5821199,017;13,47533646;52,45616633
198500;11;4;4030931;Breitscheidplatz;4501042;2018;3;23;4;3;6;4;2;0;1;1;0;0;0;0;794329,7816;5825923,049;13,33728337;52,5038205
198501;11;3;3050920;Wei�er See;3500933;2018;2;14;4;2;6;4;0;0;1;1;0;0;0;0;801851,5468;5831732,304;13,45303993;52,55178001
198502;11;11;11040926;Weitlingstra�e;11400931;2018;2;13;4;3;6;2;0;0;1;1;0;0;0;0;806685,4875;5826904,989;13,51966014;52,5058169
198503;11;3;3061228;Erich-Weinert-Stra�e;3601245;2018;3;21;4;2;1;1;2;0;1;0;0;0;0;1;800314,5759;5830853,412;13,42964496;52,54475187
198504;11;11;11030720;Herzbergstra�e;11300721;2018;2;13;4;3;2;2;0;0;1;0;0;0;0;0;805193,0439;5828716,425;13,49940101;52,52288867
198505;11;6;6010205;S�dende;6100205;2018;3;15;2;3;2;6;0;0;1;0;0;0;0;0;795838,7005;5819911,319;13,35411645;52,44911396
198506;11;2;2040701;Andreasviertel;2400623;2018;3;18;4;3;2;6;2;0;1;0;0;0;0;1;800552,7361;5827030,057;13,42969045;52,51035085
198507;11;9;9031001;Bohnsdorf;9301025;2018;3;18;4;2;5;3;2;1;1;0;0;0;0;1;811342,6311;5815638,713;13,57755326;52,40221679
198508;11;3;3020209;Niedersch�nhausen;3200206;2018;2;12;4;3;5;2;0;1;1;0;0;0;0;0;798471,2258;5834861,062;13,40614821;52,58168748
198509;11;4;4041342;Schlangenbader Stra�e;4400833;2018;3;18;4;2;5;2;1;0;1;0;0;0;0;1;792526,423;5822919,654;13,30815402;52,47786561
198510;11;5;5020626;Adamstra�e                                                                                          ;5200631;2018;2;12;4;3;6;2;0;0;1;1;0;0;0;0;784751,5613;5827277,353;13,19771473;52,52104658
198511;11;4;4051652;Nikolsburger Platz;4501149;2018;3;17;4;3;7;7;0;1;0;0;0;0;0;1;793816,2476;5824455,66;13,32844495;52,49094285
198512;11;2;2010101;Askanischer Platz;2100101;2018;2;11;4;3;2;6;0;0;1;0;0;0;1;0;797745,9835;5826089,29;13,38761419;52,50345723
198513;11;7;7010102;Nollendorfplatz;7100103;2018;3;17;3;2;5;3;1;1;1;0;0;0;0;1;795696,9649;5825430,926;13,35693024;52,49866981
198514;11;10;10020622;Kaulsdorf Nord I                                                                                    ;10200629;2018;2;11;4;3;5;3;0;0;1;0;0;0;0;0;811144,9669;5829167,778;13,58726859;52,52356987
198515;11;4;4010101;Jungfernheide;4100101;2018;2;11;4;3;2;6;0;0;1;0;0;0;1;0;789809,3735;5830642,492;13,27498631;52,54855084
198516;11;6;6010101;Fichtenberg;6100101;2018;3;15;4;3;2;2;0;0;1;0;0;1;1;1;793517,2002;5820625,029;13,3206821;52,4567635
198517;11;2;2030301;Oranienplatz;2300314;2018;2;20;4;3;6;2;2;0;1;1;0;0;0;0;799675,5088;5826049,653;13,41592073;52,50204565
198518;11;9;9010402;Johannisthal Ost;9100409;2018;3;10;3;3;5;2;0;0;1;0;0;0;0;1;806938,6018;5820089,112;13,51710539;52,44458904
198519;11;1;1033201;Brunnenstra�e                                                                                       ;1300834;2018;3;13;2;3;5;2;0;0;1;0;0;0;0;1;798080,3604;5829991,674;13,39602291;52,5382545
198520;11;10;10020413;Gut Hellersdorf;10200418;2018;3;19;3;3;5;2;2;0;1;0;0;0;0;0;811288,9002;5831562,788;13,5916262;52,54495007
198521;11;8;8010404;Rixdorf;8100415;2018;3;14;2;3;5;3;0;0;1;0;0;0;1;0;801392,3304;5823742,315;13,43904999;52,48041898
198522;11;1;1011201;Wilhelmstra�e                                                                                       ;1100205;2018;3;19;3;3;5;3;2;1;1;0;0;0;0;0;797157,6352;5826452,467;13,37929592;52,50703345
198523;11;11;11030721;R�digerstra�e;11300722;2018;3;16;2;3;6;4;0;0;0;1;0;0;1;0;803883,0644;5827879,384;13,4793879;52,51611817
198524;11;3;3061126;Arnimplatz;3601140;2018;3;16;2;3;5;2;0;1;1;0;0;0;0;0;798521,212;5831495,016;13,40385473;52,55148849
198525;11;11;11051330;Karlshorst West;11501339;2018;3;19;3;2;6;4;2;0;1;1;0;0;0;1;807191,8148;5824818,696;13,5251728;52,48683443
198526;11;8;8020727;Buckow Mitte;8200832;2018;3;13;2;3;6;4;0;0;0;1;0;1;0;0;801530,4229;5817558,422;13,43549403;52,42491478
198527;11;4;4051549;Rathaus Wilmersdorf;4501146;2018;3;7;2;3;6;4;1;1;0;1;0;0;0;0;792856,3865;5823935,763;13,31389119;52,48679792
198528;11;11;11041023;Gensinger Stra�e;11401033;2018;3;13;2;2;6;4;0;0;0;1;1;0;0;1;807525,7893;5827568,668;13,53261485;52,51129186
198529;11;8;8010303;Donaustra�e;8100314;2018;3;18;3;3;0;6;1;0;1;0;1;0;0;0;800371,1388;5824365,399;13,42461961;52,48656658