OBJECTID;LAND;BEZ;LOR;STRASSE;LOR_ab_2021;UJAHR;UMONAT;USTUNDE;UWOCHENTAG;UKATEGORIE;UART;UTYP1;ULICHTVERH;IstRad;IstPKW;IstFuss;IstKrad;IstGkfz;IstSonstig;USTRZUSTAND;LINREFX;LINREFY;XGCSWGS84;YGCSWGS84
198861;11;11;11010205;Falkenberg West;11100204;2018;4;13;3;3;0;3;0;0;1;0;0;0;1;0;806685,1136;5833405,647;13,52565299;52,56407679
198862;11;8;8010118;Silbersteinstra�e;8100105;2018;4;15;2;3;2;6;0;0;1;0;0;0;0;0;801057,2633;5822031,349;13,43258683;52,46526789
198863;11;12;12214125;Waldidyll/Flughafensee;12200412;2018;4;13;1;3;1;5;0;0;1;0;0;0;0;0;790780,5561;5833708,96;13,29195591;52,57552381
198864;11;3;3010104;Lietzengraben;3100101;2018;4;14;2;3;5;3;0;1;1;0;0;0;0;0;800112,006;5840244,839;13,43517303;52,6290404
198865;11;2;2030401;Reichenberger Stra�e;2300417;2018;4;12;1;3;5;3;0;1;1;0;0;0;0;0;800597,6012;5825201,757;13,42869914;52,49393851
198866;11;7;7040404;Marienh�he;7400826;2018;4;15;3;2;5;2;0;0;1;0;1;0;0;0;796643,6066;5819974,659;13,36598191;52,44924561
198867;11;5;5020626;Adamstra�e                                                                                          ;5200630;2018;4;12;2;2;2;6;0;0;1;0;1;0;0;0;783342,2393;5827666,83;13,17733095;52,52527291
198868;11;6;6040806;Fischtal;6400840;2018;4;3;1;3;1;1;2;1;1;0;0;0;0;0;789378,5008;5819198,948;13,25870735;52,44618518
198869;11;2;2010102;Mehringplatz;2100102;2018;4;22;1;3;5;3;2;0;1;0;0;0;0;0;798332,9857;5825619,395;13,39581572;52,49892459
198870;11;6;6020303;Lankwitz Kirche                                                                                     ;6200313;2018;4;17;2;3;2;6;0;0;1;0;0;0;0;0;795196,0955;5818751,793;13,3436638;52,43906684
198871;11;10;10030727;Biesdorf S�d                                                                                        ;10300734;2018;4;12;2;3;2;6;0;0;1;0;0;0;0;0;809585,7188;5824200,58;13,55974201;52,47994295
198872;11;4;4030724;Lietzensee;4300415;2018;4;21;1;3;1;5;2;0;1;0;0;0;0;0;790865,4294;5826014,783;13,2864685;52,50650078
198873;11;10;10030727;Biesdorf S�d                                                                                        ;10300734;2018;4;11;2;3;2;6;0;0;1;0;0;0;0;0;809542,0913;5827048,986;13,56174783;52,50549428
198874;11;5;5020625;Borkumer Stra�e                                                                                     ;5200629;2018;4;15;2;3;8;1;0;0;1;0;0;0;0;0;784761,68;5828734,599;13,19911157;52,53410697
198875;11;3;3020209;Niedersch�nhausen;3200206;2018;4;18;1;2;6;2;0;0;1;1;0;0;0;0;798343,935;5834830,5;13,40424762;52,58148335
198876;11;7;7040403;Manteuffelstra�e                                                                                    ;7400823;2018;4;17;3;3;9;1;0;0;1;0;0;0;0;0;797285,266;5821316,624;13,37659068;52,46092648
198877;11;8;8030829;Gropiusstadt Nord;8300934;2018;4;21;2;3;5;3;2;0;1;0;0;0;0;0;802978,1495;5818314,796;13,45740539;52,43089457
198878;11;2;2020206;Graefekiez;2200213;2018;4;15;1;3;5;2;0;1;1;0;0;0;0;0;799560,4764;5824887,924;13,41318636;52,49169564
198879;11;12;12224230;Heiligensee;12400619;2018;4;21;2;3;0;1;2;0;0;0;1;0;0;0;787081,912;5836454,217;13,23990597;52,60210001
198880;11;2;2030302;Lausitzer Platz;2300315;2018;4;14;1;3;6;4;0;0;1;1;0;0;0;0;800557,1239;5825806,656;13,42865052;52,49938272
198881;11;10;10020622;Kaulsdorf Nord I                                                                                    ;10200629;2018;4;22;1;3;5;3;2;0;1;0;0;0;0;1;810901,3159;5828135,809;13,5827245;52,51446098
198882;11;2;2020204;Urbanstra�e;2200210;2018;4;20;1;2;5;2;2;1;1;0;0;0;0;1;798311,3362;5825327,503;13,39523632;52,49631998
198883;11;2;2030301;Oranienplatz;2300314;2018;4;14;1;3;5;2;0;0;1;0;0;0;0;0;799721,118;5826051,275;13,4165921;52,50203514
198884;11;3;3040512;Wilhelmsruh;3400619;2018;4;19;1;2;1;7;1;0;1;0;0;0;0;1;796704,5433;5835802,362;13,38099378;52,59109134
198885;11;2;2040701;Andreasviertel;2400521;2018;4;16;1;3;5;3;0;0;1;0;0;0;0;1;800718,275;5827875,502;13,43288633;52,51783757
198886;11;1;1011301;Charit�viertel;1100308;2018;4;13;1;3;5;3;0;1;1;0;0;0;0;0;796954,644;5828917,376;13,37851408;52,52923921
198887;11;9;9010401;Johannisthal West;9100407;2018;4;22;1;3;8;1;2;0;1;0;0;0;0;1;805153,427;5821478,44;13,49219086;52,45804023
198888;11;3;3010104;Lietzengraben;3100101;2018;4;14;1;2;5;7;0;0;1;0;0;0;0;1;800858,6433;5838764,141;13,44482378;52,61535598
198889;11;9;9041601;M�ggelheim;9401635;2018;4;13;1;3;5;3;0;0;1;0;1;0;0;0;816989,3432;5817124,74;13,6616858;52,41229347
198890;11;8;8020727;Buckow Mitte;8200832;2018;4;7;2;3;6;2;0;0;1;1;0;0;0;0;800321,6358;5816737,598;13,41703355;52,41822204
198891;11;9;9020701;Adlershof West;9200715;2018;4;16;2;3;5;2;0;0;1;0;1;0;0;0;807713,6256;5818112,781;13,52665347;52,42644117
198892;11;1;1033101;Soldiner Stra�e                                                                                     ;1300730;2018;4;14;1;3;0;5;0;0;1;0;0;0;1;1;796638,2421;5832336,272;13,37691687;52,56005811
198893;11;10;10020622;Kaulsdorf Nord I                                                                                    ;10200629;2018;4;12;1;3;5;2;0;1;1;0;0;0;0;0;810542,7851;5827967,297;13,57730079;52,51315509
198894;11;2;2040502;Friedenstra�e;2400521;2018;4;13;1;3;2;2;0;0;1;0;0;0;0;1;801249,38;5827831,795;13,44065024;52,5171527
198895;11;10;10020622;Kaulsdorf Nord I                                                                                    ;10200629;2018;4;10;1;3;5;7;0;0;1;0;0;0;0;0;810378,5507;5827950,447;13,5748727;52,51309758
198896;11;5;5010206;G�tersloher Weg;5100208;2018;4;10;1;3;5;2;0;0;1;0;0;0;0;1;782366,3126;5830500,679;13,16539246;52,55118861
198897;11;6;6030610;Lichterfelde West                                                                                   ;6300634;2018;4;14;2;2;5;2;0;0;1;0;1;0;0;0;792290,1989;5818588,935;13,300894;52,43916766
198898;11;9;9010402;Johannisthal Ost;9100409;2018;4;6;1;3;9;1;2;0;1;0;0;0;0;1;806771,4429;5818378,497;13,51308385;52,42935166
198899;11;11;11040926;Weitlingstra�e;11400929;2018;4;9;2;3;2;2;0;0;1;0;0;0;0;0;805355,1297;5827377,365;13,50055367;52,51079671
198900;11;4;4010101;Jungfernheide;4100101;2018;4;16;1;3;0;6;0;0;1;0;0;0;1;0;790446,0255;5829039,885;13,282948;52,5338444
198901;11;7;8020726;Buckow West;8200831;2018;4;1;1;3;3;6;2;0;1;0;0;0;0;1;799301,3272;5816285,089;13,40167065;52,41472476
198902;11;4;4030828;Savignyplatz;4300624;2018;4;7;1;3;2;7;0;0;1;0;0;0;0;0;792861,107;5826158,884;13,31591512;52,50672498
198903;11;6;6020306;Lankwitz S�d                                                                                        ;6200317;2018;4;22;2;2;5;2;2;0;1;0;1;0;0;0;796364,8605;5816702,848;13,35899184;52,42006746
198904;11;4;4031032;Halensee;4500937;2018;4;14;2;2;5;2;0;0;1;0;1;0;0;0;790966,3484;5824814,821;13,28690274;52,49568929
198905;11;1;1011302;Oranienburger Stra�e                                                                                ;1100309;2018;4;17;1;3;0;1;0;1;0;0;0;0;0;0;798546,7328;5828973,138;13,40196397;52,52886946
198906;11;8;8041035;Blumenviertel;8401241;2018;4;1;1;3;6;7;2;0;1;1;0;0;0;1;804776,9215;5817859,986;13,48336671;52,4258191
198907;11;3;3050924;Behaimstra�e;3500935;2018;3;18;7;3;0;3;1;1;1;0;0;0;0;0;801622,1429;5831634,158;13,44957761;52,55102741
198908;11;6;6040810;Dahlem;6400844;2018;4;14;1;1;0;3;0;1;1;0;0;0;0;0;790970,3213;5820710,827;13,28338015;52,45889457
198909;11;2;2030302;Lausitzer Platz;2300316;2018;4;18;2;3;5;5;0;0;1;0;1;0;0;0;801075,9438;5826322,584;13,4367368;52,50372111
198910;11;6;6020409;K�nigsberger Stra�e                                                                                 ;6200421;2018;4;19;1;3;2;6;0;0;1;0;1;0;0;0;793452,3658;5817170,27;13,31669694;52,4258273
198911;11;9;9051701;Hirschgarten;9501736;2018;3;12;7;3;5;3;0;1;1;0;0;0;0;0;813655,7793;5821708,426;13,61713544;52,45528847
198912;11;5;5010312;Kurstra�e                                                                                           ;5100314;2018;4;12;1;2;5;3;0;1;1;0;0;0;0;0;784907,8337;5830123,697;13,20245171;52,54648516
198913;11;1;1011204;Leipziger Stra�e                                                                                    ;1100207;2018;3;12;7;3;2;6;0;0;1;0;0;0;0;1;798634,6925;5827038,47;13,40151987;52,51147967
198914;11;11;11020514;Gro�e-Leege-Stra�e;11200513;2018;4;19;7;3;5;3;2;1;1;0;0;0;0;0;804727,3301;5831202,269;13,49483708;52,54542845
198915;11;12;12231102;Frohnau;12400721;2018;4;7;2;3;5;3;0;1;1;0;0;0;0;0;790284,0049;5840138,419;13,29028795;52,63342805
198916;11;5;5010314;Carl-Schurz-Stra�e                                                                                  ;5100316;2018;3;20;7;3;6;4;2;0;1;1;0;0;0;1;784700,2213;5828828,126;13,19828806;52,53497764
198917;11;5;5040934;Alt-Gatow;5400942;2018;4;14;7;3;2;6;0;0;1;0;0;0;0;0;783458,4417;5821965,007;13,17418594;52,47408827
198918;11;10;10010308;Marzahner Chaussee;10100311;2018;4;18;7;3;0;6;0;0;1;0;1;0;0;0;806852,6989;5830359,308;13,52530258;52,53668094
198919;11;12;12214424;Scharnweberstra�e                                                                                   ;12200309;2018;3;19;7;3;1;5;2;0;1;0;0;0;0;1;793132,2645;5832632,986;13,32560929;52,5646167
198920;11;8;8041036;Zittauer Stra�e;8401242;2018;4;13;7;3;5;2;0;1;1;0;0;0;0;0;804732,1084;5816209,545;13,48120679;52,41105149
198921;11;4;4041344;R�desheimer Platz;4400835;2018;4;13;7;3;6;4;0;1;0;1;0;0;0;0;793059,2271;5822025,435;13,31519101;52,46956354
198922;11;7;7010102;Nollendorfplatz;7100102;2018;3;19;7;3;2;6;2;0;1;0;0;0;0;1;794977,2537;5824945,543;13,34592905;52,49470818
198923;11;2;2050802;Boxhagener Platz;2500833;2018;4;13;7;2;6;2;0;0;1;1;0;0;0;0;802796,3271;5827218,496;13,46282041;52,51079913
198924;11;9;9020701;Adlershof West;9200715;2018;4;12;7;2;3;6;0;0;1;0;1;0;0;0;809178,958;5818319,534;13,54832694;52,42746809
198925;11;1;1011105;N�rdlicher Landwehrkanal                                                                            ;1100102;2018;3;18;7;3;0;6;0;0;1;0;1;0;0;1;796474,9293;5826312,039;13,36914145;52,50614608
198926;11;2;2010102;Mehringplatz;2100103;2018;4;12;7;3;3;6;0;1;0;0;0;0;0;0;798519,5603;5826508,368;13,39935298;52,50679104
198927;11;7;7010104;Dennewitzplatz;7100205;2018;3;17;7;3;6;2;0;0;1;1;0;0;0;1;796275,8397;5825315,411;13,36533002;52,49732037
198928;11;1;1022206;L�neburger Stra�e                                                                                   ;1200628;2018;4;9;7;3;5;2;0;1;0;0;0;0;1;0;796125,6247;5828422,674;13,36588846;52,52525565
198929;11;9;9051901;Dammvorstadt;9501941;2018;3;16;7;3;2;6;0;0;1;0;0;0;0;1;812096,2172;5820981,872;13,59357948;52,44967023
198930;11;5;5020419;Magistratsweg;5200423;2018;4;8;7;3;5;2;0;0;1;0;0;1;0;0;780873,0764;5828322,241;13,14158548;52,53242747
198931;11;9;9020701;Adlershof West;9200715;2018;4;8;7;3;5;3;0;0;1;0;0;0;0;0;808294,7906;5818596,372;13,53561947;52,43044804
198932;11;6;6030502;Zehlendorf S�d                                                                                      ;6300525;2018;4;15;3;2;5;3;0;0;1;0;1;0;0;0;789105,2604;5815563,47;13,25155509;52,41373579
198933;11;9;9010402;Johannisthal Ost;9100409;2018;3;15;7;3;5;3;0;0;1;0;0;0;0;1;806796,4981;5818225,175;13,51331057;52,42796348
198934;11;2;2010103;Moritzplatz;2100104;2018;4;16;7;3;5;2;0;1;1;0;0;0;0;0;799268,4386;5826094,626;13,40998201;52,50267217
198935;11;9;9041501;Altstadt Kietz;9401534;2018;4;17;7;3;1;5;0;1;1;0;0;0;1;0;811062,7869;5820281,723;13,5777699;52,44398474
198936;11;8;8010301;Reuterkiez;8100312;2018;3;15;7;3;1;5;0;0;1;0;0;0;0;1;800796,3773;5824308,734;13,43081212;52,48582456
198937;11;5;5020523;Maulbeerallee;5200527;2018;3;15;7;3;5;2;0;0;1;0;0;0;0;1;782295,107;5827414,699;13,16172332;52,52355541
198938;11;1;1044203;Leopoldplatz;1401048;2018;4;21;4;3;3;6;2;0;1;0;0;1;0;0;795423,3553;5831584,183;13,35837824;52,5539768
198939;11;1;1011302;Oranienburger Stra�e                                                                                ;1100309;2018;4;13;2;3;5;3;0;1;1;0;0;0;0;0;797992,9492;5828907,572;13,39376598;52,52858474
198940;11;9;9030901;Dorf Altglienicke;9300921;2018;4;17;7;3;2;6;0;0;1;0;1;0;0;0;809844,9578;5816535,143;13,55643867;52,41109988
198941;11;4;4030519;Kaiserin-Augusta-Allee;4300518;2018;3;15;7;3;5;7;0;0;1;0;1;0;0;1;792076,6029;5828583,589;13,30651812;52,52888247
198942;11;12;12214424;Scharnweberstra�e                                                                                   ;12200411;2018;4;17;7;3;2;6;0;0;1;0;0;0;0;0;793173,3562;5832274,525;13,32589705;52,56138117
198943;11;3;3050923;Wei�enseer Spitze;3500934;2018;4;16;2;3;4;6;0;1;0;0;0;1;0;0;800467,63;5832015,969;13,43294711;52,55508772
198944;11;1;1044103;Westliche M�llerstra�e                                                                              ;1400942;2018;3;14;7;3;6;4;0;0;1;1;0;0;0;1;795045,3508;5830934,042;13,35224133;52,54835373
198945;11;9;9031101;Gr�nau;9301126;2018;4;16;7;3;0;1;0;0;0;0;1;0;0;0;811037,2288;5816925,273;13,5742736;52,41392006
198946;11;2;2020204;Urbanstra�e;2200210;2018;3;14;7;3;2;3;0;0;1;0;0;0;0;1;798005,1205;5825276,462;13,39069336;52,49602975
198947;11;6;6010101;Fichtenberg;6100101;2018;4;16;7;2;1;1;0;0;1;0;0;0;0;0;792833,2007;5820944,31;13,31092442;52,4599927
198948;11;6;6010209;Feuerbachstra�e                                                                                     ;6100209;2018;4;16;7;3;1;5;0;1;1;0;0;0;0;0;794110,057;5821499,698;13,3301528;52,46428582
198949;11;12;12214422;Klixstra�e                                                                                          ;12200310;2018;4;12;3;3;6;2;0;0;1;1;0;0;0;0;792159,0432;5833347,963;13,31192198;52,57154933
198950;11;3;3030406;Alt-Karow;3300413;2018;3;13;7;3;2;2;0;0;1;0;0;0;0;1;803576,4077;5838866,322;13,48493604;52,61476048
198951;11;3;3051022;Hansastra�e;3501038;2018;4;16;7;3;2;6;0;0;1;0;0;0;0;0;803629,3542;5831990,563;13,47941619;52,55310664
198952;11;4;4030417;Schlo�stra�e;4300414;2018;3;12;7;3;2;5;0;0;1;0;0;0;0;1;791814,0942;5826917,2;13,30119742;52,5140842
198953;11;9;9041501;Altstadt Kietz;9401534;2018;4;16;7;3;5;2;0;1;0;0;0;0;1;0;811359,0494;5820147,027;13,58198923;52,44260906
198954;11;7;7010102;Nollendorfplatz;7100103;2018;3;11;7;2;6;2;0;0;1;1;0;0;0;1;795700,7376;5825467,169;13,35701783;52,49899267
198955;11;8;8030831;Gropiusstadt Ost;8301036;2018;3;10;7;3;5;2;0;1;1;0;0;0;0;1;803731,2971;5817998,38;13,46816178;52,42764093
198956;11;1;1011202;Unter den Linden Nord;1100206;2018;4;23;3;3;9;1;2;0;0;0;1;0;0;0;796932,7332;5827448,352;13,37688052;52,51608295
198957;11;3;3030405;Karow Nord                                                                                          ;3300411;2018;4;16;7;3;5;3;0;0;1;0;1;0;0;0;803641,6331;5839002,528;13,48602147;52,61594478
198958;11;5;5010314;Carl-Schurz-Stra�e                                                                                  ;5100316;2018;3;7;7;3;5;2;0;0;1;0;0;0;0;0;784783,5254;5828807,013;13,19949482;52,53474482
198959;11;8;8041035;Blumenviertel;8401241;2018;3;3;7;3;0;7;2;0;1;0;0;0;0;1;804302,8932;5819675,436;13,47806909;52,4423545
198960;11;6;6040701;Wannsee;6400735;2018;4;15;7;3;5;3;0;0;1;0;1;0;0;0;779429,8281;5815041,346;13,1092373;52,41407905
198961;11;2;2020204;Urbanstra�e;2200210;2018;4;9;2;3;2;6;0;0;1;0;0;0;0;0;798062,0702;5824871,258;13,39116723;52,49236649
198962;11;6;6030608;Schweizer Viertel;6300632;2018;4;17;2;3;5;3;0;1;0;0;1;0;0;0;790936,8174;5817056,995;13,27970714;52,42615518
198963;11;12;12301206;L�bars;12500929;2018;4;14;7;3;5;3;0;1;1;0;0;0;0;0;794039,5254;5838143,789;13,34384671;52,61352762
198964;11;5;5010209;An der Kappe;5100211;2018;3;21;7;3;8;7;2;0;1;0;0;0;1;1;783247,1931;5830274,956;13,17815692;52,54870737
198965;11;4;4030930;George-Grosz-Platz;4501041;2018;4;19;3;3;6;7;1;0;1;1;0;0;0;0;793144,5228;5825391,302;13,31940317;52,49969169
198966;11;1;1011401;Invalidenstra�e                                                                                     ;1100415;2018;4;21;7;3;0;1;2;1;0;0;0;0;0;0;798298,1359;5829370,479;13,39866678;52,53256718
198967;11;11;11020516;Wei�e Taube;11200515;2018;3;13;6;3;2;6;0;0;1;0;0;0;0;0;806243,2447;5830307,389;13,5162972;52,53655842
198968;11;4;4030620;Alt-Lietzow;4300619;2018;3;13;6;3;2;6;0;0;1;0;0;0;0;0;792447,9654;5827189,433;13,31075094;52,51618519
198969;11;10;10020414;Helle Mitte;10200421;2018;4;16;7;3;2;2;0;0;1;0;0;0;0;0;812187,8513;5830927,647;13,60424278;52,5387442
198970;11;2;2020204;Urbanstra�e;2200210;2018;3;22;6;3;5;2;2;0;1;0;0;0;0;0;798310,0916;5825308,671;13,39520118;52,49615185
198971;11;4;4030930;George-Grosz-Platz;4501041;2018;4;14;6;3;2;6;0;0;1;0;0;0;0;0;793274,0317;5825746,176;13,32161808;52,5028034
198972;11;7;7070705;Franziusweg/Rohrbachstra�e                                                                          ;7601546;2018;3;19;6;3;1;1;1;0;1;0;1;0;0;0;799137,7552;5812938,989;13,39628492;52,38482024
198973;11;2;2030402;Wrangelkiez;2300419;2018;3;18;6;2;0;1;1;1;0;0;0;0;0;0;801256,4907;5825665,389;13,43879422;52,49773089
198974;11;12;12301203;Wittenau S�d                                                                                        ;12500930;2018;4;19;3;3;5;2;0;0;1;0;0;0;0;0;792867,8903;5835178,81;13,32396899;52,58758097
198975;11;12;12214125;Waldidyll/Flughafensee;12200412;2018;4;17;6;3;5;7;0;0;1;0;0;0;0;0;790922,001;5833917,825;13,29422057;52,57732065
198976;11;4;4030725;Amtsgerichtsplatz;4300416;2018;3;16;6;2;5;3;0;1;1;0;0;0;0;0;791865,8813;5826237,21;13,30136206;52,5079605
198977;11;5;5030731;Gartenfelder Stra�e                                                                                 ;5300737;2018;3;15;6;3;5;3;0;0;1;0;1;0;0;0;787461,3631;5829582,949;13,23953726;52,54029567
198978;11;1;1022202;Heidestra�e                                                                                         ;1200624;2018;4;15;6;3;0;6;0;0;1;0;1;0;0;0;795547,5682;5829637,013;13,35847239;52,53645481
198979;11;3;3061430;Volkspark Prenzlauer Berg;3601450;2018;4;20;2;3;5;2;1;1;1;0;0;0;0;0;802424,0607;5829262,776;13,45921027;52,52932838
198980;11;4;4030931;Breitscheidplatz;4501042;2018;4;9;6;3;3;6;0;0;1;0;0;1;0;0;793518,3979;5825441,323;13,32493916;52,49993914
198981;11;8;8010405;Hertzbergplatz;8100418;2018;3;15;6;3;1;1;0;0;1;0;1;0;0;0;802247,3148;5823839,281;13,45168928;52,48081557
198982;11;4;4030931;Breitscheidplatz;4501042;2018;4;19;3;3;3;6;0;1;0;0;0;0;1;0;793722,4718;5825820,711;13,32827147;52,50323037
198983;11;10;10010102;Havemannstra�e                                                                                      ;10100104;2018;4;9;6;3;5;3;0;0;1;0;0;0;0;0;810262,1857;5833860,205;13,57868159;52,56612377
198984;11;7;7040401;Neu-Tempelhof;7400720;2018;3;14;6;3;5;2;0;1;1;0;0;0;0;0;797765,031;5823656,347;13,38571966;52,48163831
198985;11;3;3010102;Buch;3100102;2018;4;18;6;2;5;2;0;1;1;0;0;0;0;0;804654,038;5841363,003;13,50310399;52,63653333
198986;11;11;11030720;Herzbergstra�e;11300721;2018;3;13;6;3;2;6;0;0;1;0;0;0;0;0;805555,8108;5830060,888;13,50596681;52,53473504
198987;11;12;12103115;Breitkopfbecken;12100103;2018;4;18;3;3;5;2;0;0;1;0;0;0;0;0;795391,2878;5833996,924;13,36005485;52,57562216
198988;11;4;4041343;Binger Stra�e;4400834;2018;4;11;6;3;0;6;0;0;1;0;0;0;0;0;792635,726;5823022,723;13,30984928;52,47873104
198989;11;1;1044202;Sparrplatz;1401046;2018;4;23;6;3;5;2;2;0;1;0;0;0;0;0;794898,1069;5830243,84;13,34946333;52,54224635
198990;11;4;4030415;Schlo�garten;4300412;2018;4;15;3;3;3;6;0;0;1;0;1;0;0;0;791338,6704;5827467,609;13,29469329;52,51927273
198991;11;8;8030829;Gropiusstadt Nord;8300934;2018;3;11;6;3;2;2;0;0;0;0;1;0;1;0;803666,8036;5818058,755;13,46727096;52,42821787
198992;11;1;1011102;Gro�er Tiergarten;1100102;2018;4;19;6;3;2;6;1;0;1;0;0;0;0;0;795014,8197;5827225,277;13,34850085;52,51512408
198993;11;7;7040403;Manteuffelstra�e                                                                                    ;7400824;2018;4;18;6;3;2;6;1;0;1;0;0;0;0;0;797844,8969;5822041,925;13,38545059;52,46712327
198994;11;11;11010309;Zingster Stra�e West;11100308;2018;3;10;6;3;5;2;0;1;1;0;0;0;0;0;804418,2644;5833388,613;13,4922984;52,56519627
198995;11;12;12301206;L�bars;12500929;2018;4;18;6;3;6;4;0;0;1;1;0;0;0;0;795409,5614;5837493,127;13,36344165;52,60695218
198996;11;1;1011102;Gro�er Tiergarten;1100102;2018;3;22;6;2;0;7;2;0;0;0;0;0;1;0;796445,8536;5827808,282;13,37004718;52,51957423
198997;11;7;7040403;Manteuffelstra�e                                                                                    ;7400825;2018;4;18;6;3;6;4;0;1;0;1;0;0;0;0;797830,5846;5820780,685;13,38411517;52,45582543
198998;11;11;11051331;Karlshorst Nord;11501340;2018;4;19;2;3;6;4;1;0;1;1;0;0;0;0;807252,1538;5824395,134;13,52566822;52,48300444
198999;11;11;11030618;Fennpfuhl West;11300617;2018;4;17;6;3;8;1;0;0;1;0;0;0;0;0;803369,776;5829660,31;13,47347139;52,53236591
199000;11;9;9020601;Schnellerstra�e                                                                                     ;9200613;2018;3;12;5;3;2;6;0;0;1;0;0;1;0;1;806032,958;5821929,887;13,50550895;52,46159453
199001;11;1;1011304;Karl-Marx-Allee;1100311;2018;4;18;3;3;5;2;0;1;1;0;0;0;0;0;799740,8942;5827579,982;13,41825915;52,51572676
199002;11;8;8010406;Treptower Stra�e Nord;8100419;2018;4;17;6;3;5;2;0;1;1;0;0;0;0;0;802526,2376;5824230,147;13,45613863;52,48416446
199003;11;5;5020523;Maulbeerallee;5200527;2018;3;9;5;3;2;6;0;0;1;0;0;0;0;0;783321,3814;5827684,776;13,17703962;52,52544466
199004;11;1;1044203;Leopoldplatz;1401049;2018;4;17;6;3;5;2;0;1;1;0;0;0;0;0;795900,6302;5831965,256;13,36573697;52,55713365
199005;11;5;5010314;Carl-Schurz-Stra�e                                                                                  ;5100316;2018;3;20;5;3;5;2;2;0;1;0;1;0;0;0;784848,0755;5829233,978;13,2008099;52,53853924
199006;11;7;7050503;Eisenacher Stra�e                                                                                   ;7501031;2018;4;16;6;3;2;6;0;0;1;0;0;0;0;0;798942,0038;5819562,405;13,39933281;52,44429834
199007;11;4;4041342;Schlangenbader Stra�e;4400833;2018;4;17;6;2;5;3;0;0;1;0;0;0;0;0;792054,0925;5822463,378;13,30081956;52,47402795
199008;11;4;4020310;Park Ruhwald;4200308;2018;4;14;3;2;5;2;0;0;1;0;1;0;0;0;789835,8862;5827385,457;13,27253591;52,51933703
199009;11;1;1011306;Heine-Viertel Ost;1100313;2018;3;20;5;3;3;6;2;1;1;0;0;0;0;0;800274,4838;5826811,133;13,42540523;52,5085418
199010;11;3;3061227;Humannplatz;3601243;2018;4;17;6;3;1;5;0;1;1;0;0;0;0;0;799613,183;5831283,754;13,41972112;52,54899534
199011;11;3;3071536;Teutoburger Platz;3701554;2018;3;19;5;3;5;7;1;0;1;0;1;0;0;0;798991,1662;5829569,581;13,40903237;52,53397212
199012;11;4;4041241;Breite Stra�e;4400832;2018;4;16;6;3;0;2;0;1;1;0;0;0;0;0;791720,2956;5822410,465;13,29587276;52,47373196
199013;11;12;12302110;Dannenwalder Weg;12601235;2018;3;18;5;3;0;2;1;1;1;0;0;0;0;0;795344,3425;5836375,099;13,36148388;52,59696564
199014;11;12;12301203;Wittenau S�d                                                                                        ;12500930;2018;4;16;6;3;5;2;0;1;1;0;0;0;0;0;792850,6731;5835170,072;13,32370785;52,58751191
199015;11;1;1044202;Sparrplatz;1401046;2018;3;18;5;3;5;3;0;1;1;0;0;0;0;0;794623,9514;5829871,501;13,34510226;52,53905692
199016;11;12;12214424;Scharnweberstra�e                                                                                   ;12200411;2018;3;17;5;3;2;2;0;0;1;0;0;0;0;0;793089,5269;5832225,158;13,32462034;52,56098375
199017;11;4;4010102;Pl�tzensee;4100101;2018;4;17;3;3;5;2;0;0;1;0;0;0;1;0;793341,1861;5829717,405;13,32610679;52,53836757
199018;11;11;11030618;Fennpfuhl West;11300617;2018;4;15;6;3;2;6;0;0;1;0;0;0;0;0;803313,6388;5829635,48;13,47262368;52,5321746
199019;11;8;8041035;Blumenviertel;8401241;2018;3;16;5;3;5;2;0;0;1;0;0;0;1;0;804062,0841;5818546,232;13,47350998;52,43236755
199020;11;10;10010102;Havemannstra�e                                                                                      ;10100102;2018;3;16;5;3;5;3;0;0;1;0;0;0;0;0;809552,7556;5834188,28;13,56855457;52,56946763
199021;11;1;1011303;Alexanderplatzviertel;1100310;2018;4;15;6;3;0;1;0;0;1;0;1;0;0;0;799218,5625;5828935,472;13,41180408;52,52816351
199022;11;11;11030618;Fennpfuhl West;11300617;2018;4;15;6;3;3;2;0;0;1;0;0;0;0;0;803069,5219;5829534,924;13,4689442;52,53140913
199023;11;9;9020601;Schnellerstra�e                                                                                     ;9200613;2018;4;11;3;3;5;3;0;1;1;0;0;0;0;0;805825,6059;5821877,402;13,50241841;52,46124021
199024;11;8;8010214;Glasower Stra�e;8100209;2018;3;15;5;3;2;6;0;0;1;0;0;0;0;0;801751,9234;5822052,355;13,44280023;52,46507298
199025;11;8;8020620;Tempelhofer Weg;8200624;2018;4;15;6;2;6;4;0;0;1;1;0;0;0;0;800954,4218;5820982,967;13,43013239;52,45592751
199026;11;4;4051549;Rathaus Wilmersdorf;4501146;2018;3;15;5;3;5;2;0;1;1;0;0;0;0;0;792853,0135;5823935,06;13,31384104;52,48679343