OBJECTID;LAND;BEZ;LOR;STRASSE;LOR_ab_2021;UJAHR;UMONAT;USTUNDE;UWOCHENTAG;UKATEGORIE;UART;UTYP1;ULICHTVERH;IstRad;IstPKW;IstFuss;IstKrad;IstGkfz;IstSonstig;USTRZUSTAND;LINREFX;LINREFY;XGCSWGS84;YGCSWGS84
199359;11;8;8010508;Wei�e Siedlung;8100520;2018;4;15;4;3;6;4;0;0;0;1;0;0;1;0;803216,8695;5822727,056;13,46491131;52,47030933
199360;11;1;1011302;Oranienburger Stra�e                                                                                ;1100309;2018;4;19;5;3;5;7;0;0;1;0;1;0;0;0;798132,5883;5828446,057;13,39540452;52,52437152
199361;11;2;2020206;Graefekiez;2200212;2018;4;8;2;3;5;3;0;1;1;0;0;0;0;0;799222,3477;5824585,69;13,40794961;52,48917199
199362;11;9;9020701;Adlershof West;9200715;2018;4;16;4;3;3;6;0;0;1;0;1;0;0;0;807943,6138;5819089,35;13,53092453;52,43506397
199363;11;4;4010102;Pl�tzensee;4100101;2018;4;16;4;3;0;2;0;0;1;0;0;0;1;0;791679,1767;5830692,694;13,30252767;52,54800294
199364;11;6;6030502;Zehlendorf S�d                                                                                      ;6300525;2018;4;19;5;2;5;2;0;1;1;0;0;0;0;0;790224,0944;5815099,114;13,26755653;52,4089806
199365;11;1;1011105;N�rdlicher Landwehrkanal                                                                            ;1100102;2018;4;6;2;2;5;3;0;1;1;0;0;0;0;0;796566,8556;5826869,613;13,37098865;52,51109421
199366;11;8;8030829;Gropiusstadt Nord;8300934;2018;4;14;4;3;5;2;0;0;1;0;0;0;0;0;803156,773;5818431,928;13,46013085;52,43184547
199367;11;4;4030931;Breitscheidplatz;4501042;2018;4;14;4;2;3;6;0;0;1;0;1;0;0;0;793877,0239;5825510,73;13,33026831;52,50036832
199368;11;7;7050501;Rathausstra�e                                                                                       ;7501030;2018;4;18;5;3;6;2;0;0;1;1;0;0;0;0;797901,2779;5820051,854;13,38450235;52,44925372
199369;11;12;12214125;Waldidyll/Flughafensee;12200414;2018;4;8;4;3;3;6;0;0;1;0;1;0;0;0;791923,8478;5831469,789;13,30680895;52,55483831
199370;11;8;8010404;Rixdorf;8100417;2018;4;13;4;3;5;3;0;0;1;0;0;0;0;0;801741,2618;5822667,104;13,44319969;52,47058899
199371;11;4;4030620;Alt-Lietzow;4300619;2018;4;18;5;3;6;4;0;0;0;1;0;0;1;0;791834,8288;5827464,118;13,30198183;52,51897613
199372;11;9;9010401;Johannisthal West;9100407;2018;4;12;2;3;6;7;0;0;1;1;0;0;0;1;805681,59;5819291,583;13,49793895;52,43814529
199373;11;5;5030731;Gartenfelder Stra�e                                                                                 ;5300737;2018;4;13;4;3;5;2;0;0;1;0;0;0;1;0;788032,5992;5829370,155;13,24775235;52,53808622
199374;11;5;5010314;Carl-Schurz-Stra�e                                                                                  ;5100316;2018;4;13;5;3;6;7;0;1;0;1;0;0;0;0;785154,8694;5829169,12;13,20526546;52,53779727
199375;11;4;4041342;Schlangenbader Stra�e;4400833;2018;4;10;4;2;5;2;0;0;1;0;0;0;0;0;792410,528;5822794,892;13,30634303;52,47680921
199376;11;7;7020203;Kaiser-Wilhelm-Platz;7200409;2018;4;9;7;3;1;5;0;1;1;0;0;0;0;1;795871,4835;5824524,011;13,35868814;52,49044549
199377;11;1;1011306;Heine-Viertel Ost;1100313;2018;4;13;4;3;5;3;0;1;1;0;0;0;0;0;800375,554;5826506,906;13,42661546;52,50575927
199378;11;12;12231101;Hermsdorf;12400722;2018;4;12;5;3;8;1;0;0;1;0;0;0;0;0;791263,014;5838662,487;13,30341251;52,6196727
199379;11;1;1022101;Huttenkiez;1200517;2018;4;18;3;3;5;2;0;1;1;0;0;0;0;0;792738,6561;5828278,975;13,3159815;52,5257966
199380;11;5;5010314;Carl-Schurz-Stra�e                                                                                  ;5100316;2018;4;12;4;2;3;6;0;0;1;0;1;0;0;0;784207,0639;5828957,014;13,19114719;52,53639066
199381;11;3;3061228;Erich-Weinert-Stra�e;3601245;2018;4;17;5;3;6;4;0;0;1;1;0;0;0;0;800625,1873;5830992,037;13,43433705;52,54582309
199382;11;1;1011204;Leipziger Stra�e                                                                                    ;1100207;2018;4;23;2;3;1;5;2;1;1;0;0;0;0;0;797827,9426;5827029,395;13,38965919;52,5118394
199383;11;1;1022106;Elberfelder Stra�e                                                                                  ;1200522;2018;4;11;4;3;2;6;0;0;1;0;0;0;0;0;793713,5705;5828115,405;13,3301661;52,52380593
199384;11;5;5020418;Spandauer Stra�e                                                                                    ;5200421;2018;4;10;4;3;1;5;0;0;1;0;0;0;0;0;781391,9085;5828665,861;13,14950502;52,53524095
199385;11;6;6030503;Zehlendorf Mitte                                                                                    ;6300527;2018;4;12;5;3;5;2;0;1;0;0;1;0;0;0;790497,4445;5818066,172;13,2741402;52,43543619
199386;11;8;8010214;Glasower Stra�e;8100209;2018;4;19;1;3;6;7;0;0;1;1;0;0;0;0;801215,6521;5822114,293;13,43498614;52,46592404
199387;11;10;10010309;Springpfuhl;10100312;2018;4;9;4;2;6;4;0;0;1;1;0;0;0;0;807691,9536;5830166,915;13,53745923;52,53448357
199388;11;6;6010102;Schlo�stra�e                                                                                        ;6100102;2018;4;9;4;3;0;5;0;1;1;0;0;0;0;0;793060,6799;5821405,145;13,31466755;52,46400202
199389;11;2;2030302;Lausitzer Platz;2300316;2018;4;17;5;3;3;2;0;0;0;0;1;1;0;0;800625,7693;5826266,423;13,43007376;52,50346594
199390;11;2;2030301;Oranienplatz;2300314;2018;4;21;4;3;1;5;2;1;1;0;0;0;0;0;799931,9157;5826039,987;13,41967815;52,50181814
199391;11;2;2050801;Traveplatz;2500832;2018;4;21;7;3;5;2;2;1;1;0;0;0;0;0;803612,5881;5827324,947;13,47490832;52,51129953
199392;11;11;11010309;Zingster Stra�e West;11100308;2018;4;12;5;3;1;5;0;0;1;0;0;0;0;0;804874,2229;5833198,1;13,49882939;52,5632337
199393;11;9;9041301;Kietzer Feld/Nachtheide                                                                             ;9401329;2018;4;17;3;3;5;7;0;0;0;0;1;0;1;0;811809,583;5819902,541;13,58836816;52,44016142
199394;11;12;12103219;Sch�fersee;12100204;2018;4;9;4;3;5;2;0;1;1;0;0;0;0;0;795629,237;5833003,774;13,36267068;52,56659035
199395;11;8;8010301;Reuterkiez;8100310;2018;4;22;7;3;5;2;2;1;1;0;0;0;0;0;801052,9749;5824919,229;13,43513106;52,49115518
199396;11;9;9020501;Obersch�neweide West;9200510;2018;4;12;5;3;0;4;0;1;0;1;0;0;0;0;806604,8919;5822036,884;13,51399906;52,4622329
199397;11;4;4041134;Bismarckallee;4400726;2018;4;18;3;3;5;3;0;1;1;0;0;0;0;0;790854,8414;5823647,167;13,28424564;52,48528064
199398;11;8;8020625;Handwerker-Siedlung;8200730;2018;4;8;4;3;0;1;0;0;1;0;1;0;0;0;802164,2751;5818938,335;13,44603442;52,43693361
199399;11;10;10030727;Biesdorf S�d                                                                                        ;10300734;2018;4;16;5;3;5;2;0;0;1;0;1;0;0;0;809633,6444;5825752,953;13,56188754;52,4938277
199400;11;11;11030720;Herzbergstra�e;11300721;2018;4;17;2;3;5;2;0;1;1;0;0;0;0;1;805200,8399;5828716,663;13,49951578;52,52288643
199401;11;3;3020210;Herthaplatz;3200207;2018;4;8;4;3;0;1;0;0;0;0;1;0;0;1;798357,1189;5835857,539;13,40536638;52,59068197
199402;11;9;9041301;Kietzer Feld/Nachtheide                                                                             ;9401329;2018;4;12;5;3;1;5;0;0;1;0;0;0;0;0;811520,2959;5819059,065;13,58334002;52,43276746
199403;11;9;9010302;Sp�thsfelde;9100306;2018;4;8;4;3;2;6;0;0;1;0;0;0;0;0;804172,4768;5821398,913;13,47772572;52,45787425
199404;11;10;10010309;Springpfuhl;10100312;2018;4;16;5;3;5;3;0;0;1;0;0;0;0;0;807828,4208;5829085,607;13,53846366;52,52471591
199405;11;11;11030618;Fennpfuhl West;11300618;2018;4;11;5;2;1;5;0;0;1;0;0;0;0;0;802402,2816;5829004,372;13,45865518;52,5270244
199406;11;4;4020209;Eichkamp;4200207;2018;4;14;1;3;0;1;0;1;1;0;0;0;0;0;789715,1991;5824754,887;13,26847271;52,49581756
199407;11;6;6030503;Zehlendorf Mitte                                                                                    ;6300527;2018;4;7;4;3;6;2;0;0;1;1;0;0;0;0;790373,7835;5818254,269;13,27248964;52,43718819
199408;11;1;1011303;Alexanderplatzviertel;1100310;2018;4;16;5;3;1;5;0;1;0;0;0;0;1;0;799723,3592;5827458,739;13,41789231;52,51464964
199409;11;11;11040925;Victoriastadt;11400927;2018;4;17;3;3;5;2;0;1;0;0;0;0;1;0;803707,3897;5826284,868;13,47535213;52,5019248
199410;11;10;10030727;Biesdorf S�d                                                                                        ;10300734;2018;4;11;5;3;5;3;0;1;1;0;0;0;0;0;809586,1447;5824152,062;13,55970322;52,4795079
199411;11;5;5020625;Borkumer Stra�e                                                                                     ;5200629;2018;4;15;3;2;6;2;0;0;1;1;0;0;0;0;784517,8652;5828661,948;13,19546455;52,53358291
199412;11;7;7010102;Nollendorfplatz;7100102;2018;4;23;4;3;5;2;2;0;1;0;0;0;0;0;794960,1981;5825648,757;13,3463013;52,50102124
199413;11;4;4041342;Schlangenbader Stra�e;4400833;2018;4;16;5;3;1;5;0;0;1;0;1;0;0;0;792374,3806;5822758,285;13,30578023;52,47650039
199414;11;10;10010309;Springpfuhl;10100312;2018;4;16;2;3;2;2;0;0;1;0;0;0;1;0;807839,5891;5829090,173;13,53863199;52,52475053
199415;11;9;9020702;Adlershof Ost;9200717;2018;4;7;4;2;5;2;0;0;1;0;1;0;0;1;809358,5987;5819663,976;13,55220449;52,43941532
199416;11;3;3040818;Pankow S�d                                                                                          ;3400828;2018;4;11;5;3;5;3;0;1;1;0;0;0;0;0;800057,3283;5832600,827;13,42744211;52,56055615
199417;11;1;1044202;Sparrplatz;1401047;2018;4;7;4;3;5;3;0;0;1;0;0;0;0;0;795527,7465;5830475,402;13,35892673;52,54398097
199418;11;4;4030931;Breitscheidplatz;4501042;2018;4;11;5;3;3;6;0;0;1;0;1;0;0;0;794278,6765;5825951,529;13,3365578;52,50410338
199419;11;10;10020412;Alte Hellersdorfer Stra�e;10200417;2018;4;15;4;3;6;7;0;1;0;1;0;0;0;0;811329,919;5831818,516;13,59246882;52,54721828
199420;11;10;10040931;Mahlsdorf Nord                                                                                      ;10400938;2018;4;16;5;3;0;1;0;0;0;0;1;0;0;0;812891,3015;5828272,954;13,61208315;52,51455209
199421;11;4;4031032;Halensee;4500937;2018;4;11;5;2;3;6;0;0;1;0;0;0;1;0;791140,3349;5824963,832;13,28958858;52,49693238
199422;11;6;6040701;Wannsee;6400735;2018;4;16;2;3;8;1;0;0;1;0;0;0;0;1;784468,9432;5816444,344;13,18432168;52,42406322
199423;11;1;1011301;Charit�viertel;1100308;2018;4;21;4;3;5;2;2;1;1;0;0;0;0;0;797255,1051;5829081,759;13,3830772;52,53054895
199424;11;3;3030715;Heinersdorf;3300516;2018;4;11;5;2;1;5;0;0;1;0;1;0;0;0;800241,1648;5833814,189;13,43124398;52,57133042
199425;11;4;4010101;Jungfernheide;4100101;2018;4;4;4;3;5;3;2;0;1;0;0;0;1;0;791248,2425;5829724,766;13,29534175;52,53955618
199426;11;3;3050923;Wei�enseer Spitze;3500934;2018;4;11;5;3;5;3;0;1;1;0;0;0;0;0;801107,7081;5831516,832;13,441907;52,55026042
199427;11;10;10010206;Ringkolonnaden;10100209;2018;4;16;4;3;5;2;0;1;1;0;0;0;0;0;809972,4161;5832042,471;13,57272261;52,54999929
199428;11;10;10010309;Springpfuhl;10100312;2018;4;10;5;2;6;4;0;0;1;1;0;0;0;0;807818,8302;5830174,225;13,53933064;52,53447745
199429;11;6;6040703;Nikolassee;6400737;2018;4;16;7;2;0;3;0;1;0;0;0;0;1;0;786867,2267;5817441,451;13,22035044;52,43175111
199430;11;10;10010310;Alt-Marzahn;10100315;2018;4;20;4;3;5;3;2;0;1;0;0;1;0;0;809930,5242;5831618,592;13,5717112;52,54622453
199431;11;8;8010301;Reuterkiez;8100312;2018;4;9;5;3;0;1;0;1;0;0;0;0;0;0;801268,4224;5824595,79;13,4380023;52,48813726
199432;11;6;6020409;K�nigsberger Stra�e                                                                                 ;6200421;2018;4;9;3;3;5;3;0;0;1;0;0;0;0;0;793655,7671;5817425,651;13,31990398;52,42800761
199433;11;2;2040701;Andreasviertel;2400623;2018;4;9;5;3;5;2;0;1;0;0;0;0;1;0;800360,6424;5827181,603;13,42700523;52,51181501
199434;11;2;2030302;Lausitzer Platz;2300315;2018;4;14;3;2;5;7;0;0;1;0;1;0;0;0;800451,1559;5825763,468;13,4270552;52,49905395
199435;11;4;4031032;Halensee;4500937;2018;4;18;4;3;3;6;0;1;1;0;0;0;0;0;791398,2203;5825038,242;13,29344171;52,49746184
199436;11;3;3020209;Niedersch�nhausen;3200205;2018;4;18;4;2;6;7;0;0;1;1;0;0;0;0;797802,6277;5836096,108;13,39741982;52,59312426
199437;11;6;6040702;D�ppel;6400736;2018;4;9;5;3;2;6;0;1;1;0;0;0;0;0;787499,1117;5816814,301;13,22908002;52,42579647
199438;11;7;7010102;Nollendorfplatz;7100102;2018;4;13;2;3;0;5;0;1;0;0;0;0;1;0;795500,4638;5824982,111;13,35364584;52,49475298
199439;11;4;4030415;Schlo�garten;4300412;2018;4;18;4;3;2;2;0;0;1;0;0;0;0;0;791673,1958;5827539,929;13,29967294;52,51974224
199440;11;3;3071537;Kollwitzplatz;3701556;2018;4;8;5;3;5;7;0;0;1;0;1;0;0;0;799516,7248;5829421,478;13,41662399;52,53235606
199441;11;12;12224229;Konradsh�he/Tegelort;12400616;2018;4;11;4;2;1;5;0;0;1;0;1;0;0;0;786319,2819;5834404,422;13,22690406;52,5841246
199442;11;1;1022104;Emdener Stra�e                                                                                      ;1200520;2018;4;9;7;2;2;6;0;0;1;0;0;0;0;1;794284,2277;5828437,911;13,33883842;52,52638929
199443;11;2;2030301;Oranienplatz;2300314;2018;4;18;4;3;5;2;0;1;0;0;0;0;1;0;800137,2311;5825743,355;13,42242647;52,49904641
199444;11;7;7050503;Eisenacher Stra�e                                                                                   ;7501031;2018;4;8;5;3;5;2;0;0;1;0;0;0;1;0;799475,2868;5820508,901;13,40800412;52,4524906
199445;11;2;2050803;Stralauer Kiez;2500835;2018;4;23;3;3;2;6;2;1;1;0;0;0;1;0;802438,4538;5826240,479;13,4566747;52,50223171
199446;11;12;12214527;Alt-Tegel;12200515;2018;4;18;4;3;5;2;0;0;1;0;0;0;0;0;790135,382;5835786,8;13,28428136;52,59449585
199447;11;1;1044202;Sparrplatz;1401047;2018;4;22;7;3;2;2;2;1;1;0;0;0;0;0;795702,7219;5830592,092;13,36160331;52,54493205
199448;11;8;8010301;Reuterkiez;8100310;2018;4;17;4;3;5;2;0;1;1;0;0;0;0;0;801006,066;5824825,736;13,43435779;52,49034304
199449;11;3;3061227;Humannplatz;3601243;2018;4;8;5;2;5;2;0;0;1;0;1;0;0;0;799542,5002;5831336,759;13,41872963;52,54950931
199450;11;3;3050923;Wei�enseer Spitze;3500934;2018;4;8;3;3;2;6;0;0;1;0;0;1;0;0;800220,2833;5832170,212;13,42944924;52,55660664
199451;11;2;2040502;Friedenstra�e;2400521;2018;4;17;4;3;5;2;0;1;1;0;0;0;0;0;800478,0633;5828221,427;13,42966933;52,52107059
199452;11;1;1011302;Oranienburger Stra�e                                                                                ;1100309;2018;4;8;5;3;6;4;0;0;1;1;0;0;0;0;797619,6461;5828748,169;13,38813667;52,52735982
199453;11;12;12103219;Sch�fersee;12100204;2018;4;12;3;3;2;6;0;0;1;0;0;0;0;0;795672,1116;5832527,408;13,36287686;52,56229692
199454;11;9;9020701;Adlershof West;9200715;2018;4;17;4;3;5;2;0;1;1;0;0;0;0;0;809056,5156;5818762,242;13,54694096;52,4315048
199455;11;11;11020514;Gro�e-Leege-Stra�e;11200513;2018;4;16;4;3;2;6;0;0;1;0;1;0;0;0;804855,3076;5830907,967;13,49644839;52,5427192
199456;11;7;7010104;Dennewitzplatz;7100206;2018;4;8;5;2;0;3;0;1;0;0;0;0;0;0;796667,2303;5824306,507;13,37018021;52,48806391
199457;11;11;11010205;Falkenberg West;11100204;2018;4;9;2;3;5;2;0;1;0;0;0;0;1;1;806625,2338;5832929,447;13,52433235;52,55984278
199458;11;1;1011105;N�rdlicher Landwehrkanal                                                                            ;1100102;2018;4;7;3;3;0;2;0;1;1;0;0;0;0;0;796643,1118;5826640,961;13,37190523;52,50900311
199459;11;11;11010309;Zingster Stra�e West;11100308;2018;4;19;3;3;5;3;1;0;1;0;0;0;0;0;804439,8397;5833568,441;13,49278074;52,56679591
199460;11;3;3050923;Wei�enseer Spitze;3500934;2018;4;7;5;3;5;2;0;1;1;0;0;0;0;0;801062,4179;5831433,242;13,44116528;52,54953623
199461;11;6;6040810;Dahlem;6400844;2018;4;8;4;3;5;3;0;1;1;0;0;0;0;0;792416,7733;5821433,659;13,30524154;52,46460263
199462;11;12;12304314;Ziekowstra�e/Freie Scholle;12500824;2018;4;8;7;3;0;5;0;0;1;0;1;0;0;0;790992,9717;5836213,398;13,29728114;52,597862
199463;11;4;4030415;Schlo�garten;4300412;2018;4;18;3;3;3;6;0;0;1;0;0;1;0;0;791674,2154;5827729,765;13,29985439;52,52144354
199464;11;1;1022104;Emdener Stra�e                                                                                      ;1200519;2018;4;7;5;3;2;3;0;0;1;0;0;0;0;0;793627,2304;5829124,671;13,32978849;52,53289997
199465;11;3;3061430;Volkspark Prenzlauer Berg;3601450;2018;4;19;3;3;1;5;0;1;1;0;0;0;1;0;802076,6545;5829570,644;13,45438439;52,53228041
199466;11;11;11010310;M�hlengrund;11100309;2018;4;18;3;3;0;2;0;1;1;0;0;0;0;0;805488,2767;5833371,737;13,50801998;52,56444571
199467;11;3;3020209;Niedersch�nhausen;3200206;2018;4;7;5;3;2;5;0;1;1;0;0;0;0;0;797621,0882;5834802,844;13,39358605;52,58163132
199468;11;3;3030715;Heinersdorf;3300516;2018;4;21;2;2;9;1;2;0;1;0;0;0;0;0;801109,4566;5834201,036;13,44436845;52,57431811
199469;11;1;1011303;Alexanderplatzviertel;1100310;2018;4;18;3;3;1;5;0;1;1;0;0;0;0;0;799597,371;5828491,569;13,41697142;52,52397657
199470;11;5;5020524;Weinmeisterhornweg;5200528;2018;4;18;3;3;5;2;0;0;1;0;1;0;0;0;783795,0437;5826305,999;13,18282636;52,51283592
199471;11;1;1044203;Leopoldplatz;1401048;2018;4;7;5;3;2;6;0;0;1;0;0;0;0;0;795094,063;5831220,137;13,35321188;52,55089195
199472;11;12;12301206;L�bars;12500929;2018;4;18;1;3;5;7;0;0;1;0;0;0;0;0;794207,6964;5838281,614;13,34644591;52,61467209
199473;11;4;4031032;Halensee;4500938;2018;4;22;5;3;5;3;2;0;1;0;0;0;0;0;791837,0344;5824679,392;13,29957302;52,49401031
199474;11;2;2020205;Chamissokiez;2200211;2018;4;8;2;3;0;2;0;1;1;0;0;0;0;1;798475,3481;5824382,481;13,39679855;52,4877594
199475;11;8;8010301;Reuterkiez;8100312;2018;4;19;3;3;5;3;0;0;1;0;1;0;0;0;801446,6744;5823887,234;13,43997881;52,48168793
199476;11;4;4030518;Tegeler Weg;4300517;2018;4;15;3;3;2;6;0;0;1;0;0;0;0;0;791452,7385;5828307,639;13,29710582;52,52674253
199477;11;1;1011202;Unter den Linden Nord;1100206;2018;4;16;4;3;2;6;0;1;1;0;0;0;0;0;798356,687;5827698,016;13,39802689;52,51754376
199478;11;8;8010212;Rollberg;8100207;2018;4;17;1;3;2;6;0;1;1;0;0;0;0;0;801314,1657;5823546,255;13,43772533;52,47870479
199479;11;12;12301203;Wittenau S�d                                                                                        ;12500926;2018;4;20;3;2;5;7;0;0;1;0;1;0;0;0;793592,9332;5836125,107;13,33547915;52,59567303
199480;11;3;3061131;Falkplatz;3601142;2018;4;19;3;3;5;2;1;1;1;0;0;0;0;0;799177,295;5831110,598;13,41315591;52,54768283
199481;11;2;2030301;Oranienplatz;2300314;2018;4;20;4;3;1;5;2;1;1;0;0;0;0;0;799931,3297;5826038,372;13,41966808;52,50180398
199482;11;1;1022206;L�neburger Stra�e                                                                                   ;1200628;2018;4;7;4;3;0;2;0;1;0;0;1;0;0;0;795435,2142;5827577,931;13,35499115;52,51805778
199483;11;6;6030610;Lichterfelde West                                                                                   ;6300634;2018;4;13;7;3;2;6;0;0;1;0;0;0;1;1;791994,893;5818973,867;13,29689835;52,44277632
199484;11;10;;#NV;;2018;4;16;4;3;3;6;0;0;1;0;0;0;0;0;812096,533;5831818,441;13,60373754;52,546779
199485;11;1;1011301;Charit�viertel;1100308;2018;4;18;3;3;1;5;0;1;1;0;0;0;0;0;796677,5115;5829750,96;13,37518482;52,53686229
199486;11;3;3061228;Erich-Weinert-Stra�e;3601245;2018;4;19;3;3;5;2;2;1;1;0;0;0;0;0;800192,9689;5830930,912;13,42792712;52,54551353
199487;11;1;1022104;Emdener Stra�e                                                                                      ;1200519;2018;4;1;4;3;6;4;2;0;1;1;1;0;0;0;793964,6507;5828882,178;13,33453414;52,5305443
199488;11;1;1044203;Leopoldplatz;1401049;2018;4;17;2;2;6;4;0;1;0;1;0;0;0;1;796354,5726;5831974,475;13,37242151;52,55696945
199489;11;2;2010103;Moritzplatz;2100105;2018;4;19;3;3;5;2;1;1;1;0;0;0;0;0;799135,1069;5825790,958;13,4077508;52,50002333
199490;11;4;4030623;Ernst-Reuter-Platz;4300622;2018;4;21;4;3;0;3;2;1;1;0;0;0;0;0;793537,3302;5826191,806;13,32587887;52,5066567
199491;11;4;4030827;Karl-August-Platz;4300623;2018;4;19;3;3;6;4;0;0;0;1;0;0;1;0;792148,0587;5826467,185;13,30570974;52,50987114
199492;11;1;1011101;St�lerstra�e                                                                                        ;1100101;2018;4;16;4;3;2;6;0;0;1;0;0;0;0;0;794612,8442;5826081,756;13,34158205;52,50509045
199493;11;5;5040936;J�gerallee;5400943;2018;4;18;4;3;5;3;0;1;1;0;0;0;0;0;780059,367;5821722,203;13,12406926;52,47366462
199494;11;7;7040404;Marienh�he;7400826;2018;4;13;7;3;2;6;0;0;1;0;0;0;1;1;797295,8492;5820636,086;13,37613999;52,45482036
199495;11;8;8010303;Donaustra�e;8100314;2018;4;19;3;3;2;3;0;1;1;0;0;0;0;0;801018,6355;5823902,745;13,43370879;52,48206308
199496;11;9;9041301;Kietzer Feld/Nachtheide                                                                             ;9401329;2018;4;14;4;3;2;6;0;1;0;0;0;0;1;0;811670,7563;5819961,322;13,5863872;52,44076732
199497;11;1;1011101;St�lerstra�e                                                                                        ;1100101;2018;4;11;3;3;5;2;0;1;1;0;0;0;0;0;795252,5878;5826634,795;13,35147068;52,5097022
199498;11;1;1011303;Alexanderplatzviertel;1100310;2018;4;21;4;3;2;6;2;0;1;0;0;0;1;0;799571,3122;5828237,003;13,41635919;52,5217091
199499;11;10;10030727;Biesdorf S�d                                                                                        ;10300734;2018;4;17;3;3;0;3;0;0;1;0;1;0;0;0;809578,0177;5824139,974;13,55957271;52,47940418
199500;11;1;1011302;Oranienburger Stra�e                                                                                ;1100309;2018;4;19;4;3;5;2;0;1;0;0;0;0;0;0;798669,801;5828986,816;13,40378503;52,52892466
199501;11;5;5020625;Borkumer Stra�e                                                                                     ;5200629;2018;4;20;3;3;2;6;2;0;1;0;0;0;0;0;784668,8708;5828504,962;13,19755031;52,53209653
199502;11;7;7040405;Rathaus Tempelhof;7400927;2018;4;20;7;3;5;3;2;0;1;0;0;0;0;0;798305,5863;5822056,751;13,39222538;52,46700484
199503;11;7;7050503;Eisenacher Stra�e                                                                                   ;7501031;2018;4;18;4;2;1;1;0;0;1;0;0;1;1;0;799237,3267;5820094,191;13,40414127;52,44890358
199504;11;12;12214421;Reinickes Hof;12200307;2018;4;16;3;3;2;6;0;0;1;0;0;0;0;0;793089,464;5833869,139;13,32607206;52,57572119
199505;11;9;9010401;Johannisthal West;9100407;2018;4;17;3;3;5;2;0;1;1;0;0;0;0;0;805999,5268;5821170,196;13,50432214;52,45480455
199506;11;7;7040402;Lindenhofsiedlung;7400822;2018;4;18;4;3;2;6;0;0;1;0;0;0;1;0;796458,6064;5822642,227;13,36563687;52,47325845
199507;11;2;2020204;Urbanstra�e;2200210;2018;4;16;2;3;5;2;0;1;1;0;0;0;0;1;798006,375;5825263,604;13,39070028;52,4959138
199508;11;4;4020311;Reichsstra�e;4200309;2018;4;17;3;3;6;4;0;1;0;1;0;0;0;0;789041,1943;5827042,527;13,26055847;52,51668438
199509;11;10;10010308;Marzahner Chaussee;10100311;2018;4;17;4;3;2;6;0;0;1;0;0;0;0;0;806579,6667;5828392,116;13,51947586;52,51920431
199510;11;2;2020203;Viktoriapark;2200207;2018;4;17;3;3;5;2;0;0;1;0;0;0;0;0;797086,1083;5824718,957;13,37669883;52,49153331
199511;11;1;1011305;Heine-Viertel West;1100312;2018;4;17;4;3;2;2;0;1;1;0;0;0;0;0;799508,0637;5826689,792;13,41403713;52,50787546
199512;11;1;1022102;Beusselkiez;1200518;2018;4;6;4;3;3;6;0;0;1;0;1;0;0;0;793543,6202;5829034,113;13,32847944;52,53213321
199513;11;7;7060604;Marienfelde S�d;7601341;2018;4;17;4;2;2;6;0;0;1;0;1;0;1;0;796801,836;5815773,332;13,36457443;52,41149827
199514;11;9;9020701;Adlershof West;9200715;2018;4;19;7;2;9;1;0;0;0;0;1;0;0;0;807098,7894;5818769,408;13,51824237;52,4326715
199515;11;11;11040926;Weitlingstra�e;11400928;2018;4;16;3;3;2;6;0;0;1;0;0;1;1;0;804233,5563;5826137,069;13,4829448;52,50030703
199516;11;3;3061131;Falkplatz;3601142;2018;4;17;4;3;5;2;0;1;1;0;0;0;0;0;799177,295;5831110,598;13,41315591;52,54768283
199517;11;12;12301203;Wittenau S�d                                                                                        ;12500926;2018;4;9;3;3;6;6;0;0;1;1;0;0;0;0;793554,0891;5836119,252;13,33490214;52,59564152
199518;11;9;9030901;Dorf Altglienicke;9300920;2018;4;17;4;3;1;5;0;1;1;0;0;0;0;0;807871,7507;5817703,762;13,52859527;52,4226865
199519;11;6;6040703;Nikolassee;6400737;2018;4;14;3;3;5;3;0;1;1;0;0;0;0;0;785917,0334;5817653,196;13,20659339;52,43414711
199520;11;5;5020417;Staakener Stra�e                                                                                    ;5200420;2018;4;7;3;2;6;4;0;0;1;1;0;0;0;0;783401,3034;5828626,388;13,17901724;52,53384583
199521;11;6;6010206;Stadtpark;6100206;2018;4;7;3;3;2;2;0;0;1;0;1;0;0;0;794481,4288;5819494,691;13,33383523;52,44611187
199522;11;2;2040701;Andreasviertel;2400521;2018;4;17;4;3;0;2;0;0;1;0;1;0;0;0;800425,6853;5827973,981;13,4286762;52,51888152
199523;11;2;2030302;Lausitzer Platz;2300316;2018;4;13;2;3;6;2;0;0;1;1;0;0;0;0;801199,5213;5825940,944;13,43820674;52,5002322
199524;11;9;9020802;K�llnische Vorstadt                                                                                 ;9200819;2018;4;8;3;3;2;6;0;0;1;0;0;0;0;0;809781,7354;5820493,817;13,55917883;52,4466127
199525;11;1;1022206;L�neburger Stra�e                                                                                   ;1200628;2018;4;15;3;3;5;3;0;0;1;0;0;0;0;0;795727,71;5828198,187;13,3598407;52,52345931
199526;11;11;11040926;Weitlingstra�e;11400931;2018;4;8;3;3;0;2;0;1;1;0;0;0;0;0;806684,7809;5826908,778;13,51965326;52,50585126