OBJECTID;LAND;BEZ;LOR;STRASSE;LOR_ab_2021;UJAHR;UMONAT;USTUNDE;UWOCHENTAG;UKATEGORIE;UART;UTYP1;ULICHTVERH;IstRad;IstPKW;IstFuss;IstKrad;IstGkfz;IstSonstig;USTRZUSTAND;LINREFX;LINREFY;XGCSWGS84;YGCSWGS84
199527;11;10;10020414;Helle Mitte;10200421;2018;4;17;4;3;2;7;0;0;1;0;1;0;0;0;812120,9985;5830698,056;13,60304464;52,53672511
199528;11;11;11040926;Weitlingstra�e;11400928;2018;4;14;2;3;5;2;0;1;0;0;1;0;0;0;804596,9396;5826187,59;13,4883277;52,50055713
199529;11;7;7070703;John-Locke-Stra�e                                                                                   ;7601544;2018;4;16;3;2;5;3;0;1;1;0;0;0;0;0;799653,4739;5813949,597;13,40474332;52,39359734
199530;11;10;10040933;Mahlsdorf S�d                                                                                       ;10400941;2018;4;16;3;3;5;3;0;1;1;0;0;0;0;0;813624,5839;5825411,567;13,62015911;52,48849027
199531;11;11;11030618;Fennpfuhl West;11300618;2018;4;17;4;3;6;2;0;0;1;1;0;0;0;0;802435,8303;5828901,967;13,45905506;52,52608795
199532;11;6;6030607;Goerzwerke;6300631;2018;4;14;4;3;0;1;0;0;0;1;1;0;1;0;790632,6713;5815228,712;13,27365876;52,40992574
199533;11;4;4041240;Messelpark;4400831;2018;4;16;4;2;5;3;0;1;1;0;0;0;0;0;791133,3527;5822598,536;13,28741992;52,47573118
199534;11;11;11020514;Gro�e-Leege-Stra�e;11200513;2018;4;15;7;3;0;1;0;0;0;0;1;0;0;1;804097,6204;5830578,614;13,48500872;52,54019073
199535;11;3;3020307;Buchholz;3200308;2018;4;16;3;3;5;2;0;0;1;0;0;0;0;0;800172,9548;5836581,827;13,43274736;52,59617484
199536;11;11;11020515;Landsberger Allee;11200514;2018;4;16;4;3;2;2;0;1;1;0;0;0;0;0;803348,8748;5830086,035;13,47355275;52,5361932
199537;11;2;2030302;Lausitzer Platz;2300315;2018;4;7;3;2;5;2;0;1;1;0;0;0;0;0;800678,0277;5825795,951;13,43041656;52,49922016
199538;11;6;6030502;Zehlendorf S�d                                                                                      ;6300525;2018;4;16;3;3;2;6;0;0;1;0;0;0;0;0;790225,6058;5815004,126;13,26749635;52,40812819
199539;11;11;11030721;R�digerstra�e;11300722;2018;4;16;4;3;2;7;0;1;1;0;0;0;0;0;804102,5095;5827891,263;13,48262273;52,51610233
199540;11;4;4030827;Karl-August-Platz;4300623;2018;4;19;3;3;0;6;0;0;1;0;0;0;1;0;792310,2039;5826109,748;13,30777823;52,50657994
199541;11;8;8020619;Buschkrugallee Nord;8200623;2018;4;11;3;3;5;2;0;1;1;0;0;0;0;0;802702,9722;5820777,281;13,45560082;52,4531184
199542;11;11;11051331;Karlshorst Nord;11501340;2018;4;11;3;3;5;3;0;1;1;0;0;0;0;0;807570,1856;5825496,777;13,53135339;52,49269844
199543;11;3;3040818;Pankow S�d                                                                                          ;3400827;2018;4;7;2;3;5;3;0;0;1;0;0;0;1;1;799659,0321;5831842,867;13,42089987;52,55398164
199544;11;4;4030620;Alt-Lietzow;4300619;2018;4;16;3;2;5;2;0;0;1;0;1;0;0;0;792944,408;5827496,909;13,3183168;52,51867516
199545;11;11;11010310;M�hlengrund;11100309;2018;4;15;3;3;5;2;0;1;1;0;0;0;0;0;805791,7807;5833222,331;13,51234594;52,56293633
199546;11;5;5010339;Freiheit;5100317;2018;4;8;4;3;0;1;0;0;1;0;1;0;0;0;785788,6375;5828530,264;13,21403501;52,5317374
199547;11;4;4041136;Hagenplatz;4400728;2018;4;18;3;3;5;3;0;1;1;0;0;0;0;0;790680,1655;5822705,027;13,28085906;52,47692728
199548;11;5;5010314;Carl-Schurz-Stra�e                                                                                  ;5100316;2018;4;17;5;3;5;2;0;0;1;0;0;0;0;1;783597,5892;5829149,64;13,18234984;52,53843529
199549;11;11;11030720;Herzbergstra�e;11300721;2018;4;14;2;2;6;4;0;0;1;1;0;0;0;0;805203,1686;5828732,578;13,4995646;52,52302777
199550;11;1;1011302;Oranienburger Stra�e                                                                                ;1100309;2018;4;14;2;3;1;5;0;0;0;0;1;0;1;0;798560,0031;5829062,142;13,40223893;52,52965999
199551;11;8;8041038;Wa�mannsdorfer Chaussee;8401244;2018;4;17;5;3;5;2;0;0;1;0;0;0;0;0;806240,1685;5816366,894;13,50345317;52,41162026
199552;11;1;1011103;L�tzowstra�e                                                                                        ;1100103;2018;4;12;2;3;2;6;0;1;1;0;0;0;0;0;795555,2237;5825769,258;13,35514858;52,50177948
199553;11;7;7010101;Wittenbergplatz/Viktoria-Luise-Platz;7100101;2018;4;16;5;2;5;3;0;1;1;0;0;0;0;0;794928,2855;5825540,592;13,34573673;52,50006886
199554;11;4;4030623;Ernst-Reuter-Platz;4300622;2018;4;12;2;2;1;5;0;1;1;0;0;1;0;0;793628,3991;5826412,318;13,32741131;52,50858448
199555;11;12;12214125;Waldidyll/Flughafensee;12200412;2018;4;16;5;3;1;5;0;0;1;0;0;0;0;1;791133,5063;5833493,588;13,29696048;52,57340435
199556;11;3;3020209;Niedersch�nhausen;3200206;2018;4;10;2;3;5;7;0;0;1;0;0;1;0;0;798110,095;5834698,261;13,40068774;52,58042619
199557;11;7;7040403;Manteuffelstra�e                                                                                    ;7400823;2018;4;10;2;3;2;6;0;0;1;0;0;0;0;0;797359,2488;5821992,666;13,37827874;52,46694625
199558;11;2;2020206;Graefekiez;2200213;2018;4;10;2;3;1;5;0;1;1;0;0;0;0;0;799849,5456;5824796,119;13,41734863;52,49071404
199559;11;4;4030931;Breitscheidplatz;4501042;2018;4;10;2;2;5;2;0;0;1;0;0;0;1;0;793916,9165;5825886,112;13,33118563;52,50371194
199560;11;1;1011101;St�lerstra�e                                                                                        ;1100101;2018;4;16;5;3;6;7;0;0;1;1;0;0;0;1;794883,1762;5826275,791;13,34572524;52,5066838
199561;11;12;12231102;Frohnau;12400720;2018;4;9;2;3;5;3;0;0;1;0;0;0;0;1;789307,7353;5839353,05;13,27521531;52,62690821
199562;11;5;5010102;Goltzstra�e;5100103;2018;4;16;5;3;3;6;0;0;0;0;1;1;0;1;785207,8998;5831854,476;13,20835181;52,56184607
199563;11;7;7050501;Rathausstra�e                                                                                       ;7501030;2018;4;15;5;3;6;4;0;0;1;1;0;0;0;1;797538,9464;5820275,475;13,3793857;52,45145557
199564;11;3;3040818;Pankow S�d                                                                                          ;3400830;2018;4;15;5;3;1;5;0;0;1;0;0;0;0;0;799307,5064;5833245,374;13,41699547;52,56674614
199565;11;5;5020419;Magistratsweg;5200423;2018;4;8;2;2;5;2;0;0;1;0;1;0;0;1;781303,4218;5828384,65;13,14796586;52,53276514
199566;11;1;1011201;Wilhelmstra�e                                                                                       ;1100205;2018;4;15;5;2;1;5;0;1;1;0;0;0;0;1;797268,314;5827316,659;13,38169372;52,51471967
199567;11;8;8020619;Buschkrugallee Nord;8200622;2018;4;15;5;3;5;2;0;1;1;0;0;0;0;1;801252,6068;5821566,798;13,4350343;52,46099631
199568;11;11;11010310;M�hlengrund;11100309;2018;4;15;5;3;5;3;1;1;1;0;0;0;0;1;806064,9113;5832705,548;13,51588612;52,55815138
199569;11;5;5020417;Staakener Stra�e                                                                                    ;5200420;2018;4;8;2;3;1;5;0;0;1;0;0;0;0;1;782132,7764;5827952,566;13,15979341;52,5284622
199570;11;7;7050501;Rathausstra�e                                                                                       ;7501029;2018;4;15;5;3;0;2;0;0;1;0;1;0;0;1;797285,697;5819557,479;13,37503103;52,4451572
199571;11;7;7030301;Friedenau;7300517;2018;4;8;2;3;5;2;0;1;0;0;0;0;1;0;794256,2796;5822035,744;13,33277164;52,4690125
199572;11;9;9020501;Obersch�neweide West;9200510;2018;4;7;2;3;2;3;0;1;1;0;0;1;0;0;806523,7351;5822668,002;13,51338792;52,46793472
199573;11;4;4051551;Brabanter Platz;4501148;2018;4;14;5;3;5;2;0;0;1;0;0;0;0;0;792816,7902;5823227,981;13,31268799;52,48047408
199574;11;11;11030721;R�digerstra�e;11300724;2018;4;5;2;3;2;6;1;0;1;0;0;0;0;0;804806,584;5827474,586;13,49258485;52,51197483
199575;11;5;5010206;G�tersloher Weg;5100208;2018;4;13;5;3;5;2;0;0;1;0;0;0;0;0;782364,7875;5830494,567;13,16536483;52,5511346
199576;11;12;12301205;Waidmannslust;12500928;2018;4;18;2;3;0;1;0;1;0;0;0;0;0;0;791723,1774;5836836,76;13,30858073;52,60305895
199577;11;1;1022204;Thomasiusstra�e                                                                                     ;1200626;2018;4;12;5;3;0;2;0;1;1;0;0;0;0;1;794548,4889;5828204,766;13,34251594;52,5241566
199578;11;4;4030621;Spreestadt;4300620;2018;4;12;5;2;0;6;0;0;1;0;1;0;0;1;793387,875;5827360,033;13,32471305;52,51720973
199579;11;3;3030711;Blankenburg;3300515;2018;4;15;2;3;0;1;0;0;0;0;1;0;0;0;801312,4179;5835363,527;13,44841101;52,58462517
199580;11;11;11010103;Dorf Falkenberg;11100102;2018;4;11;5;3;5;3;0;0;1;0;1;0;0;1;809162,7328;5834439,992;13,56305288;52,57194501
199581;11;11;11051330;Karlshorst West;11501339;2018;4;12;2;3;0;1;0;1;0;0;0;0;0;0;807212,9318;5825536,284;13,52614434;52,49325368
199582;11;3;3061228;Erich-Weinert-Stra�e;3601245;2018;4;11;5;3;5;2;0;1;1;0;0;0;0;1;800191,135;5830951,57;13,42791883;52,54569971
199583;11;4;4030620;Alt-Lietzow;4300619;2018;4;8;2;3;8;1;0;0;1;0;0;0;0;0;792676,5957;5827183,312;13,31410524;52,51600767
199584;11;1;1022206;L�neburger Stra�e                                                                                   ;1200628;2018;4;11;2;3;2;6;0;0;1;0;0;0;1;0;795438,7446;5827603,422;13,35506567;52,51828438
199585;11;1;1011302;Oranienburger Stra�e                                                                                ;1100309;2018;4;10;5;3;0;3;0;1;0;0;0;0;1;1;798323,8375;5828698,949;13,39844198;52,52653375
199586;11;12;12301203;Wittenau S�d                                                                                        ;12500926;2018;4;20;2;3;5;3;2;0;1;0;0;0;1;0;793016,1491;5835691,936;13,326605;52,592101
199587;11;8;8010118;Silbersteinstra�e;8100105;2018;4;9;5;3;5;7;0;0;1;0;0;0;0;1;800594,8235;5822052,103;13,42581892;52,46570851
199588;11;1;1022104;Emdener Stra�e                                                                                      ;1200519;2018;4;17;1;2;0;7;0;0;1;1;0;0;0;0;794000,6547;5828878,708;13,3350603;52,53049377
199589;11;1;1011301;Charit�viertel;1100308;2018;4;9;5;3;1;5;0;1;1;0;0;0;0;1;796674,6156;5829618,251;13,37502377;52,53567427
199590;11;2;2030302;Lausitzer Platz;2300315;2018;4;15;1;3;1;5;0;1;1;0;0;0;0;0;800271,7265;5825840,235;13,42448915;52,49984081
199591;11;1;1011102;Gro�er Tiergarten;1100102;2018;4;9;5;3;0;1;0;0;0;0;1;0;0;1;796574,9864;5827796,847;13,37193458;52,51940151
199592;11;8;8010404;Rixdorf;8100417;2018;4;18;1;3;6;4;0;0;1;1;0;0;0;0;801677,3731;5822570,862;13,44217496;52,46976164
199593;11;7;7050501;Rathausstra�e                                                                                       ;7501029;2018;4;8;5;3;2;6;0;0;1;0;0;0;1;1;797569,9559;5819708,079;13,37933522;52,44635256
199594;11;6;6040703;Nikolassee;6400737;2018;4;20;1;3;0;7;1;1;1;0;0;0;0;0;786965,4953;5817355,463;13,2217181;52,43092861
199595;11;3;3061126;Arnimplatz;3601141;2018;4;22;1;3;5;3;2;1;1;0;0;0;0;0;798967,7982;5831458,256;13,41038858;52,55091406
199596;11;4;4030623;Ernst-Reuter-Platz;4300622;2018;4;8;5;3;6;4;0;0;1;1;0;0;0;0;793776,8966;5826063,308;13,32928504;52,50537583
199597;11;2;2020206;Graefekiez;2200212;2018;4;17;1;3;1;5;0;1;1;0;0;0;0;0;799334,9702;5824729,412;13,40973246;52,49039851
199598;11;1;1033203;Humboldthain Nordwest                                                                               ;1300836;2018;4;8;5;3;3;6;0;1;0;0;0;1;0;0;796018,8228;5830324,452;13,36601258;52,54236126
199599;11;10;10010310;Alt-Marzahn;10100315;2018;4;17;1;3;2;6;0;0;1;0;0;0;0;0;809864,4368;5831160,235;13,57031218;52,54215456
199600;11;5;5030832;Rohrdamm;5300839;2018;4;8;5;3;5;3;0;1;1;0;0;0;0;1;789004,5494;5829788,275;13,26240682;52,54132018
199601;11;8;8010301;Reuterkiez;8100312;2018;4;17;1;3;3;6;0;0;1;0;1;0;0;0;801037,8233;5824197,048;13,43425625;52,48469042
199602;11;6;6010206;Stadtpark;6100206;2018;4;8;5;3;5;3;0;0;1;0;0;0;1;0;794938,8309;5819450,031;13,34050636;52,44546498
199603;11;12;12214424;Scharnweberstra�e                                                                                   ;12200309;2018;4;16;1;3;1;5;0;1;1;0;0;0;0;0;793041,194;5832662,938;13,32429603;52,56493423
199604;11;3;3061131;Falkplatz;3601142;2018;4;7;5;3;5;3;0;0;1;0;0;0;0;1;799208,4792;5831108,124;13,41361219;52,54764353
199605;11;5;5010314;Carl-Schurz-Stra�e                                                                                  ;5100316;2018;4;16;1;3;5;3;0;1;1;0;0;0;0;0;784848,0349;5829024,458;13,2006297;52,53666071
199606;11;6;6010209;Feuerbachstra�e                                                                                     ;6100209;2018;4;14;1;3;5;3;0;1;1;0;0;0;0;0;794649,8903;5820994,892;13,33763036;52,45946966
199607;11;7;7040403;Manteuffelstra�e                                                                                    ;7400824;2018;4;7;5;3;5;3;0;1;1;0;0;0;0;0;797861,339;5821928,636;13,38559079;52,4660988
199608;11;7;7030301;Friedenau;7300515;2018;4;13;1;3;5;7;0;1;1;0;0;0;0;0;793590,8389;5822281,66;13,32322011;52,47157507
199609;11;10;10020622;Kaulsdorf Nord I                                                                                    ;10200629;2018;4;7;5;3;2;6;0;0;1;0;0;0;0;0;811295,2478;5828540,426;13,58888942;52,51786221
199610;11;2;2050801;Traveplatz;2500830;2018;4;11;1;3;5;2;0;1;1;0;0;0;0;0;802440,972;5827416,69;13,45778028;52,51277266
199611;11;1;1044202;Sparrplatz;1401046;2018;4;6;5;3;1;5;0;1;1;0;0;0;0;1;794971,0305;5830224,799;13,3505186;52,54203619
199612;11;8;8020620;Tempelhofer Weg;8200624;2018;4;10;1;3;5;3;0;1;1;0;0;0;0;0;801434,8215;5820973,465;13,43717242;52,45557762
199613;11;8;8041037;Alt-Rudow;8401243;2018;4;0;5;3;0;7;2;0;1;0;0;0;0;0;805700,6292;5816977,182;13,49610281;52,41739159
199614;11;1;1033203;Humboldthain Nordwest                                                                               ;1300836;2018;4;10;1;3;1;7;0;0;1;0;1;0;0;0;796401,8525;5830096,102;13,37144034;52,54010612
199615;11;11;11010309;Zingster Stra�e West;11100308;2018;4;9;1;3;5;3;0;1;1;0;0;0;0;0;805048,5561;5833513,355;13,50168313;52,56596148
199616;11;1;1011301;Charit�viertel;1100308;2018;4;12;5;3;0;1;0;0;0;0;1;0;0;1;796916,7416;5828886,704;13,3779296;52,52898491
199617;11;9;9051901;Dammvorstadt;9501939;2018;4;0;1;3;2;6;2;0;1;0;1;0;0;0;810921,3228;5821553,792;13,57687927;52,45546495
199618;11;3;3030711;Blankenburg;3300514;2018;4;10;5;3;0;1;0;1;0;0;0;0;0;1;802511,9734;5836815,331;13,46738794;52,59697164
199619;11;3;3071537;Kollwitzplatz;3701556;2018;4;12;1;3;5;2;0;1;0;0;1;0;0;0;799515,7545;5829059,706;13,41628378;52,52911387
199620;11;4;4041134;Bismarckallee;4400726;2018;4;12;1;2;1;5;0;1;1;0;0;0;0;0;790399,44;5824197,308;13,27803736;52,49045515
199621;11;2;2030301;Oranienplatz;2300314;2018;4;3;4;3;2;6;2;0;1;0;0;1;0;1;799949,6265;5825744,81;13,41967243;52,4991626
199622;11;3;3061332;Helmholtzplatz;3601348;2018;4;14;1;3;2;7;0;0;1;0;0;0;0;0;799852,8288;5830831,348;13,42283634;52,54480842
199623;11;2;2040503;Richard-Sorge-Viertel;2400522;2018;4;23;4;3;6;4;2;0;1;1;0;0;0;0;801882,6513;5828275,344;13,45035708;52,52077809
199624;11;4;4010103;Paul-Hertz-Siedlung;4100102;2018;4;14;1;3;2;6;0;0;1;0;0;0;0;0;791429,2065;5829182,429;13,29752683;52,53459747
199625;11;12;12302108;M�rkisches Zentrum;12601134;2018;4;13;4;3;5;7;0;1;1;0;0;0;0;0;794875,5276;5836659,482;13,3548357;52,59976929
199626;11;7;7020202;Volkspark (Rudolf-Wilde-Park);7200308;2018;4;7;4;2;0;7;0;1;1;0;0;0;0;1;794928,2435;5823220,948;13,34368312;52,47927479
199627;11;6;6040805;Fischerh�ttenstra�e                                                                                 ;6400839;2018;4;20;4;3;5;3;1;1;1;0;0;0;0;0;787766,4385;5817583,171;13,23366235;52,43254943
199628;11;4;4030931;Breitscheidplatz;4501042;2018;4;17;4;3;1;5;0;0;1;0;0;0;1;0;793931,3113;5826015,336;13,33151118;52,50486262
199629;11;12;12214528;Tegeler Forst;12400619;2018;4;9;1;3;8;1;0;1;0;0;0;0;0;0;789532,7245;5836093,166;13,27567706;52,5975636
199630;11;6;6020306;Lankwitz S�d                                                                                        ;6200317;2018;4;15;4;3;2;2;0;0;1;0;0;0;1;0;796363,823;5816704,509;13,3589781;52,42008292
199631;11;1;1011402;Arkonaplatz;1100416;2018;4;1;1;3;0;1;2;1;0;0;0;0;0;0;798731,3337;5829568,32;13,40521196;52,53410329
199632;11;10;10020414;Helle Mitte;10200421;2018;4;16;4;3;2;6;0;0;1;0;0;0;0;0;812226,7255;5830724,918;13,60462363;52,53690525
199633;11;4;4030725;Amtsgerichtsplatz;4300416;2018;4;17;4;3;2;6;0;0;1;0;0;0;1;0;791907,5871;5826260,651;13,30199538;52,50814832
199634;11;8;8010301;Reuterkiez;8100310;2018;4;12;7;2;3;6;0;1;0;0;0;0;1;0;800790,4654;5825041,726;13,4313869;52,49239786
199635;11;2;2030302;Lausitzer Platz;2300315;2018;4;17;4;3;6;4;0;0;1;1;0;0;0;0;800558,9246;5826145,176;13,42898248;52,50241598
199636;11;11;11010102;Dorf Wartenberg;11100101;2018;4;9;7;2;9;1;0;0;1;0;0;0;0;0;805916,4083;5834617,547;13,51546554;52,57537048
199637;11;5;5020626;Adamstra�e                                                                                          ;5200630;2018;4;17;4;3;2;7;0;0;1;0;0;0;0;0;784031,3084;5827417,988;13,18724795;52,5226832
199638;11;5;5030731;Gartenfelder Stra�e                                                                                 ;5300737;2018;4;18;4;3;5;2;0;0;1;0;0;0;0;0;788027,9767;5829365,948;13,24768074;52,53805095
199639;11;8;8010211;Flughafenstra�e;8100206;2018;4;19;7;3;1;5;1;1;1;0;0;0;0;0;800431,157;5823768,028;13,42496247;52,48117909
199640;11;2;2010102;Mehringplatz;2100102;2018;4;18;4;3;5;2;0;1;1;0;0;0;0;0;798223,496;5825857,565;13,39442086;52,50111933
199641;11;12;12214125;Waldidyll/Flughafensee;12200412;2018;4;19;7;3;2;6;1;0;1;0;0;0;0;0;789892,2563;5833677,588;13,27885689;52,57571647
199642;11;2;2010102;Mehringplatz;2100103;2018;4;18;4;3;5;3;0;0;1;0;1;0;0;0;798547,4188;5826265,011;13,399544;52,50459442
199643;11;4;4051551;Brabanter Platz;4501148;2018;4;18;7;3;5;2;0;0;1;0;0;0;0;0;792824,7051;5823228,939;13,31280505;52,48047842
199644;11;2;2010101;Askanischer Platz;2100101;2018;4;16;4;3;5;3;0;1;1;0;0;0;0;0;797189,3414;5826406,876;13,379721;52,5066075
199645;11;4;4051446;Preu�enpark;4501043;2018;4;17;7;3;0;1;0;0;0;0;1;0;0;0;792809,6512;5825231,586;13,31434371;52,49843966
199646;11;6;6040701;Wannsee;6400735;2018;4;15;4;3;0;5;0;1;1;0;0;0;0;0;782212,183;5815278,741;13,15023826;52,41478025
199647;11;4;4030931;Breitscheidplatz;4501042;2018;4;17;7;3;2;6;0;1;1;0;0;0;0;0;794120,2197;5826091,926;13,33435403;52,5054474
199648;11;3;3040512;Wilhelmsruh;3400619;2018;4;15;4;3;2;7;0;0;1;0;0;0;0;0;796618,5254;5835779,854;13,37970756;52,5909365
199649;11;12;12302212;Rollbergesiedlung;12601032;2018;4;17;7;3;5;3;0;0;1;0;0;0;0;0;792827,2804;5837487,371;13,32541288;52,60829775
199650;11;6;6030502;Zehlendorf S�d                                                                                      ;6300525;2018;4;17;7;3;5;3;0;1;0;0;1;0;0;0;789806,47;5815022,502;13,26136777;52,40851497
199651;11;1;1033101;Soldiner Stra�e                                                                                     ;1300730;2018;4;17;7;3;6;4;0;0;1;1;0;0;0;0;796152,3563;5832262,349;13,36970431;52,55965995
199652;11;1;1044202;Sparrplatz;1401047;2018;4;15;4;2;5;3;0;1;1;0;0;0;0;0;795249,6806;5830471,588;13,35483486;52,54409753
199653;11;3;3051022;Hansastra�e;3501038;2018;4;13;4;3;5;3;0;0;1;0;0;0;0;0;803013,6649;5832020,464;13,47039035;52,5537175
199654;11;2;2050803;Stralauer Kiez;2500835;2018;4;17;7;3;5;3;0;0;1;0;0;0;0;0;802753,7866;5826107,804;13,46118547;52,5008677
199655;11;5;5020625;Borkumer Stra�e                                                                                     ;5200629;2018;4;14;4;3;2;6;0;0;1;0;0;0;0;0;783901,4297;5828517,552;13,18627773;52,5326097
199656;11;8;8010510;Gewerbegebiet K�llnische Heide;8100521;2018;4;17;7;3;2;7;0;0;1;0;1;0;0;0;802664,0268;5823020,373;13,45706352;52,4732449
199657;11;1;1011305;Heine-Viertel West;1100312;2018;4;14;4;3;0;1;0;0;0;0;1;0;0;1;799473,7759;5827328,537;13,41410817;52,51361967
199658;11;12;12301205;Waidmannslust;12500928;2018;4;17;7;3;2;6;0;0;1;0;0;0;0;0;792603,9144;5837529,083;13,3221606;52,60879196
199659;11;8;8010303;Donaustra�e;8100314;2018;4;13;4;3;6;4;0;0;1;1;0;0;0;0;801097,8142;5823805,882;13,43478374;52,48115121
199660;11;12;12214125;Waldidyll/Flughafensee;12200412;2018;4;16;7;3;6;4;0;1;0;1;0;0;0;0;788330,4722;5832018,202;13,25443149;52,56166932
199661;11;9;9041301;Kietzer Feld/Nachtheide                                                                             ;9401329;2018;4;12;4;3;5;3;0;0;1;0;0;0;0;0;812084,1263;5819047,093;13,59159549;52,43233881
199662;11;3;3061434;Anton-Saefkow-Park;3601451;2018;4;17;7;3;5;2;0;1;1;0;0;0;0;0;801208,7886;5829513,983;13,44157745;52,53225281
199663;11;7;7040406;Germaniagarten;7400928;2018;4;11;4;2;2;6;0;0;0;0;0;1;1;1;799892,985;5821232,493;13,41478233;52,45874758
199664;11;11;3061430;Volkspark Prenzlauer Berg;3601450;2018;4;16;7;2;2;3;0;0;1;0;0;0;1;0;802533,4185;5829303,326;13,46085433;52,52963114
199665;11;10;10020519;Boulevard Kastanienallee;10200526;2018;4;14;7;3;6;4;0;0;1;1;0;0;0;0;812292,2574;5830222,372;13,60511451;52,53236435
199666;11;1;1011204;Leipziger Stra�e                                                                                    ;1100207;2018;4;22;4;3;5;3;2;0;1;0;0;0;0;0;797998,707;5826795,607;13,39195871;52,50965052
199667;11;1;1044202;Sparrplatz;1401047;2018;4;22;7;3;1;5;2;0;1;0;0;0;0;0;795469,6096;5830688,96;13,3582619;52,54592685
199668;11;4;4030828;Savignyplatz;4300624;2018;4;10;4;3;3;6;0;1;0;0;0;0;1;0;793298,9888;5826092,079;13,32228942;52,50589087
199669;11;6;6010206;Stadtpark;6100206;2018;4;20;7;3;6;2;2;0;1;1;0;0;0;0;795064,1444;5819623,927;13,34249838;52,44695625
199670;11;1;1011301;Charit�viertel;1100308;2018;4;20;4;3;5;2;2;1;1;0;0;0;0;0;796985,4437;5828724,585;13,37879456;52,52749428
199671;11;10;10010310;Alt-Marzahn;10100313;2018;4;15;7;3;2;6;0;0;1;0;0;0;0;0;809427,951;5831399,741;13,56411958;52,54454895
199672;11;3;3061227;Humannplatz;3601243;2018;4;10;4;3;0;2;0;1;0;0;0;0;1;0;799688,7842;5831264,852;13,42081568;52,54878432
199673;11;12;12301204;Wittenau Nord                                                                                       ;12500927;2018;4;15;7;3;5;3;0;1;1;0;0;0;0;0;792631,4067;5835839,748;13,32107216;52,5936332
199674;11;3;3030715;Heinersdorf;3300516;2018;4;10;4;3;5;2;0;0;1;0;0;0;0;0;800125,2121;5833865,197;13,42958436;52,57185157
199675;11;2;2010102;Mehringplatz;2100102;2018;4;14;7;3;3;6;0;1;0;0;0;0;0;0;798293,5119;5826524,724;13,39604697;52,50706129
199676;11;1;1044202;Sparrplatz;1401046;2018;4;10;4;3;2;2;0;0;1;0;0;0;1;0;794893,913;5830231,276;13,34939051;52,542136
199677;11;9;9010202;K�penicker Landstra�e;9100203;2018;4;18;7;3;5;2;0;1;1;0;0;0;0;0;804101,373;5823590,301;13,47867961;52,47755474
199678;11;2;2020203;Viktoriapark;2200209;2018;4;14;7;3;2;6;0;0;1;0;0;0;0;0;797106,152;5824355,236;13,37666889;52,48826202
199679;11;5;5020628;Graetschelsteig;5200633;2018;4;20;4;3;5;2;2;0;1;0;0;0;0;0;784744,7864;5826391,801;13,1968572;52,51311023
199680;11;7;7040402;Lindenhofsiedlung;7400822;2018;4;13;7;3;5;3;0;1;1;0;0;0;0;0;796607,4843;5821404,9;13,36672243;52,46208609
199681;11;4;4051655;Babelsberger Stra�e;4501153;2018;4;19;4;3;0;3;1;0;1;0;1;0;0;0;794027,5459;5823917,15;13,33107298;52,48600159
199682;11;4;4061757;Forst Grunewald;4400729;2018;4;13;7;3;0;3;0;1;0;0;0;0;0;0;788966,4586;5823638,433;13,25650614;52,48620507
199683;11;3;3050920;Wei�er See;3500933;2018;4;10;4;3;5;2;0;0;1;0;0;0;0;0;802410,4532;5832566,303;13,46201775;52,55894501
199684;11;7;7020204;Sch�neberger Insel;7200412;2018;4;17;1;3;0;1;0;1;0;0;0;0;0;0;796336,4176;5822988,182;13,36415057;52,47642595
199685;11;3;3010102;Buch;3100102;2018;4;7;4;3;0;6;0;1;0;0;0;0;0;1;804461,2569;5841246,332;13,50015654;52,63559581
199686;11;8;8020727;Buckow Mitte;8200832;2018;4;19;4;3;2;2;0;0;1;0;1;0;0;0;800816,326;5816625,612;13,4241851;52,41694659
199687;11;6;6010206;Stadtpark;6100206;2018;4;13;7;3;0;1;0;1;0;0;0;0;0;0;794009,6711;5819354,035;13,32679018;52,44510483
199688;11;11;11051331;Karlshorst Nord;11501340;2018;4;16;1;2;0;6;0;1;1;0;0;0;0;0;807246,921;5824241,444;13,52544977;52,48163
199689;11;5;5030731;Gartenfelder Stra�e                                                                                 ;5300737;2018;4;18;4;2;5;2;0;0;1;0;0;0;0;0;788032,4551;5829371,214;13,24775115;52,5380958
199690;11;1;1011204;Leipziger Stra�e                                                                                    ;1100207;2018;4;9;4;3;0;3;0;1;1;0;0;0;0;1;798136,2175;5826709,007;13,39390133;52,50879912
199691;11;7;7060604;Marienfelde S�d;7601341;2018;4;15;1;2;8;1;0;0;1;0;0;0;0;0;797712,6436;5815421,81;13,37761323;52,40785265
199692;11;11;11030619;Fennpfuhl Ost;11300620;2018;4;20;4;2;5;2;2;0;1;0;0;0;0;0;803558,6826;5829752,832;13,47633226;52,53308999
199693;11;4;4020311;Reichsstra�e;4200309;2018;4;13;7;3;5;3;0;1;1;0;0;0;0;0;788996,1714;5826983,533;13,25984557;52,51617933
199694;11;7;7040401;Neu-Tempelhof;7400721;2018;4;15;1;3;2;6;0;0;1;0;0;0;0;0;797817,2137;5822535,445;13,38548482;52,47156223
199695;11;2;2020206;Graefekiez;2200212;2018;4;19;4;2;6;4;0;0;1;1;0;0;0;0;800017,4987;5824454,564;13,41950741;52,48756025