OBJECTID;LAND;BEZ;LOR;STRASSE;LOR_ab_2021;UJAHR;UMONAT;USTUNDE;UWOCHENTAG;UKATEGORIE;UART;UTYP1;ULICHTVERH;IstRad;IstPKW;IstFuss;IstKrad;IstGkfz;IstSonstig;USTRZUSTAND;LINREFX;LINREFY;XGCSWGS84;YGCSWGS84
199696;11;7;7010102;Nollendorfplatz;7100102;2018;4;12;7;3;0;5;0;0;1;0;0;0;1;0;795085,1348;5825744,714;13,34822154;52,50181388
199697;11;2;2040502;Friedenstra�e;2400521;2018;4;12;7;3;5;3;0;0;1;0;0;0;1;0;800733,9765;5828102,992;13,43332268;52,51986795
199698;11;7;7040402;Lindenhofsiedlung;7400822;2018;4;9;4;3;2;6;0;0;0;0;0;1;1;1;796817,5139;5821852,279;13,37020265;52,46598239
199699;11;12;12103115;Breitkopfbecken;12100103;2018;4;12;7;3;2;6;0;0;1;0;0;0;0;0;795421,2043;5834089,861;13,36057784;52,57643902
199700;11;4;4020311;Reichsstra�e;4200309;2018;4;13;1;3;2;7;0;1;1;0;0;0;0;0;789060,4893;5827147,815;13,26093351;52,51761809
199701;11;5;5010209;An der Kappe;5100211;2018;4;8;4;3;5;2;0;0;1;0;0;0;0;1;781906,5599;5829568,241;13,15783821;52,54306612
199702;11;1;1011102;Gro�er Tiergarten;1100102;2018;4;12;7;3;0;3;0;1;0;0;0;0;1;0;796259,4596;5827566,288;13,36709263;52,51750627
199703;11;5;5010339;Freiheit;5100317;2018;4;13;1;2;0;7;0;1;0;0;0;0;0;0;787218,1608;5828340,002;13,23488693;52,52928019
199704;11;12;12214125;Waldidyll/Flughafensee;12200412;2018;4;8;4;3;5;3;0;0;1;0;1;0;0;1;789560,1517;5833666,456;13,27396009;52,57579349
199705;11;3;3061126;Arnimplatz;3601140;2018;4;13;1;3;2;6;0;0;1;0;1;0;0;0;798649,7667;5831794,216;13,40601425;52,55409991
199706;11;2;2020204;Urbanstra�e;2200210;2018;4;7;4;3;5;2;0;1;1;0;0;0;0;1;798009,8057;5825271,23;13,39075749;52,49598029
199707;11;11;11040926;Weitlingstra�e;11400929;2018;4;11;7;2;6;4;0;0;1;1;0;0;0;0;805028,9092;5826674,875;13,49511799;52,50468315
199708;11;10;10040931;Mahlsdorf Nord                                                                                      ;10400938;2018;4;7;4;3;2;6;0;0;1;0;0;0;0;1;813005,7801;5828503,58;13,61398158;52,51655305
199709;11;5;5010314;Carl-Schurz-Stra�e                                                                                  ;5100316;2018;4;11;7;3;5;2;0;0;1;0;1;0;0;0;783602,1812;5829148,827;13,18241667;52,53842561
199710;11;9;9041501;Altstadt Kietz;9401534;2018;4;12;1;3;2;6;0;0;1;0;0;0;1;0;810744,7559;5820308,779;13,57313094;52,44440802
199711;11;8;8020619;Buschkrugallee Nord;8200623;2018;4;7;4;3;5;2;0;1;1;0;0;0;0;1;801402,0438;5821118,67;13,43682257;52,45689721
199712;11;1;1011102;Gro�er Tiergarten;1100102;2018;4;10;7;3;1;5;0;1;1;0;0;0;1;0;795303,262;5827365,218;13,35286335;52,51622245
199713;11;4;4030725;Amtsgerichtsplatz;4300416;2018;4;12;1;3;2;6;0;0;1;0;0;0;0;0;791894,0925;5826424,424;13,30194073;52,50962375
199714;11;3;3040818;Pankow S�d                                                                                          ;3400827;2018;4;7;4;3;5;3;0;0;1;0;0;0;0;0;799456,8829;5832364,949;13,41839818;52,55877244
199715;11;4;4041344;R�desheimer Platz;4400835;2018;4;22;7;3;2;6;2;1;1;0;0;0;0;0;793331,8354;5822849,491;13,31991737;52,47680463
199716;11;3;3040818;Pankow S�d                                                                                          ;3400829;2018;4;11;1;3;5;3;0;1;1;0;0;0;0;0;799635,1471;5832787,939;13,42140183;52,56246578
199717;11;2;2050801;Traveplatz;2500830;2018;4;10;7;3;0;4;0;0;0;1;1;0;0;0;802674,257;5827365,968;13,4611613;52,51218864
199718;11;10;10010308;Marzahner Chaussee;10100311;2018;4;5;4;2;2;6;2;0;1;0;0;0;1;1;806361,8411;5830199,882;13,51794118;52,53552828
199719;11;8;8020728;Buckow Ost;8200833;2018;4;10;7;3;5;3;0;0;1;0;0;0;0;0;802127,5547;5816767,964;13,44353538;52,41750033
199720;11;6;6010101;Fichtenberg;6100101;2018;4;11;1;3;5;2;0;1;1;0;0;0;0;0;793517,502;5820625,588;13,32068702;52,45676835
199721;11;8;8010510;Gewerbegebiet K�llnische Heide;8100521;2018;4;19;7;3;1;1;0;0;1;0;0;0;0;0;802174,5093;5822626,963;13,44952211;52,46998973
199722;11;1;1011301;Charit�viertel;1100308;2018;4;5;4;3;0;1;1;1;0;0;0;0;0;1;797447,742;5828857,842;13,38570828;52,52843673
199723;11;12;12214125;Waldidyll/Flughafensee;12200414;2018;4;7;7;3;5;2;0;0;1;0;1;0;0;0;792005,4964;5831639,981;13,30815954;52,55632026
199724;11;5;5040935;Gro�-Glienicker Weg;5400942;2018;4;23;7;2;4;6;2;0;1;0;0;0;0;0;782902,7759;5821161,035;13,16534495;52,46716759
199725;11;1;1033201;Brunnenstra�e                                                                                       ;1300834;2018;4;20;7;3;5;7;1;0;1;0;1;0;0;0;797825,7446;5830769,902;13,39297756;52,54536951
199726;11;1;1011202;Unter den Linden Nord;1100206;2018;4;9;4;3;8;1;0;1;0;0;0;0;0;0;797175,8003;5827597,295;13,38058506;52,51728567
199727;11;1;1033201;Brunnenstra�e                                                                                       ;1300834;2018;4;19;7;3;5;3;0;1;1;0;0;0;0;0;797558,7095;5830953,987;13,38921624;52,5471655
199728;11;9;9010401;Johannisthal West;9100407;2018;4;15;3;3;0;7;0;0;1;0;0;0;1;0;805815,7681;5819630,742;13,50021702;52,44111
199729;11;9;9020802;K�llnische Vorstadt                                                                                 ;9200819;2018;4;22;7;2;8;1;2;0;0;0;1;0;0;0;810054,3275;5819440,706;13,56219983;52,43702047
199730;11;6;6030605;Botanischer Garten;6300629;2018;4;19;7;3;5;3;1;0;1;0;0;0;1;0;791861,0542;5819163,951;13,29510087;52,44455188
199731;11;2;2020202;Rathaus Yorckstra�e;2200208;2018;4;21;3;3;5;2;2;1;1;0;0;0;0;0;797943,0599;5825259,135;13,3897664;52,49590831
199732;11;8;8041040;Waltersdorfer Chaussee Ost;8401246;2018;4;6;7;3;0;7;0;0;1;0;1;0;0;0;806160,8149;5817095,129;13,50295624;52,41819149
199733;11;8;8010404;Rixdorf;8100417;2018;4;18;7;3;6;2;0;0;0;1;0;0;1;0;802479,902;5823167,747;13,45449462;52,47466781
199734;11;3;3040614;Pankow Zentrum                                                                                      ;3400722;2018;4;7;3;3;5;2;0;1;1;0;0;0;0;0;798626,4212;5834002,92;13,40765889;52,57391041
199735;11;5;5030731;Gartenfelder Stra�e                                                                                 ;5300737;2018;4;0;7;2;1;5;2;0;1;0;0;1;0;0;787713,04;5829413,254;13,24309104;52,53864144
199736;11;4;4030726;Droysenstra�e;4500936;2018;4;17;7;2;2;6;0;0;1;0;0;0;0;0;792260,674;5825349,833;13,30638353;52,499794
199737;11;3;3040508;Rosenthal;3400618;2018;4;16;7;3;5;2;0;1;1;0;0;0;0;0;796183,329;5836501,197;13,37394716;52,59763966
199738;11;1;1011301;Charit�viertel;1100308;2018;4;16;3;2;0;1;0;1;0;0;0;0;0;0;796956,5369;5828918,436;13,37854285;52,52924768
199739;11;1;1011402;Arkonaplatz;1100416;2018;4;9;6;3;1;7;0;1;1;0;0;0;0;0;798783,2025;5829102,392;13,40555559;52,52989848
199740;11;9;9051702;B�lschestra�e;9501737;2018;4;15;7;3;3;6;0;1;1;0;0;0;0;0;814203,744;5821478,211;13,62495659;52,45291082
199741;11;1;1011302;Oranienburger Stra�e                                                                                ;1100309;2018;4;14;7;3;6;4;0;0;1;1;0;0;0;0;798666,9555;5828358,176;13,40317858;52,52329134
199742;11;7;7020201;Bayerischer Platz;7200307;2018;4;17;3;3;5;3;0;0;1;0;0;0;0;0;794943,967;5824567,142;13,34510518;52,49133406
199743;11;1;1022106;Elberfelder Stra�e                                                                                  ;1200522;2018;4;16;6;3;6;7;0;0;1;1;0;0;0;0;793865,9451;5827904,179;13,33221892;52,5218303
199744;11;12;12231101;Hermsdorf;12400723;2018;4;13;7;3;5;3;0;0;1;0;0;0;0;0;791620,8139;5839541,612;13,30945819;52,62736176
199745;11;8;8020619;Buschkrugallee Nord;8200623;2018;4;17;3;3;2;6;0;0;1;0;0;0;0;0;801460,2276;5820941,708;13,43751652;52,45527897
199746;11;4;4030726;Droysenstra�e;4500936;2018;4;19;6;3;0;6;0;0;1;0;1;0;0;0;792272,4835;5825487,467;13,3066778;52,50102154
199747;11;2;2030301;Oranienplatz;2300314;2018;4;13;7;3;5;2;0;1;1;0;0;0;0;0;800333,4946;5826231,414;13,42574914;52,50331309
199748;11;2;2020203;Viktoriapark;2200209;2018;4;17;3;3;5;2;0;1;0;0;0;0;1;0;797749,362;5824034,295;13,38582718;52,48503473
199749;11;8;8041037;Alt-Rudow;8401243;2018;4;12;6;2;1;7;0;0;1;0;1;0;0;0;805855,472;5818360,685;13,49963739;52,42970485
199750;11;4;4030827;Karl-August-Platz;4300623;2018;4;20;6;3;5;3;2;0;1;0;0;0;0;0;792413,4512;5826112,79;13,30929778;52,50655188
199751;11;5;5010314;Carl-Schurz-Stra�e                                                                                  ;5100316;2018;4;13;7;3;6;7;0;0;1;1;0;0;0;0;785115,8817;5828998;13,20454536;52,53628342
199752;11;10;10040932;Alt-Mahlsdorf;10400939;2018;4;16;3;3;2;6;0;1;1;0;0;0;1;0;813005,0894;5827757,686;13,61326992;52,50986948
199753;11;2;2040703;Wriezener Bahnhof/Entwicklungsgebiet;2400625;2018;4;12;6;3;0;7;0;1;0;0;0;0;0;0;801710,853;5826165,824;13,44592039;52,50196536
199754;11;7;7040403;Manteuffelstra�e                                                                                    ;7400823;2018;4;12;7;3;5;2;0;0;1;0;0;0;0;0;796917,3822;5822287,039;13,3720553;52,46982535
199755;11;8;8030830;Gropiusstadt S�d;8300935;2018;4;16;3;3;1;7;0;0;1;0;0;0;0;0;802424,9586;5817912,794;13,44893;52,42759743
199756;11;11;11010308;Zingster Stra�e Ost;11100307;2018;4;18;6;3;1;5;0;1;1;0;0;0;0;0;804856,7422;5834181,287;13,49947585;52,57205516
199757;11;5;5040936;J�gerallee;5400943;2018;4;9;7;3;5;3;0;1;1;0;0;0;0;0;781293,3965;5819444,056;13,14026959;52,45260288
199758;11;1;1011303;Alexanderplatzviertel;1100310;2018;4;15;7;3;2;6;0;0;0;0;1;1;0;0;798948,3097;5827851,542;13,40685786;52,51859592
199759;11;12;12301203;Wittenau S�d                                                                                        ;12500930;2018;4;16;3;3;5;2;0;0;1;0;0;0;0;0;793588,1416;5835208,457;13,33459616;52,58745849
199760;11;7;7060604;Marienfelde S�d;7601340;2018;4;11;6;3;0;3;0;0;1;0;0;0;0;0;796120,7455;5815935,754;13,35473387;52,41332312
199761;11;4;4031032;Halensee;4500938;2018;4;16;7;3;1;5;0;0;1;0;1;0;0;0;791508,8198;5824896,743;13,29494247;52,49613424
199762;11;10;10020517;Adele-Sandrock-Stra�e                                                                               ;10200524;2018;4;14;7;2;6;4;0;0;1;1;0;0;0;0;812875,8226;5830238,521;13,61370477;52,53217443
199763;11;2;2030302;Lausitzer Platz;2300315;2018;4;16;3;3;5;2;0;1;0;0;0;0;1;0;800847,2866;5825833,614;13,43293646;52,49946446
199764;11;8;8010301;Reuterkiez;8100312;2018;4;4;6;3;1;5;0;1;1;0;0;0;0;0;801371,27;5824502,61;13,43942815;52,4872453
199765;11;9;9010401;Johannisthal West;9100407;2018;4;12;6;3;1;5;0;1;1;0;0;0;0;0;806110,947;5821091,955;13,50588503;52,45404093
199766;11;5;5020627;Tiefwerder;5200632;2018;4;16;3;3;5;7;0;0;1;0;0;0;1;0;785169,9668;5828310,027;13,20475033;52,53008681
199767;11;8;8010510;Gewerbegebiet K�llnische Heide;8100521;2018;4;8;6;3;5;3;0;0;1;0;0;1;0;0;802523,232;5821894,402;13,45397609;52,46323075
199768;11;10;10040933;Mahlsdorf S�d                                                                                       ;10400940;2018;4;15;7;2;6;4;0;0;1;1;0;0;0;0;812530,7436;5825057,095;13,60376944;52,48594104
199769;11;8;8020620;Tempelhofer Weg;8200624;2018;4;8;6;3;6;2;0;0;1;1;0;0;0;0;801142,5125;5820640,173;13,43258301;52,45275133
199770;11;7;7050501;Rathausstra�e                                                                                       ;7501029;2018;4;16;3;3;5;2;0;0;1;0;1;0;1;0;797489,9163;5819275,767;13,3777761;52,44252086
199771;11;3;3040818;Pankow S�d                                                                                          ;3400827;2018;4;9;6;3;5;3;0;0;1;0;0;0;0;0;799744,3146;5831840,921;13,42215222;52,55391727
199772;11;2;2010102;Mehringplatz;2100102;2018;4;16;7;2;5;3;0;1;1;0;0;0;0;0;798207,3671;5825854,907;13,39418157;52,50110432
199773;11;10;10040931;Mahlsdorf Nord                                                                                      ;10400938;2018;4;16;3;3;5;3;0;1;1;0;0;0;0;0;813857,1492;5829712,469;13,62762774;52,52689647
199774;11;3;3061429;Greifswalder Stra�e;3601449;2018;4;9;6;3;5;2;0;1;1;0;0;0;0;0;801709,0895;5830082,132;13,4494464;52,53706845
199775;11;8;8020727;Buckow Mitte;8200832;2018;4;12;7;3;6;4;0;0;1;1;1;0;0;0;801512,336;5817640,85;13,43530314;52,42566359
199776;11;3;3071536;Teutoburger Platz;3701554;2018;4;15;3;3;6;4;0;0;1;1;0;0;0;0;798917,1612;5829922,407;13,40826191;52,53717527
199777;11;12;12214424;Scharnweberstra�e                                                                                   ;12200309;2018;4;13;7;3;2;2;0;0;1;0;0;0;0;0;792445,2017;5832859,325;13,31570147;52,56701523
199778;11;4;4010103;Paul-Hertz-Siedlung;4100102;2018;4;15;3;3;0;1;0;0;0;0;1;0;0;1;791189,0487;5829115,195;13,29393728;52,53412309
199779;11;9;9010101;Elsenstra�e                                                                                         ;9100101;2018;4;15;3;3;5;3;0;0;1;0;0;0;0;0;801977,1156;5824892,023;13,44867638;52,49040089
199780;11;8;8010117;Schillerpromenade;8100102;2018;4;10;6;3;0;7;0;0;1;0;0;0;1;0;800533,0514;5823195,635;13,42594251;52,47599244
199781;11;2;2050802;Boxhagener Platz;2500833;2018;4;12;7;3;5;2;0;0;1;0;0;0;1;0;802058,9916;5827162,339;13,45193778;52,51070456
199782;11;9;9010401;Johannisthal West;9100407;2018;4;15;3;2;2;7;0;0;1;0;1;0;0;0;805807,6061;5819526,792;13,5000022;52,44018291
199783;11;2;2020206;Graefekiez;2200212;2018;4;10;6;3;5;7;0;0;1;0;1;0;0;0;800272,338;5824375,806;13,42317831;52,48671421
199784;11;1;1044203;Leopoldplatz;1401049;2018;4;15;3;3;5;2;0;1;1;0;0;0;0;0;796350,578;5831862,125;13,37226245;52,55596453
199785;11;4;4030931;Breitscheidplatz;4501042;2018;4;9;6;3;1;4;0;1;1;1;0;0;0;0;793525,4625;5825829,816;13,32538537;52,50341801
199786;11;5;5010314;Carl-Schurz-Stra�e                                                                                  ;5100316;2018;4;11;7;3;2;6;0;0;1;0;0;0;0;0;785278,8522;5829297,683;13,2071989;52,53888506
199787;11;3;3051021;Buschallee;3501037;2018;4;14;3;3;2;7;0;0;0;0;1;0;1;1;802850,4376;5832504,653;13,46843195;52,55814794
199788;11;6;6010206;Stadtpark;6100206;2018;4;9;6;3;0;7;0;0;1;0;1;0;0;1;794689,203;5819957,403;13,33729169;52,45014791
199789;11;3;3061131;Falkplatz;3601142;2018;4;12;7;2;0;1;0;1;0;0;0;0;0;0;798388,5342;5830942,848;13,40140757;52,54661178
199790;11;10;10030724;Oberfeldstra�e                                                                                      ;10300731;2018;4;14;3;3;1;5;0;0;1;0;0;0;0;0;809599,9812;5828701,827;13,56413561;52,52027361
199791;11;4;4051653;Prager Platz;4501152;2018;4;9;7;3;0;1;0;0;0;0;1;0;0;0;793993,3814;5824431,356;13,33102491;52,4906296
199792;11;2;2010102;Mehringplatz;2100102;2018;4;14;3;3;4;6;0;0;1;0;0;0;0;0;798245,3682;5826115,062;13,39497275;52,50341551
199793;11;2;2010102;Mehringplatz;2100102;2018;4;9;6;2;5;3;0;1;0;0;0;0;0;0;798027,9664;5825824,77;13,39151952;52,50093218
199794;11;6;6030504;Teltower Damm;6300528;2018;4;13;3;3;6;4;0;0;0;1;0;1;0;0;789036,7036;5816676,499;13,25151133;52,42375092
199795;11;3;3061429;Greifswalder Stra�e;3601449;2018;4;13;3;2;5;3;0;0;1;0;1;0;0;0;801433,5208;5830940,946;13,44617494;52,54491854
199796;11;1;1011204;Leipziger Stra�e                                                                                    ;1100207;2018;4;8;6;3;5;3;0;0;1;0;1;0;0;0;797875,2055;5826766,185;13,390118;52,50945423
199797;11;1;1011302;Oranienburger Stra�e                                                                                ;1100309;2018;4;12;6;3;5;2;0;1;0;0;0;0;0;0;798539,9295;5828984,689;13,40187435;52,52897672
199798;11;7;7040405;Rathaus Tempelhof;7400927;2018;4;13;3;2;1;5;0;1;0;0;0;1;0;0;798335,4165;5821005,293;13,39172338;52,45756347
199799;11;2;2040701;Andreasviertel;2400521;2018;4;9;6;3;5;2;0;1;0;0;0;0;1;0;800966,6222;5827875,957;13,4365357;52,51770465
199800;11;9;9010101;Elsenstra�e                                                                                         ;9100101;2018;4;12;3;2;5;3;0;1;0;0;0;1;0;0;802055,6351;5825557,445;13,4504326;52,49632168
199801;11;6;6010101;Fichtenberg;6100101;2018;4;8;6;2;1;5;0;1;1;0;0;0;0;0;793106,8676;5820384,204;13,31444906;52,45482477
199802;11;1;1044103;Westliche M�llerstra�e                                                                              ;1400942;2018;4;11;3;3;2;6;0;0;1;0;0;0;0;0;794649,3393;5830838,088;13,34633288;52,54770792
199803;11;3;3051017;Rennbahnstra�e;3501037;2018;4;7;6;3;2;6;0;0;1;0;0;0;0;0;802185,0709;5832951,254;13,45905375;52,56252039
199804;11;1;1022103;Westhafen;1200517;2018;4;18;6;2;5;7;0;0;1;0;1;0;0;0;794166,4763;5829359,054;13,33792284;52,53471031
199805;11;1;1011401;Invalidenstra�e                                                                                     ;1100415;2018;4;10;3;3;1;5;0;1;1;0;0;0;0;0;797381,9439;5829150,938;13,38500339;52,53109988
199806;11;12;12103218;Teichstra�e;12100205;2018;4;7;6;3;5;3;0;0;1;0;1;0;0;0;795078,1155;5834209,62;13,35563618;52,57769868
199807;11;8;8010213;K�rnerpark;8100208;2018;4;10;3;3;5;2;0;1;0;0;0;0;1;0;801253,964;5822885,022;13,4362443;52,47281119
199808;11;9;9020701;Adlershof West;9200715;2018;4;6;6;3;5;3;0;1;1;0;0;0;0;0;808201,2422;5818698,294;13,5343418;52,43141418
199809;11;1;1011305;Heine-Viertel West;1100312;2018;4;23;6;3;5;7;2;1;1;0;0;0;0;0;799603,8942;5826930,329;13,41566139;52,5099789
199810;11;12;12301204;Wittenau Nord                                                                                       ;12500927;2018;4;14;6;2;5;2;0;1;1;0;0;0;0;0;792470,3712;5835343,819;13,31826373;52,58927406
199811;11;12;12302212;Rollbergesiedlung;12601032;2018;4;9;3;3;6;4;0;0;1;1;0;0;0;0;793696,7276;5837632,782;13,33834474;52,60913219
199812;11;7;7070703;John-Locke-Stra�e                                                                                   ;7601544;2018;4;10;6;3;2;6;0;0;1;0;0;0;0;0;798855,196;5814381,608;13,39343185;52,39790594
199813;11;12;12103117;Letteplatz;12100101;2018;4;13;6;3;2;6;0;0;1;0;1;0;0;0;796218,2698;5832762,549;13,37112031;52,56410785
199814;11;1;1022207;Hansaviertel;1200629;2018;4;8;3;3;5;7;0;0;1;0;1;0;0;0;794356,7914;5827512,548;13,33908597;52,51805483
199815;11;2;2030401;Reichenberger Stra�e;2300418;2018;4;0;6;3;8;1;2;1;0;0;0;0;0;0;801075,8266;5824963,127;13,43550628;52,49153604
199816;11;7;7020201;Bayerischer Platz;7200307;2018;4;23;6;3;5;7;2;0;1;0;1;0;0;0;794618,6;5824656,946;13,34040624;52,4923148
199817;11;7;7030303;Grazer Platz;7300619;2018;4;13;6;3;1;5;0;1;1;0;0;0;1;0;795840,8594;5821012,642;13,35512382;52,45898537
199818;11;6;6030504;Teltower Damm;6300528;2018;4;8;3;3;1;7;0;1;1;0;0;0;0;0;790770,8311;5817489,189;13,27764863;52,43011814
199819;11;1;1033102;Gesundbrunnen;1300733;2018;4;21;6;3;0;2;2;1;1;0;0;0;0;0;797367,5025;5831189,47;13,38661564;52,54938072
199820;11;3;3061227;Humannplatz;3601243;2018;4;12;6;3;3;6;0;1;1;0;0;0;0;0;799615,872;5831761,916;13,42019213;52,55327979
199821;11;6;6010208;Bergstra�e                                                                                          ;6100208;2018;4;18;6;3;5;2;0;1;1;0;0;0;0;0;794339,5859;5820574,03;13,33270543;52,45586405
199822;11;5;5020625;Borkumer Stra�e                                                                                     ;5200629;2018;4;12;6;3;5;2;0;1;1;0;0;0;0;0;783794,9602;5828688,054;13,18485792;52,53419389
199823;11;7;7050504;Imbrosweg;7501032;2018;4;8;3;3;2;6;0;0;1;0;0;0;1;0;799498,2103;5820506,627;13,40833841;52,45245766
199824;11;7;7050504;Imbrosweg;7501032;2018;4;17;6;3;0;1;0;0;0;0;1;0;0;0;799979,4886;5820426,305;13,41532742;52,45147379
199825;11;2;2020205;Chamissokiez;2200211;2018;4;11;6;3;6;4;0;0;0;1;0;1;0;0;797932,3256;5824576,168;13,38899803;52,48979219
199826;11;2;2040502;Friedenstra�e;2400521;2018;4;6;3;3;9;1;0;0;1;0;0;0;0;0;800701,2404;5828469,842;13,43317331;52,52317417
199827;11;6;6020301;Alt-Lankwitz;6200311;2018;4;16;6;3;0;7;0;0;1;0;0;0;1;0;795825,6738;5819051,844;13,35316433;52,44141641
199828;11;12;12231102;Frohnau;12400721;2018;4;10;6;3;5;3;0;0;1;0;0;0;0;0;789970,308;5841007,472;13,2864286;52,64138653
199829;11;2;2020206;Graefekiez;2200213;2018;4;9;6;2;6;4;0;0;1;1;0;0;0;0;799563,9936;5824897,013;13,41324618;52,49177518
199830;11;9;9020702;Adlershof Ost;9200716;2018;4;6;3;3;5;3;0;0;1;0;0;0;0;0;809467,5173;5819065,482;13,55324769;52,43399007
199831;11;12;12103218;Teichstra�e;12100205;2018;4;16;6;3;5;2;0;1;1;0;0;0;0;0;794575,4642;5833966,951;13,3480242;52,57579568
199832;11;9;9010401;Johannisthal West;9100407;2018;4;8;6;3;6;7;0;0;1;1;0;0;0;0;805830,0156;5819049,378;13,49989405;52,43589153
199833;11;11;11030721;R�digerstra�e;11300722;2018;4;8;6;2;5;2;0;1;0;0;0;0;1;0;803861,9008;5828653,423;13,479784;52,52306742
199834;11;1;1011401;Invalidenstra�e                                                                                     ;1100414;2018;4;6;3;3;6;2;0;0;1;1;0;0;0;0;797389,6357;5829301,139;13,38525082;52,53244205
199835;11;1;1022106;Elberfelder Stra�e                                                                                  ;1200522;2018;4;16;6;3;5;2;0;0;1;0;1;0;0;0;794192,4994;5828318,094;13,33738421;52,52536471
199836;11;6;6010207;Mittelstra�e                                                                                        ;6100207;2018;4;16;6;3;2;7;0;0;1;0;0;0;0;0;794017,2919;5819732,844;13,32723538;52,44849662
199837;11;9;9020802;K�llnische Vorstadt                                                                                 ;9200819;2018;4;7;6;3;2;6;0;0;1;0;0;0;1;0;810474,6072;5820273,797;13,56913648;52,44424797
199838;11;2;2010102;Mehringplatz;2100103;2018;4;13;3;3;6;4;0;1;0;1;0;0;0;0;798675,2962;5826439,998;13,40157941;52,50609296
199839;11;4;4051445;Eisenzahnstra�e;4500939;2018;4;16;6;2;0;4;0;0;0;1;1;0;0;0;792757,522;5824271,539;13,31273433;52,48986108
199840;11;10;10040933;Mahlsdorf S�d                                                                                       ;10400940;2018;4;5;6;2;5;3;1;1;0;0;0;0;1;0;813094,2861;5826504,719;13,61340178;52,49859043
199841;11;3;3061430;Volkspark Prenzlauer Berg;3601450;2018;4;16;3;3;0;2;0;1;1;0;0;0;0;0;802261,2689;5829167,162;13,45673089;52,52856168
199842;11;2;2040702;Weberwiese;2400624;2018;4;16;6;3;4;6;0;1;1;0;0;0;0;0;801562,986;5827207,014;13,44469173;52,51137941
199843;11;4;4030620;Alt-Lietzow;4300619;2018;4;11;6;3;3;5;0;0;1;0;0;0;1;0;792550,6033;5827124,077;13,31220172;52,51554424
199844;11;7;7020203;Kaiser-Wilhelm-Platz;7200411;2018;4;21;6;3;3;6;2;1;1;0;0;0;0;0;795935,9973;5824082,856;13,3592438;52,48645593
199845;11;4;4020310;Park Ruhwald;4200308;2018;4;20;3;3;2;6;2;0;1;0;0;0;0;0;790376,5825;5827323,59;13,28042829;52,51849474
199846;11;8;8020726;Buckow West;8200831;2018;4;15;6;2;0;6;0;0;1;0;0;0;1;0;800063,3828;5817401,224;13,41384264;52,42431219
199847;11;4;4041344;R�desheimer Platz;4400835;2018;4;20;3;3;6;7;1;0;1;1;0;0;0;0;793292,8308;5822210,789;13,31878308;52,47109982
199848;11;1;1011102;Gro�er Tiergarten;1100102;2018;4;15;6;3;0;6;0;0;1;0;1;0;0;0;795079,735;5827225,102;13,34945455;52,5150874
199849;11;1;1011102;Gro�er Tiergarten;1100102;2018;4;21;6;3;5;3;2;0;1;0;0;0;0;0;795162,8421;5827238,262;13,35068738;52,5151604
199850;11;8;8010115;Hasenheide;8100102;2018;4;19;6;3;6;4;0;1;0;1;0;0;0;0;799833,137;5823659,833;13,41608556;52,48053796
199851;11;1;1011103;L�tzowstra�e                                                                                        ;1100103;2018;4;20;3;3;2;6;1;0;1;0;0;0;0;0;795413,4123;5825851,084;13,35313807;52,50258978
199852;11;2;2030401;Reichenberger Stra�e;2300417;2018;4;14;6;3;5;3;0;0;1;0;0;0;0;0;800625,6097;5825680,611;13,4295426;52,49821521
199853;11;4;4030415;Schlo�garten;4300412;2018;4;19;6;3;5;7;0;1;1;0;0;0;0;0;791680,2017;5827498,06;13,29973919;52,51936314
199854;11;1;1011304;Karl-Marx-Allee;1100311;2018;4;19;6;3;0;5;0;0;1;0;1;0;0;0;799798,5619;5827886,303;13,41938247;52,51844074
199855;11;4;4030828;Savignyplatz;4300624;2018;4;18;3;2;6;4;0;0;1;1;0;0;0;0;793294,1737;5826416,083;13,32250415;52,50879802
199856;11;7;7060603;Marienfelde Nordost;7601238;2018;4;15;6;3;2;6;0;0;1;0;0;0;0;0;798100,5348;5815823,753;13,3836566;52,41124461
199857;11;6;6010206;Stadtpark;6100206;2018;4;15;6;2;5;2;0;1;0;0;0;0;0;0;794330,759;5819564,849;13,33168654;52,44682194
199858;11;9;9020502;Obersch�neweide Ost;9200511;2018;4;19;3;2;0;1;0;1;0;0;0;0;0;0;806640,338;5822049,714;13,51453095;52,46232799
199859;11;1;1033102;Gesundbrunnen;1300733;2018;4;14;6;3;3;6;0;0;1;0;1;0;0;0;797246,9435;5831311,675;13,38495227;52,55054194
199860;11;6;6040810;Dahlem;6400844;2018;4;17;6;3;4;6;0;1;0;0;0;0;0;0;792468,1826;5821566,109;13,3061122;52,46576251
199861;11;11;11040926;Weitlingstra�e;11400929;2018;4;17;3;1;6;4;0;0;0;1;0;0;1;0;805242,093;5827314,161;13,49883527;52,5102935
199862;11;10;10010310;Alt-Marzahn;10100315;2018;4;14;6;3;3;6;0;1;0;0;0;0;1;0;809868,376;5831291,159;13,57049219;52,54332559
199863;11;3;3061228;Erich-Weinert-Stra�e;3601245;2018;4;17;6;3;0;2;0;0;1;0;1;0;0;0;800407,5165;5831531,377;13,43162464;52,55077738
199864;11;3;3061126;Arnimplatz;3601140;2018;4;19;2;3;5;2;0;1;1;0;0;0;0;0;798516,46;5831494,301;13,40378421;52,55148468
199865;11;1;1044202;Sparrplatz;1401046;2018;4;16;6;3;5;2;0;1;0;0;0;0;1;0;794726,0215;5830011,296;13,34672688;52,54025489