OBJECTID;LAND;BEZ;LOR;STRASSE;LOR_ab_2021;UJAHR;UMONAT;USTUNDE;UWOCHENTAG;UKATEGORIE;UART;UTYP1;ULICHTVERH;IstRad;IstPKW;IstFuss;IstKrad;IstGkfz;IstSonstig;USTRZUSTAND;LINREFX;LINREFY;XGCSWGS84;YGCSWGS84
200038;11;3;3061131;Falkplatz;3601142;2018;5;13;4;3;6;4;0;1;0;1;0;0;0;0;799215,0812;5831107,591;13,41370878;52,54763513
200039;11;2;2050803;Stralauer Kiez;2500835;2018;5;9;4;2;5;2;0;1;0;0;0;0;1;0;802557,8734;5825946,774;13,45816182;52,49953305
200040;11;4;4031032;Halensee;4500937;2018;5;14;1;3;2;6;0;0;1;0;0;0;0;0;791826,5517;5825188,019;13,29986465;52,49857569
200041;11;1;1022106;Elberfelder Stra�e                                                                                  ;1200522;2018;5;13;4;3;5;2;0;1;1;0;0;0;0;0;793697,715;5828017,175;13,32984633;52,5229339
200042;11;1;1033101;Soldiner Stra�e                                                                                     ;1300731;2018;5;12;4;3;2;6;0;0;1;0;0;0;0;0;796870,5406;5833047,735;13,38097013;52,56630894
200043;11;1;1011203;Unter den Linden S�d;1100206;2018;5;10;4;2;5;7;0;0;1;0;1;0;0;0;797868,0924;5827065,885;13,39028172;52,51214456
200044;11;7;7010104;Dennewitzplatz;7100205;2018;5;13;1;3;5;3;0;1;1;0;0;0;0;0;796031,9301;5825348,454;13,36177694;52,49774893
200045;11;4;4051549;Rathaus Wilmersdorf;4501146;2018;5;13;4;3;2;2;0;0;1;0;0;0;0;0;793320,1825;5823612,598;13,32041762;52,48365188
200046;11;7;7030301;Friedenau;7300516;2018;5;10;4;2;6;2;0;0;1;1;0;0;0;0;793978,5438;5821552,66;13,3282692;52,46483138
200047;11;2;2030302;Lausitzer Platz;2300315;2018;5;17;4;3;1;5;0;1;1;0;0;0;1;0;800295,9307;5825830,94;13,42483626;52,49974416
200048;11;1;1011305;Heine-Viertel West;1100312;2018;5;13;1;3;3;6;0;0;1;0;1;0;0;0;799244,6152;5826945,493;13,4103969;52,51031202
200049;11;8;8041037;Alt-Rudow;8401243;2018;5;12;1;2;5;3;0;1;1;0;0;0;0;0;805306,3538;5817681,46;13,49096595;52,42392388
200050;11;4;4030827;Karl-August-Platz;4300623;2018;5;16;4;3;2;6;0;0;1;0;0;0;0;0;792744,8174;5826614,606;13,31460743;52,51087279
200051;11;5;5010101;Hakenfelde Nord;5100101;2018;5;11;1;3;2;7;0;0;1;0;0;0;0;0;784043,0706;5832441,275;13,19171683;52,56771625
200052;11;1;1011306;Heine-Viertel Ost;1100313;2018;5;9;4;3;5;3;0;1;1;0;0;0;0;0;799658,1075;5826843,046;13,41637924;52,50916676
200053;11;11;11010103;Dorf Falkenberg;11100102;2018;5;16;4;2;6;4;0;0;0;1;1;0;0;0;808654,186;5834206,067;13,55535516;52,57013725
200054;11;9;9051901;Dammvorstadt;9501939;2018;5;18;1;3;2;6;0;0;1;0;1;0;0;0;809963,4022;5821625,842;13,56289383;52,45665468
200055;11;3;3050919;Gustav-Adolf-Stra�e;3500932;2018;5;9;4;3;0;6;0;1;1;0;0;0;0;0;801407,0845;5832034,804;13,44677914;52,55473745
200056;11;3;3061131;Falkplatz;3601142;2018;5;9;4;2;5;2;0;0;1;0;1;0;0;0;799203,1134;5831108,559;13,41353369;52,54765038
200057;11;10;10010311;Landsberger Tor;10100316;2018;5;16;4;2;6;4;0;0;1;1;0;0;0;0;809986,2242;5831626,957;13,57253778;52,54626781
200058;11;2;2010103;Moritzplatz;2100104;2018;5;18;1;2;5;3;0;1;1;0;0;0;0;0;799343,1558;5826192,384;13,41116737;52,50350744
200059;11;7;7010104;Dennewitzplatz;7100205;2018;5;22;4;3;5;7;2;1;1;0;0;0;0;0;796421,8754;5824862,313;13,36707175;52,49317947
200060;11;4;4010102;Pl�tzensee;4100101;2018;5;16;4;3;0;3;0;0;0;0;1;1;0;0;793324,6774;5829770,982;13,32591137;52,53885675
200061;11;4;4030417;Schlo�stra�e;4300414;2018;5;19;1;3;0;1;0;1;1;0;0;0;0;0;791710,0776;5826842,765;13,2996037;52,51347254
200062;11;8;8010404;Rixdorf;8100417;2018;5;21;4;3;5;3;1;0;1;0;0;0;0;0;802274,6964;5822862,539;13,45120598;52,4720458
200063;11;1;1011305;Heine-Viertel West;1100312;2018;5;8;4;3;5;3;0;1;1;0;0;0;0;0;798793,3742;5827153,482;13,40395441;52,5124237
200064;11;7;7010104;Dennewitzplatz;7100205;2018;5;16;4;3;6;7;0;0;0;1;1;0;0;0;796172,2509;5825305,142;13,36379942;52,49728454
200065;11;7;7050501;Rathausstra�e                                                                                       ;7501029;2018;5;10;1;3;5;7;0;0;1;0;0;0;0;0;797654,5268;5819168,632;13,38009535;52,44147092
200066;11;1;1011306;Heine-Viertel Ost;1100313;2018;5;7;4;3;0;7;0;1;1;0;0;0;0;0;800100,3101;5826454,476;13,42252508;52,50544078
200067;11;6;6030503;Zehlendorf Mitte                                                                                    ;6300527;2018;5;5;4;3;5;3;0;0;1;0;0;0;0;0;790634,1315;5817849,993;13,27595728;52,43342548
200068;11;11;11041128;Sewanstra�e;11401137;2018;5;16;4;2;5;3;0;0;1;0;1;0;0;0;806669,9414;5825622,298;13,51825072;52,49432988
200069;11;2;2040502;Friedenstra�e;2400521;2018;5;10;1;3;0;2;0;0;1;0;1;0;0;0;800477,1122;5828449,07;13,42986101;52,52311154
200070;11;6;6020408;Lichterfelde S�d                                                                                    ;6200420;2018;5;9;1;3;5;3;0;0;1;0;0;0;0;0;792717,2505;5816241,979;13,30510436;52,41789902
200071;11;2;2010102;Mehringplatz;2100102;2018;5;16;4;3;5;2;0;1;0;0;0;0;1;0;797914,6923;5826462,359;13,39042619;52,50670925
200072;11;10;10040933;Mahlsdorf S�d                                                                                       ;10400941;2018;5;17;1;3;5;3;0;0;1;0;0;0;0;0;812574,1662;5824267,566;13,60366664;52,47884106
200073;11;7;7040403;Manteuffelstra�e                                                                                    ;7400823;2018;5;20;4;3;2;6;2;0;1;0;0;0;0;0;797049,1814;5822178,134;13,37389291;52,46877747
200074;11;2;2030301;Oranienplatz;2300314;2018;5;16;4;3;0;3;0;0;1;0;0;0;1;0;800214,0629;5826110,321;13,42388571;52,50229341
200075;11;5;5010314;Carl-Schurz-Stra�e                                                                                  ;5100316;2018;5;7;1;3;0;1;0;0;0;0;1;0;0;0;784722,7024;5828824,314;13,19861534;52,53493172
200076;11;7;7010104;Dennewitzplatz;7100206;2018;5;15;4;3;1;5;0;1;1;0;0;0;0;0;796328,6236;5824309,269;13,36521041;52,48827256
200077;11;8;8010404;Rixdorf;8100415;2018;5;19;4;3;0;3;0;0;1;0;0;0;1;0;801891,0771;5823323,415;13,44599253;52,47638885
200078;11;2;2030302;Lausitzer Platz;2300315;2018;5;15;4;3;6;4;0;0;1;1;0;0;0;0;800588,0528;5826193,378;13,42945383;52,50283199
200079;11;4;4020311;Reichsstra�e;4200310;2018;5;15;4;2;3;6;0;1;1;0;0;0;0;0;789679,9943;5826476,827;13,26945373;52,51127383
200080;11;3;3020307;Buchholz;3200309;2018;5;16;1;3;0;2;0;1;1;0;0;0;0;0;800113,2948;5838393,205;13,43351155;52,61244336
200081;11;4;4030931;Breitscheidplatz;4501042;2018;5;17;4;2;6;7;0;0;1;1;0;0;0;0;793850,5465;5826060,316;13,33036438;52,50530935
200082;11;1;1033102;Gesundbrunnen;1300733;2018;5;15;4;3;5;2;0;1;1;0;0;0;0;0;797169,9353;5831904,501;13,38435051;52,55589791
200083;11;10;10020412;Alte Hellersdorfer Stra�e;10200417;2018;5;15;4;2;6;4;0;0;1;1;0;0;0;0;811316,0313;5831730,984;13,59218263;52,54644181
200084;11;4;4041344;R�desheimer Platz;4400835;2018;5;17;4;3;5;2;0;1;1;0;0;0;0;0;793355,7152;5822851,219;13,32026948;52,4768073
200085;11;8;8040933;Vogelviertel S�d;8401139;2018;5;15;4;3;5;2;0;0;1;0;0;0;0;0;803015,092;5819369,315;13,45890292;52,44032582
200086;11;1;1022207;Hansaviertel;1200629;2018;5;6;1;3;5;3;0;1;1;0;0;0;0;0;794413,5852;5827591,995;13,33999086;52,51873636
200087;11;3;3071633;Th�lmannpark;3701657;2018;5;8;4;3;5;2;0;1;1;0;0;0;0;0;800098,6161;5830648,006;13,42628432;52,54302975
200088;11;12;12103115;Breitkopfbecken;12100103;2018;5;7;3;3;3;6;0;0;1;0;1;0;0;0;795348,9731;5833865,718;13,35931536;52,57446899
200089;11;4;4041135;Hundekehle;4400729;2018;5;15;1;3;5;2;0;1;1;0;0;0;0;0;789456,1128;5823264,846;13,26337271;52,48259636
200090;11;4;4020311;Reichsstra�e;4200309;2018;5;2;1;3;1;5;2;0;1;0;0;0;0;0;788710,2081;5827391,919;13,25599749;52,51999212
200091;11;1;1011101;St�lerstra�e                                                                                        ;1100101;2018;5;17;3;3;5;3;0;1;0;0;0;0;0;0;795250,1594;5826488,436;13,35130518;52,50839152
200092;11;3;3061434;Anton-Saefkow-Park;3601451;2018;5;15;1;3;5;2;0;1;1;0;0;0;0;0;801219,1864;5829503,087;13,4417204;52,5321494
200093;11;10;10010308;Marzahner Chaussee;10100311;2018;5;16;4;2;2;6;0;0;0;0;1;0;1;0;806562,6676;5828342,761;13,51918063;52,51877153
200094;11;10;10010205;Marzahn Ost                                                                                         ;10100207;2018;5;12;3;3;6;7;0;1;0;1;0;0;0;0;810502,8915;5832381,156;13,58083774;52,55273227
200095;11;12;12304314;Ziekowstra�e/Freie Scholle;12500824;2018;5;14;1;2;5;2;0;1;1;0;0;0;0;0;790235,154;5835864,487;13,28581824;52,59513906
200096;11;1;1011201;Wilhelmstra�e                                                                                       ;1100205;2018;5;8;4;3;0;6;0;0;1;0;0;0;1;0;797077,7595;5826535,001;13,37819616;52,50781677
200097;11;9;9030901;Dorf Altglienicke;9300920;2018;5;17;3;3;3;6;0;1;1;0;0;0;0;0;808249,1236;5817084,776;13,53355714;52,41692662
200098;11;8;8020620;Tempelhofer Weg;8200624;2018;5;16;4;3;5;2;0;1;1;0;0;0;0;0;801179,898;5820596,623;13,43309224;52,45234039
200099;11;7;7030301;Friedenau;7300516;2018;5;15;3;3;6;7;0;0;1;1;0;0;0;0;794099,4312;5821780,857;13,33024463;52,46681201
200100;11;1;1044103;Westliche M�llerstra�e                                                                              ;1400942;2018;5;23;7;3;5;2;2;1;1;0;0;0;0;0;794561,2321;5830702,415;13,34491695;52,54653936
200101;11;6;6010205;S�dende;6100205;2018;5;19;3;3;6;4;0;1;0;1;0;0;0;0;794864,9256;5820041,883;13,33994454;52,45081048
200102;11;6;6030608;Schweizer Viertel;6300632;2018;5;12;7;3;0;2;0;1;1;0;0;0;0;0;790986,3057;5816638,7;13,28006905;52,42237876
200103;11;2;2050801;Traveplatz;2500831;2018;5;15;4;3;0;1;0;1;0;0;0;0;0;0;803052,2703;5826998,517;13,46637995;52,50868536
200104;11;2;2020204;Urbanstra�e;2200210;2018;5;22;3;3;5;3;2;1;1;0;0;0;0;0;798436,1385;5824774,294;13,39657369;52,49129294
200105;11;1;1011301;Charit�viertel;1100308;2018;5;18;7;3;3;6;0;1;1;0;0;0;0;0;796990,4931;5828154,064;13,37835926;52,52237744
200106;11;1;1011305;Heine-Viertel West;1100312;2018;5;1;4;3;0;1;2;0;0;0;1;0;0;1;799641,8578;5827023,032;13,41630256;52,51078898
200107;11;3;2040501;Barnimkiez;2400520;2018;5;20;3;3;1;5;0;0;1;0;1;0;0;0;800120,0311;5828971,873;13,42508555;52,52799426
200108;11;5;5030731;Gartenfelder Stra�e                                                                                 ;5300737;2018;5;18;7;3;2;6;0;0;1;0;0;0;0;0;788001,0455;5829367,367;13,24728599;52,53807791
200109;11;3;3030406;Alt-Karow;3300412;2018;5;16;4;2;3;6;0;1;0;0;0;0;1;0;803324,0578;5839193,779;13,4815206;52,61783621
200110;11;2;2020203;Viktoriapark;2200207;2018;5;17;7;3;5;2;0;1;1;0;0;0;0;0;797089,4859;5824711,393;13,37674169;52,49146368
200111;11;7;7040401;Neu-Tempelhof;7400721;2018;5;19;3;3;5;2;0;1;1;0;0;0;0;0;797675,6114;5822545,107;13,38341492;52,47172602
200112;11;8;8041036;Zittauer Stra�e;8401242;2018;5;16;7;3;5;3;0;1;1;0;0;0;0;0;805191,1713;5816493,155;13,48819358;52,41333769
200113;11;9;9051901;Dammvorstadt;9501940;2018;5;16;4;3;5;3;0;1;0;0;0;0;0;0;811380,0187;5821572,846;13,58362577;52,4553746
200114;11;1;1011303;Alexanderplatzviertel;1100310;2018;5;16;4;3;2;6;0;0;1;0;0;0;1;0;799434,4177;5828875,158;13,41492216;52,52750437
200115;11;5;5010209;An der Kappe;5100211;2018;5;18;3;3;5;2;0;1;0;0;0;0;1;0;783249,3202;5830274,426;13,17818775;52,54870151
200116;11;9;9051801;Rahnsdorf/Hessenwinkel;9501838;2018;5;15;7;3;5;2;0;1;1;0;0;0;0;0;818441,9236;5820574,57;13,68625454;52,44236184
200117;11;12;12214125;Waldidyll/Flughafensee;12200412;2018;5;16;4;3;2;7;0;0;1;0;0;0;0;0;791408,9114;5832808,784;13,30041114;52,56711787
200118;11;1;1022202;Heidestra�e                                                                                         ;1200624;2018;5;14;4;3;5;2;0;1;1;0;0;0;0;0;795669,1504;5829732,446;13,36034465;52,53724432
200119;11;4;4051551;Brabanter Platz;4501148;2018;5;18;3;3;5;2;0;1;1;0;0;0;0;0;793337,7428;5823073,184;13,32020087;52,47880679
200120;11;3;3050923;Wei�enseer Spitze;3500934;2018;5;14;7;3;5;2;0;1;1;0;0;0;0;0;801153,0515;5831614,529;13,44266232;52,55111102
200121;11;3;3020209;Niedersch�nhausen;3200205;2018;5;18;3;3;5;2;0;1;0;0;0;0;1;0;797324,3361;5835290,716;13,38965699;52,58616668
200122;11;7;7010104;Dennewitzplatz;7100205;2018;5;12;7;3;5;2;0;1;1;0;0;0;0;0;796146,5556;5824951,377;13,36310751;52,4941273
200123;11;1;1033102;Gesundbrunnen;1300733;2018;5;14;4;3;3;6;0;1;0;0;0;0;0;0;797121,8072;5831767,346;13,38351994;52,55469475
200124;11;2;2050802;Boxhagener Platz;2500833;2018;5;18;3;3;5;3;0;1;1;0;0;0;0;0;802079,539;5827361,516;13,45242041;52,51247841
200125;11;1;1022203;L�becker Stra�e                                                                                     ;1200625;2018;5;13;7;3;2;7;0;0;1;0;0;0;0;0;794731,8889;5828878,003;13,34580811;52,53009258
200126;11;1;1033102;Gesundbrunnen;1300733;2018;5;14;4;3;5;3;0;0;1;0;0;0;0;0;797173,9787;5831915,726;13,38442002;52,55599633
200127;11;12;12231102;Frohnau;12400721;2018;5;17;3;3;1;5;0;0;1;0;1;0;0;0;790366,6397;5840194,019;13,2915544;52,63388231
200128;11;4;4010102;Pl�tzensee;4100101;2018;5;18;7;3;3;6;0;0;1;0;0;0;0;0;791863,4076;5830685,297;13,3052304;52,54783795
200129;11;7;7010104;Dennewitzplatz;7100205;2018;5;14;4;3;5;3;0;0;1;0;1;0;0;0;796207,4653;5825333,801;13,36434212;52,49752234
200130;11;2;2030302;Lausitzer Platz;2300315;2018;5;2;4;1;0;7;2;0;0;1;0;0;1;0;800686,4324;5825818,188;13,43056008;52,49941485
200131;11;1;1011202;Unter den Linden Nord;1100206;2018;5;17;3;3;5;3;0;1;1;0;0;0;0;0;797147,7552;5827759,982;13,38031828;52,51875925
200132;11;2;2040703;Wriezener Bahnhof/Entwicklungsgebiet;2500834;2018;5;16;7;3;6;4;0;0;1;1;0;0;0;0;801949,1109;5826799,694;13,44999463;52,50751499
200133;11;9;9020702;Adlershof Ost;9200716;2018;5;10;3;3;6;7;0;0;1;1;0;0;0;0;808987,0904;5819408,436;13,54652024;52,43733519
200134;11;8;8010301;Reuterkiez;8100310;2018;5;23;3;3;4;1;2;1;0;0;0;0;0;0;801005,3224;5824946,961;13,43445637;52,49143002
200135;11;4;4061757;Forst Grunewald;4200207;2018;5;20;3;2;0;1;1;1;0;0;0;0;0;0;784980,6851;5822821,968;13,1972696;52,48097974
200136;11;3;3030406;Alt-Karow;3300412;2018;5;15;7;3;5;3;0;0;1;0;0;0;0;0;802744,8176;5839065,005;13,47287303;52,61700507
200137;11;1;1011302;Oranienburger Stra�e                                                                                ;1100309;2018;5;20;3;3;2;6;2;1;1;0;0;0;0;0;798279,6122;5828816,728;13,39789767;52,52761368
200138;11;3;3030406;Alt-Karow;3300413;2018;5;12;3;3;5;2;0;0;0;0;1;0;1;0;803406,9377;5838355,146;13,48197191;52,6102737
200139;11;1;1033201;Brunnenstra�e                                                                                       ;1300834;2018;5;18;7;2;3;5;0;0;1;0;0;0;1;0;798315,0054;5830430,157;13,39986602;52,5420565
200140;11;4;4051655;Babelsberger Stra�e;4501153;2018;5;18;3;3;5;2;0;1;1;0;0;0;0;0;793946,5903;5823412,393;13,32943909;52,48152027
200141;11;1;1011303;Alexanderplatzviertel;1100310;2018;5;10;3;3;5;2;0;1;1;0;0;0;0;0;799098,3247;5828459,795;13,40960909;52,52396575
200142;11;8;8020625;Handwerker-Siedlung;8200730;2018;5;16;7;3;0;2;0;0;1;0;0;0;1;0;802265,7814;5818953,358;13,44753668;52,43701218
200143;11;9;9051901;Dammvorstadt;9501939;2018;5;20;7;2;0;1;1;1;0;0;0;0;0;0;810396,8045;5821293,762;13,56894315;52,45343274
200144;11;1;1011302;Oranienburger Stra�e                                                                                ;1100309;2018;5;17;3;3;6;4;0;0;1;1;0;0;0;0;798685,038;5828346,946;13,40343423;52,52318078
200145;11;4;4020204;Olympiagel�nde;4200203;2018;5;10;3;3;2;2;0;0;1;0;0;0;1;0;787118,2867;5826182,166;13,23155614;52,50998647
200146;11;1;1011204;Leipziger Stra�e                                                                                    ;1100207;2018;5;14;7;2;3;1;0;0;1;0;1;0;0;0;798615,614;5827004,862;13,40120943;52,51118886
200147;11;7;7050502;Fritz-Werner-Stra�e                                                                                 ;7501133;2018;5;17;3;3;1;5;0;0;0;0;1;1;0;0;797079,6839;5818209,782;13,3708109;52,43318828
200148;11;5;5010101;Hakenfelde Nord;5100101;2018;5;10;3;3;1;5;0;1;1;0;0;0;0;0;784569,1757;5832356,583;13,19938543;52,56668214
200149;11;5;5030833;Motardstra�e                                                                                        ;5300840;2018;5;14;7;3;9;1;0;0;1;0;0;0;0;0;788463,73;5829054,094;13,25381705;52,53502458
200150;11;3;3050919;Gustav-Adolf-Stra�e;3500932;2018;5;16;3;3;6;4;0;0;0;1;1;0;0;0;801336,2612;5832461,311;13,44612486;52,55859943
200151;11;5;5010207;Darbystra�e                                                                                         ;5100209;2018;5;16;3;3;5;2;0;1;0;0;0;0;1;0;783578,4006;5830213,647;13,18297603;52,54798534
200152;11;5;5010313;Ackerstra�e                                                                                         ;5100315;2018;5;10;3;3;1;5;0;1;1;0;0;0;0;0;784777,023;5830016,618;13,20043604;52,5455935
200153;11;1;3071536;Teutoburger Platz;3701556;2018;5;15;7;2;5;3;0;1;1;0;0;0;0;0;799081,8404;5829023,217;13,40987361;52,52902504
200154;11;1;1033101;Soldiner Stra�e                                                                                     ;1300731;2018;5;16;3;2;6;4;0;0;1;1;0;0;0;0;796754,1725;5832485,064;13,37875506;52,5613287
200155;11;12;12103117;Letteplatz;12100101;2018;5;15;3;3;5;3;0;1;1;0;0;0;0;0;796328,998;5832488,937;13,37250474;52,56159496
200156;11;1;1033203;Humboldthain Nordwest                                                                               ;1300836;2018;5;7;3;3;2;2;0;0;0;0;1;1;0;0;796270,68;5830396,806;13,36978004;52,54287296
200157;11;3;3061227;Humannplatz;3601243;2018;5;17;7;3;5;3;0;0;1;0;0;0;0;0;799883,26;5831730,351;13,42409558;52,55284972
200158;11;8;8020727;Buckow Mitte;8200832;2018;5;11;7;3;7;7;0;1;0;0;0;0;0;0;800661,2593;5815984,107;13,42133565;52,41128164
200159;11;9;9020802;K�llnische Vorstadt                                                                                 ;9200819;2018;5;7;3;3;5;2;0;1;1;0;0;0;0;0;810070,343;5819470,465;13,56246228;52,43727808
200160;11;4;4030415;Schlo�garten;4300412;2018;5;23;7;3;6;4;2;0;1;1;0;0;0;0;791041,721;5827423,183;13,29029036;52,51903301
200161;11;2;2050802;Boxhagener Platz;2500833;2018;5;15;3;2;6;4;0;1;0;1;0;0;0;0;802066,4719;5827364,185;13,45223086;52,51250957
200162;11;8;8010115;Hasenheide;8100102;2018;5;21;7;2;3;6;2;1;0;0;0;0;0;0;799833,9366;5823659,607;13,4160971;52,48053549
200163;11;2;2050801;Traveplatz;2500830;2018;5;7;3;3;5;2;0;1;1;0;0;0;0;0;802250,8754;5827509,249;13,45507166;52,51370763
200164;11;12;12214424;Scharnweberstra�e                                                                                   ;12200309;2018;5;12;7;3;5;7;0;0;1;0;1;0;0;0;793310,2519;5832607,335;13,32820494;52,56429089
200165;11;9;9020501;Obersch�neweide West;9200510;2018;5;14;3;3;6;4;0;0;1;1;0;0;0;0;806121,3335;5822346,905;13,50718815;52,46528252
200166;11;9;9030901;Dorf Altglienicke;9300920;2018;5;7;3;3;5;2;0;0;1;0;1;0;0;0;807606,5691;5817742,916;13,52474383;52,42318653
200167;11;8;8020727;Buckow Mitte;8200832;2018;5;8;7;2;5;3;0;0;1;0;0;0;0;0;800309,711;5816740,967;13,41686175;52,41825878
200168;11;1;1044203;Leopoldplatz;1401048;2018;5;13;3;3;2;6;0;0;1;0;0;0;0;0;795446,1707;5831557,913;13,3586904;52,55372894
200169;11;1;1022101;Huttenkiez;1200517;2018;5;7;3;3;6;4;0;0;1;1;0;0;0;0;792726,6205;5828648,133;13,3161296;52,52911242
200170;11;1;1033201;Brunnenstra�e                                                                                       ;1300834;2018;5;13;3;2;3;6;0;0;1;0;0;0;1;0;797464,9901;5831118,049;13,38798516;52,54868729
200171;11;1;1011301;Charit�viertel;1100308;2018;5;6;3;3;5;3;0;1;1;0;0;0;0;0;796964,2009;5828807,451;13,37855636;52,52824865
200172;11;2;2040701;Andreasviertel;2400521;2018;5;10;3;3;5;2;0;1;1;0;0;0;0;0;800374,2547;5827890,765;13,42784537;52,51816396
200173;11;8;8040933;Vogelviertel S�d;8401139;2018;5;9;7;3;5;3;0;1;1;0;0;0;0;0;803025,5369;5819371,873;13,45905843;52,44034296
200174;11;7;7040404;Marienh�he;7400826;2018;5;11;3;2;2;6;0;0;1;0;0;0;0;0;797291,9543;5820642,391;13,37608845;52,454879
200175;11;7;7070701;Kettinger Stra�e/Schillerstra�e                                                                     ;7601442;2018;5;4;3;2;5;2;1;1;0;0;0;0;1;0;799749,4151;5814502,541;13,40664372;52,3985013
200176;11;1;1011306;Heine-Viertel Ost;1100313;2018;5;10;7;3;2;2;0;0;0;0;1;0;1;0;799983,798;5826928,117;13,42124044;52,50975029
200177;11;2;2020206;Graefekiez;2200212;2018;5;9;3;3;0;2;0;1;0;0;0;1;0;0;799067,2669;5824568,402;13,40565689;52,489102
200178;11;9;9020802;K�llnische Vorstadt                                                                                 ;9200819;2018;5;10;7;3;2;6;0;0;1;0;1;0;0;0;810527,3399;5820015,445;13,56966977;52,44190276
200179;11;1;1011101;St�lerstra�e                                                                                        ;1100101;2018;4;23;2;3;8;1;2;0;1;0;0;0;0;0;795061,6116;5826311,07;13,34837791;52,50690357
200180;11;2;2040701;Andreasviertel;2400623;2018;5;9;3;3;5;3;0;0;1;0;0;0;0;0;800470,3825;5827601,587;13,42899665;52,51551902
200181;11;10;10010206;Ringkolonnaden;10100208;2018;5;11;7;2;5;3;0;1;1;0;0;0;0;0;809510,9975;5832444,466;13,56631398;52,55386414
200182;11;2;2040703;Wriezener Bahnhof/Entwicklungsgebiet;2400625;2018;4;20;2;2;5;2;1;1;1;0;0;0;0;0;801759,6367;5826240,48;13,44670455;52,50260754
200183;11;1;1022204;Thomasiusstra�e                                                                                     ;1200626;2018;5;9;3;3;5;3;0;1;1;0;0;0;0;0;795076,2176;5828272,262;13,35033176;52,5244763
200184;11;4;4051446;Preu�enpark;4501043;2018;4;10;2;3;1;5;0;1;1;0;0;0;0;0;793052,5287;5824689,709;13,31743459;52,49345155
200185;11;1;1011204;Leipziger Stra�e                                                                                    ;1100207;2018;5;9;3;3;5;3;0;0;1;0;0;0;0;0;797992,1609;5826786,048;13,39185399;52,50956841
200186;11;7;7010102;Nollendorfplatz;7100102;2018;5;11;7;3;2;6;0;0;1;0;0;0;0;0;795073,4019;5825801,843;13,34809981;52,50233234
200187;11;7;7060601;Marienfelder Allee Nordwest;7601236;2018;5;8;3;3;6;2;0;0;1;1;0;0;0;0;796893,4585;5816456,603;13,3665236;52,41757357
200188;11;11;11020412;Hauptstra�e;11200411;2018;5;8;3;3;1;5;0;0;1;0;0;0;1;0;805061,5019;5831251,207;13,49979467;52,54568005
200189;11;5;5010206;G�tersloher Weg;5100208;2018;5;12;7;3;1;5;0;1;1;0;0;0;0;0;782220,4534;5830248,251;13,1630324;52,54900085
200190;11;11;11030720;Herzbergstra�e;11300721;2018;4;10;2;3;5;3;0;1;1;0;0;0;0;0;804919,5305;5829938,668;13,49650304;52,53399598
200191;11;3;3061227;Humannplatz;3601244;2018;5;8;3;3;5;3;0;1;0;0;0;0;1;0;800154,6246;5831467,114;13,42784799;52,55034078
200192;11;7;7010102;Nollendorfplatz;7100102;2018;4;10;2;3;1;5;0;1;1;0;0;0;0;0;794994,6299;5825226,689;13,34643323;52,49721907
200193;11;2;2030302;Lausitzer Platz;2300316;2018;5;8;3;3;2;6;0;1;0;0;0;0;0;0;801293,4573;5825987,583;13,43962858;52,50059837
200194;11;6;6010206;Stadtpark;6100206;2018;5;12;7;3;3;6;0;0;1;0;1;0;0;0;794730,688;5820068,532;13,33799844;52,45112176
200195;11;9;9041501;Altstadt Kietz;9401534;2018;5;8;3;2;6;4;0;0;0;1;0;0;1;0;811177,8944;5820243,122;13,57942207;52,44357332
200196;11;6;6030503;Zehlendorf Mitte                                                                                    ;6300526;2018;5;12;7;3;5;3;0;0;1;0;0;0;0;0;788371,558;5817743,815;13,24267704;52,43367104
200197;11;10;10020517;Adele-Sandrock-Stra�e                                                                               ;10200524;2018;4;8;2;3;6;4;0;0;1;1;0;0;0;0;813245,4791;5831041,248;13,61989308;52,53915531
200198;11;5;5020627;Tiefwerder;5200632;2018;5;8;3;3;2;6;0;0;1;0;0;0;0;0;785379,5153;5828158,13;13,20770061;52,52861525
200199;11;1;1011402;Arkonaplatz;1100416;2018;5;4;7;2;0;1;2;1;0;0;0;0;0;0;798744,2935;5829594,622;13,4054261;52,53433194
200200;11;9;9020502;Obersch�neweide Ost;9200511;2018;5;11;3;3;6;4;0;0;1;1;0;0;0;0;806808,324;5821999,758;13,51694987;52,46178598
200201;11;12;12231102;Frohnau;12400721;2018;5;16;6;3;6;2;0;0;1;1;0;0;0;0;790379,1678;5840129,039;13,29168189;52,63329309
200202;11;2;2010102;Mehringplatz;2100103;2018;4;22;2;3;3;6;2;0;1;0;1;0;1;0;798493,7313;5825554,679;13,39811866;52,4982566
200203;11;5;5020625;Borkumer Stra�e                                                                                     ;5200629;2018;4;0;2;3;6;2;2;0;1;1;0;0;0;0;784707,0981;5828611,59;13,19820368;52,53303259
200204;11;4;4020310;Park Ruhwald;4200308;2018;5;9;3;3;5;7;0;0;1;0;0;0;1;0;790215,7536;5827301,557;13,27804548;52,51838283
200205;11;6;6040701;Wannsee;6400735;2018;5;20;6;3;1;5;0;1;1;0;0;0;0;0;781972,5105;5815177,694;13,1466385;52,41399771
200206;11;8;8010214;Glasower Stra�e;8100209;2018;4;14;2;3;5;2;0;0;1;0;0;0;0;0;801718,9878;5822128,851;13,44238605;52,46577682
200207;11;8;8010404;Rixdorf;8100416;2018;5;11;3;3;1;7;0;0;1;0;0;0;1;0;801633,1877;5823016,044;13,44192899;52,4737763
200208;11;11;11020515;Landsberger Allee;11200514;2018;5;21;6;3;0;3;1;1;0;0;0;0;0;0;803561,5561;5830184,887;13,47676911;52,53696076