OBJECTID;LAND;BEZ;LOR;STRASSE;LOR_ab_2021;UJAHR;UMONAT;USTUNDE;UWOCHENTAG;UKATEGORIE;UART;UTYP1;ULICHTVERH;IstRad;IstPKW;IstFuss;IstKrad;IstGkfz;IstSonstig;USTRZUSTAND;LINREFX;LINREFY;XGCSWGS84;YGCSWGS84
200379;11;7;7020202;Volkspark (Rudolf-Wilde-Park);7200308;2018;5;10;4;3;5;7;0;1;1;0;0;0;0;0;794802,8275;5823571,365;13,34215161;52,48248378
200380;11;1;1022101;Huttenkiez;1200517;2018;5;23;4;3;6;2;2;0;0;1;0;0;1;0;793533,2012;5829137,274;13,32841738;52,5330636
200381;11;11;11030721;R�digerstra�e;11300722;2018;5;14;2;3;2;6;0;0;1;0;0;0;0;0;803851,4207;5828625,694;13,47960467;52,52282473
200382;11;5;5010208;Germersheimer Platz;5100210;2018;5;14;2;3;2;6;0;0;1;0;1;0;0;0;783678,1243;5829848,475;13,18413084;52,54465923
200383;11;2;2040702;Weberwiese;2400624;2018;5;23;4;3;5;3;2;1;0;0;0;0;0;0;801965,8941;5827005,48;13,45042784;52,50935017
200384;11;1;1011302;Oranienburger Stra�e                                                                                ;1100309;2018;5;21;4;3;2;6;2;1;1;0;0;0;0;0;798702,0418;5828335,928;13,40367421;52,5230727
200385;11;3;3051017;Rennbahnstra�e;3501038;2018;5;13;2;3;0;3;0;0;1;0;0;0;1;0;803401,3452;5833106,421;13,47708357;52,56323474
200386;11;2;2050802;Boxhagener Platz;2500833;2018;5;20;4;3;2;7;0;1;1;0;0;0;0;0;802356,6545;5827106,92;13,45626017;52,51004294
200387;11;6;6040810;Dahlem;6400844;2018;5;13;2;3;1;5;0;1;1;0;0;0;0;0;792015,0286;5821184,65;13,29912689;52,46258515
200388;11;12;12224230;Heiligensee;12400618;2018;5;22;4;2;5;2;2;1;1;0;0;0;0;0;787346,0032;5837835,696;13,24499431;52,61434594
200389;11;6;6020306;Lankwitz S�d                                                                                        ;6200317;2018;5;13;2;3;5;3;0;0;1;0;0;0;0;0;795644,2963;5816605,683;13,34834096;52,41958617
200390;11;6;6020409;K�nigsberger Stra�e                                                                                 ;6200421;2018;5;13;4;2;6;4;0;0;1;1;0;0;0;0;793065,1667;5816625,591;13,31054157;52,42115186
200391;11;5;5010103;Amorbacher Weg;5100105;2018;5;15;4;3;6;2;0;0;1;1;0;0;0;0;784439,4693;5831823,218;13,19701964;52,56196779
200392;11;1;1033102;Gesundbrunnen;1300733;2018;5;13;2;3;2;6;0;1;1;0;0;0;0;0;797122,1657;5831808,905;13,38356241;52,55506708
200393;11;4;4030725;Amtsgerichtsplatz;4300416;2018;5;17;4;3;0;6;0;0;1;0;1;0;0;0;791611,9353;5826088,99;13,29750115;52,50676753
200394;11;11;11040926;Weitlingstra�e;11400929;2018;5;18;4;3;5;2;0;1;0;0;0;0;1;0;805073,0935;5826827,662;13,49590694;52,5060278
200395;11;12;12214424;Scharnweberstra�e                                                                                   ;12200309;2018;5;16;2;3;0;1;0;0;0;0;1;0;0;0;792516,9892;5832836,13;13,31673714;52,56676873
200396;11;4;4030725;Amtsgerichtsplatz;4300416;2018;5;18;4;3;0;6;0;1;0;0;0;0;0;0;791561,8339;5826497,456;13,29712284;52,51045616
200397;11;1;1022201;Stephankiez;1200623;2018;5;18;4;3;5;2;0;1;1;0;0;0;0;0;795475,6326;5829574,439;13,35735925;52,53593289
200398;11;8;8041038;Wa�mannsdorfer Chaussee;8401244;2018;5;20;2;2;5;3;1;0;1;0;1;0;0;0;805833,314;5816733,009;13,49782463;52,41512904
200399;11;4;4030931;Breitscheidplatz;4501042;2018;5;19;4;3;5;3;0;1;1;0;0;0;0;0;794098,7843;5825961,121;13,33392358;52,50428636
200400;11;9;9010302;Sp�thsfelde;9100306;2018;5;13;2;3;0;1;0;1;0;0;0;0;0;0;803766,6504;5820844,701;13,47126715;52,45313263
200401;11;11;11040926;Weitlingstra�e;11400931;2018;5;15;4;3;5;2;0;1;1;0;0;0;0;0;806685,1452;5826906,824;13,51965681;52,50583354
200402;11;1;1011203;Unter den Linden S�d;1100206;2018;5;12;2;3;1;5;0;0;1;0;0;0;1;0;797546,21;5827489,571;13,38593146;52,51611808
200403;11;9;9051701;Hirschgarten;9501736;2018;5;19;4;3;2;6;0;0;1;0;0;0;0;0;813031,3715;5821420,542;13,60770638;52,45306662
200404;11;3;3050925;Komponistenviertel Wei�ensee;3500936;2018;5;20;4;3;5;3;0;1;1;0;0;0;0;0;802784,7866;5831607,024;13,46664782;52,55013921
200405;11;1;1022206;L�neburger Stra�e                                                                                   ;1200628;2018;5;23;1;3;0;7;2;0;0;0;1;0;0;0;795917,8616;5828146,845;13,36258955;52,5228959
200406;11;9;9020701;Adlershof West;9200715;2018;5;15;4;3;5;3;0;1;1;0;0;0;0;0;807642,8804;5819360,275;13,52676401;52,43766127
200407;11;6;6040809;Thielallee;6400843;2018;5;13;4;3;6;4;0;1;0;1;0;0;0;0;792063,572;5820240,974;13,2990138;52,45409921
200408;11;2;2040701;Andreasviertel;2400623;2018;5;16;1;3;5;3;0;1;1;0;0;0;0;0;800147,4606;5827339,668;13,42401589;52,51334915
200409;11;8;8010302;Bouch�stra�e;8100313;2018;5;18;1;3;5;7;0;0;1;0;1;0;0;0;801702,9459;5824319,69;13,44413246;52,48542258
200410;11;12;12304313;Borsigwalde;12500825;2018;5;13;4;3;5;2;0;0;1;0;0;0;1;0;792393,8604;5835223,159;13,31703106;52,58823353
200411;11;2;2010102;Mehringplatz;2100102;2018;5;15;1;3;5;3;0;0;1;0;0;0;1;0;798175,131;5826505,641;13,39429084;52,50695494
200412;11;11;11040926;Weitlingstra�e;11400929;2018;5;12;4;3;5;3;0;1;0;0;0;0;1;0;804590,8299;5826371,583;13,48840625;52,5022096
200413;11;8;8010118;Silbersteinstra�e;8100105;2018;5;15;1;3;1;5;0;0;1;0;1;0;0;0;800775,1237;5821879,881;13,42830975;52,46406561
200414;11;6;6020305;Gemeindepark Lankwitz;6200315;2018;5;12;4;3;0;3;0;0;1;0;1;0;0;0;795473,0316;5817633,449;13,34673767;52,428892
200415;11;1;1022207;Hansaviertel;1200629;2018;5;15;1;3;5;2;0;0;1;0;0;0;0;0;794557,564;5827506,865;13,34203128;52,51789548
200416;11;1;1011105;N�rdlicher Landwehrkanal                                                                            ;1100102;2018;5;10;4;3;0;7;0;0;1;0;1;0;0;0;795355,1428;5826631,197;13,35297422;52,50961443
200417;11;11;11040925;Victoriastadt;11400927;2018;5;9;4;3;5;3;0;1;0;0;0;1;0;0;803700,1497;5826387,025;13,47533897;52,50284443
200418;11;1;1044202;Sparrplatz;1401047;2018;5;18;1;2;5;2;0;0;1;0;1;0;0;0;795534,6992;5830743,844;13,35926781;52,54638354
200419;11;4;4030519;Kaiserin-Augusta-Allee;4300518;2018;5;8;4;3;5;2;0;1;1;0;0;0;0;0;792068,981;5828578,075;13,30640124;52,52883713
200420;11;9;9020701;Adlershof West;9200715;2018;5;19;1;3;2;6;0;0;1;0;0;0;0;0;807671,5698;5819390,581;13,52721262;52,43791675
200421;11;5;5020628;Graetschelsteig;5200633;2018;5;8;4;3;5;2;0;0;1;0;0;0;0;0;783993,5385;5826853,358;13,18621067;52,51764031
200422;11;5;5010102;Goltzstra�e;5100103;2018;5;14;1;2;1;7;0;0;1;0;0;0;0;0;785221,195;5832054,447;13,20871931;52,563632
200423;11;8;8010404;Rixdorf;8100417;2018;5;20;1;3;5;3;1;0;1;0;0;0;0;0;802351,8737;5822752,467;13,45223898;52,4710165
200424;11;1;1044201;Reinickendorfer Stra�e                                                                              ;1401045;2018;5;14;4;2;0;1;0;0;1;0;1;0;0;0;796825,2525;5831552,085;13,37896622;52,55292688
200425;11;4;4020314;Messegel�nde;4200311;2018;5;12;1;3;2;6;0;0;1;0;0;0;0;0;790426,4237;5825881,263;13,27990204;52,50553764
200426;11;1;1011302;Oranienburger Stra�e                                                                                ;1100309;2018;5;12;1;3;1;5;0;1;1;0;0;0;1;0;798729,013;5829078,025;13,40473724;52,52970977
200427;11;9;9051901;Dammvorstadt;9501939;2018;5;17;4;2;5;3;0;1;1;0;0;0;0;0;810886,887;5821458,79;13,57628567;52,45463317
200428;11;8;8010404;Rixdorf;8100415;2018;5;18;4;2;6;4;0;1;0;1;0;0;0;0;801146,8281;5823764,147;13,43546561;52,48075011
200429;11;6;6010205;S�dende;6100205;2018;5;13;1;3;0;3;0;0;1;0;1;0;0;0;795888,4752;5819881,645;13,35482045;52,44882102
200430;11;5;5020627;Tiefwerder;5200632;2018;5;15;4;3;1;1;0;0;1;0;0;0;0;0;786134,2622;5827829,951;13,21851361;52,52527723
200431;11;7;7040405;Rathaus Tempelhof;7501031;2018;5;12;1;3;3;2;0;0;1;0;1;0;0;0;798886,1047;5820526,418;13,39937536;52,45297008
200432;11;5;5020625;Borkumer Stra�e                                                                                     ;5200629;2018;5;12;1;3;5;3;0;0;1;0;0;0;0;0;783802,0121;5828688,887;13,18496232;52,53419769
200433;11;2;2010102;Mehringplatz;2100102;2018;5;17;4;3;1;5;0;1;0;0;0;0;1;0;798071,3148;5826350,716;13,39262704;52,50562296
200434;11;7;7020201;Bayerischer Platz;7200307;2018;5;9;1;3;6;2;0;0;1;1;0;0;0;0;794967,9033;5824310,648;13,34522966;52,48902182
200435;11;8;8010118;Silbersteinstra�e;8100105;2018;5;14;1;2;6;4;0;0;1;1;0;0;0;0;800629,1133;5822061,09;13,42633025;52,4657702
200436;11;11;11051331;Karlshorst Nord;11501340;2018;5;13;4;2;0;1;0;1;0;0;0;0;0;0;807241,535;5824242,006;13,52537123;52,48163806
200437;11;12;12103219;Sch�fersee;12100204;2018;5;11;1;2;5;7;0;0;1;0;1;0;0;0;795637,0831;5833006,234;13,36278829;52,56660815
200438;11;7;7040405;Rathaus Tempelhof;7400927;2018;5;23;1;2;5;3;2;0;1;0;0;0;0;0;798347,301;5821895,152;13,39269314;52,46553352
200439;11;9;9010302;Sp�thsfelde;9100306;2018;5;16;1;2;0;7;0;1;0;0;0;0;0;0;804441,5337;5820838,171;13,48116212;52,45269866
200440;11;1;1011302;Oranienburger Stra�e                                                                                ;1100309;2018;5;15;4;3;0;1;0;1;0;0;0;0;0;0;798213,7027;5828414,387;13,39656818;52,52404328
200441;11;3;3040508;Rosenthal;3400618;2018;5;11;1;2;3;6;0;1;1;0;0;0;0;0;796158,0713;5836532,534;13,37360337;52,59793431
200442;11;5;5010101;Hakenfelde Nord;5100101;2018;5;1;1;3;0;1;2;1;0;0;0;0;0;0;784998,5342;5834339,48;13,20740744;52,58423585
200443;11;6;6040810;Dahlem;6400844;2018;5;14;7;3;1;5;0;0;1;0;0;0;0;0;790351,463;5820672,31;13,27426398;52,45887841
200444;11;1;1033203;Humboldthain Nordwest                                                                               ;1300836;2018;5;19;4;3;3;6;0;0;1;0;0;0;1;0;796293,193;5830598,858;13,37029126;52,5446719
200445;11;8;8010508;Wei�e Siedlung;8100520;2018;5;1;1;2;5;3;2;0;1;0;0;0;0;0;803194,8413;5822706,034;13,46456891;52,47013313
200446;11;2;2010104;Wassertorplatz;2100106;2018;5;17;7;2;1;6;0;1;0;0;0;1;1;0;798884,8763;5825600,267;13,40390436;52,49845116
200447;11;7;7010101;Wittenbergplatz/Viktoria-Luise-Platz;7100101;2018;5;8;4;3;5;2;0;1;1;0;0;0;0;0;794964,8684;5824892,758;13,34570041;52,49424169
200448;11;7;7020202;Volkspark (Rudolf-Wilde-Park);7200308;2018;5;17;7;3;5;3;0;1;1;0;0;0;0;0;794750,4703;5823713,885;13,34150886;52,48378965
200449;11;9;9030903;K�lner Viertel;9300923;2018;5;11;7;3;5;3;0;1;0;0;0;0;1;0;808375,4369;5816244,283;13,53463432;52,40932286
200450;11;1;1011304;Karl-Marx-Allee;1100311;2018;5;7;4;2;6;4;0;0;1;1;0;0;0;0;799735,7179;5827854,507;13,41843042;52,51819028
200451;11;4;4030518;Tegeler Weg;4300517;2018;5;23;7;3;0;5;2;0;1;0;0;0;1;0;791671,9506;5827893,105;13,29996435;52,52290907
200452;11;3;3030406;Alt-Karow;3300413;2018;5;7;4;2;5;3;0;0;1;0;1;0;0;0;802708,3711;5837338,135;13,47075664;52,60154807
200453;11;8;8010214;Glasower Stra�e;8100209;2018;5;19;7;3;5;7;0;0;1;0;0;0;0;0;801205,6845;5822209,917;13,43492617;52,46678665
200454;11;11;11020411;Malchower Weg;11200410;2018;5;5;4;3;5;2;0;1;1;0;0;0;0;0;805006,8233;5833015,223;13,50061143;52,56152043
200455;11;10;10030725;Buckower Ring;10300732;2018;5;5;4;3;1;5;0;0;1;0;0;0;1;0;809894,151;5827921,36;13,56773041;52,51311231
200456;11;1;1011105;N�rdlicher Landwehrkanal                                                                            ;1100102;2018;5;18;7;3;6;4;0;0;1;1;0;0;0;0;796924,6029;5826415,78;13,37583982;52,50683147
200457;11;2;2050802;Boxhagener Platz;2500833;2018;5;19;7;3;5;7;1;1;1;0;0;0;0;0;802201,9838;5827336,926;13,4541969;52,51219019
200458;11;1;1011304;Karl-Marx-Allee;1100311;2018;5;0;4;3;2;6;2;0;1;0;0;0;0;0;799546,9811;5828068,474;13,41584988;52,52021187
200459;11;7;7040404;Marienh�he;7400826;2018;5;8;3;3;3;6;0;0;1;0;0;0;1;0;796666,3631;5819995,966;13,36633471;52,44942425
200460;11;7;7070706;Horstwalder Stra�e/Paplitzer Stra�e                                                                 ;7601547;2018;5;19;7;3;5;3;0;1;1;0;0;0;0;0;800037,685;5813263,096;13,40975836;52,38723344
200461;11;1;1033102;Gesundbrunnen;1300733;2018;5;22;3;3;2;6;2;0;1;0;0;0;0;1;797541,2402;5831712,136;13,38963874;52,55397088
200462;11;3;3050924;Behaimstra�e;3500935;2018;5;15;7;3;5;7;0;0;1;0;1;0;0;0;801474,09;5831873,301;13,4476178;52,55325281
200463;11;3;3071537;Kollwitzplatz;3701555;2018;5;16;7;3;1;5;0;1;1;0;0;0;0;0;799345,0192;5830083,423;13,41469643;52,53838368
200464;11;6;6010103;Markelstra�e                                                                                        ;6100103;2018;5;9;3;2;3;6;0;1;0;0;0;0;1;0;793328,5397;5821376,885;13,3185742;52,46360495
200465;11;1;1022201;Stephankiez;1200623;2018;5;15;7;3;5;3;0;1;1;0;0;0;0;0;795485,2374;5829583,303;13,35750833;52,53600714
200466;11;7;7040403;Manteuffelstra�e                                                                                    ;7400823;2018;5;14;7;3;5;3;0;0;1;0;0;0;0;0;796826,5611;5822175,658;13,37062311;52,46887627
200467;11;11;11041128;Sewanstra�e;11401136;2018;5;15;3;3;5;3;0;0;1;0;0;0;0;0;805533,067;5825996,95;13,50190074;52,49832523
200468;11;2;2030402;Wrangelkiez;2300419;2018;5;13;7;3;3;6;0;0;1;0;1;0;0;0;801482,5029;5826023,203;13,44243736;52,50081324
200469;11;11;11030721;R�digerstra�e;11300722;2018;5;13;7;3;2;6;0;0;1;0;1;0;0;0;803796,4011;5827717,752;13,47796711;52,51471778
200470;11;2;2020203;Viktoriapark;2200209;2018;5;15;3;3;0;2;0;0;1;0;1;0;0;0;797500,7218;5824741,364;13,38280756;52,49150836
200471;11;6;6040810;Dahlem;6400844;2018;5;18;7;3;5;2;0;0;1;0;0;0;0;0;791565,7806;5821713,998;13,29299561;52,46757065
200472;11;2;2030302;Lausitzer Platz;2300316;2018;5;13;7;3;2;6;0;0;1;0;1;0;0;0;801155,0383;5825945,193;13,43755726;52,50029483
200473;11;2;2010101;Askanischer Platz;2100101;2018;5;18;3;3;5;7;0;1;1;0;0;0;0;1;797837,4408;5825792,22;13,38869191;52,50074443
200474;11;1;1011303;Alexanderplatzviertel;1100310;2018;5;11;7;3;3;6;0;1;0;0;0;0;0;0;799481,7209;5828848,394;13,41559325;52,52723848
200475;11;4;4030725;Amtsgerichtsplatz;4300416;2018;5;11;3;3;5;3;0;1;1;0;0;0;0;0;791765,411;5826421,102;13,30004711;52,50966281
200476;11;4;4030931;Breitscheidplatz;4501042;2018;5;12;7;3;5;3;0;1;0;0;0;0;1;0;794103,723;5826435,898;13,33441557;52,50853981
200477;11;4;4041137;Flinsberger Platz;4400727;2018;5;10;3;3;5;2;0;1;1;0;0;0;0;0;790959,7072;5823006,017;13,28522602;52,47947682
200478;11;10;10040931;Mahlsdorf Nord                                                                                      ;10400938;2018;5;20;7;3;5;3;1;0;1;0;0;0;0;0;814755,4276;5829893,128;13,64099615;52,52799747
200479;11;8;8041040;Waltersdorfer Chaussee Ost;8401246;2018;5;10;7;3;2;7;0;1;1;0;0;0;0;0;806283,7655;5816404,03;13,50412611;52,4119287
200480;11;2;2020204;Urbanstra�e;2200210;2018;5;10;3;3;5;3;0;1;1;0;0;0;0;0;799101,4896;5825225,688;13,40674944;52,4949749
200481;11;7;7040401;Neu-Tempelhof;7400720;2018;5;20;7;3;1;5;1;1;1;0;0;0;0;0;797509,5948;5823703,123;13,38201109;52,48219683
200482;11;2;2010104;Wassertorplatz;2100106;2018;5;6;7;3;5;7;0;0;1;0;0;0;0;0;799727,1629;5825336,166;13,41603736;52,49562195
200483;11;12;12231101;Hermsdorf;12400723;2018;5;10;3;3;0;3;0;1;1;0;0;0;0;0;791762,082;5838979,752;13,3110435;52,62224909
200484;11;7;7030301;Friedenau;7300517;2018;5;20;7;3;0;1;0;0;0;0;1;0;0;0;794038,1332;5822211,626;13,32972453;52,47070666
200485;11;1;1011304;Karl-Marx-Allee;1100311;2018;5;15;7;3;5;2;0;1;1;0;0;0;0;0;799707,9329;5827840,449;13,4180095;52,51807955
200486;11;1;1011302;Oranienburger Stra�e                                                                                ;1100309;2018;5;18;7;3;3;6;0;0;1;0;0;0;0;0;798628,136;5829091,679;13,40326686;52,52988743
200487;11;3;3061434;Anton-Saefkow-Park;3601451;2018;5;7;3;3;6;7;0;1;0;1;0;0;0;0;801392,2468;5829733,607;13,444473;52,53411992
200488;11;7;7040401;Neu-Tempelhof;7400720;2018;5;15;7;2;5;2;0;0;1;0;0;0;0;0;797292,5068;5822601,454;13,37784163;52,47243975
200489;11;8;8020620;Tempelhofer Weg;8200624;2018;5;15;7;3;5;3;0;0;1;0;0;0;0;0;801179,932;5820606,977;13,43310207;52,45243317
200490;11;7;7010103;Barbarossaplatz;7100204;2018;5;14;7;3;1;5;0;0;1;0;0;0;1;0;795500,7283;5824740,73;13,35343562;52,49258903
200491;11;1;1011402;Arkonaplatz;1100416;2018;5;20;3;3;2;6;2;0;1;0;0;0;0;1;798087,3491;5829978,215;13,39611358;52,53813003
200492;11;9;9020802;K�llnische Vorstadt                                                                                 ;9200819;2018;5;14;7;2;6;4;0;0;0;1;0;0;1;0;810697,284;5819264,517;13,57146402;52,43507669
200493;11;4;4020310;Park Ruhwald;4200308;2018;5;11;7;3;0;1;0;1;0;0;0;0;0;0;788220,6936;5827817,198;13,24917148;52,52406388
200494;11;9;9020701;Adlershof West;9200715;2018;5;15;6;3;3;2;0;0;1;0;0;1;0;0;807227,5415;5818272,083;13,51967337;52,42814202
200495;11;5;5020417;Staakener Stra�e                                                                                    ;5200420;2018;5;19;3;3;5;3;1;0;1;0;0;0;0;1;781919,7026;5828605,096;13,15721426;52,53442333
200496;11;1;1044103;Westliche M�llerstra�e                                                                              ;1400942;2018;5;13;7;3;1;5;0;1;1;0;0;0;0;0;794641,3896;5830502,613;13,34591837;52,54470494
200497;11;3;3020209;Niedersch�nhausen;3200205;2018;5;19;3;3;5;3;1;0;1;0;0;0;0;1;797900,5556;5835186,99;13,39804374;52,5849217
200498;11;10;10010308;Marzahner Chaussee;10100311;2018;5;8;7;2;5;2;0;1;1;0;0;0;0;0;806694,303;5829146,409;13,52185558;52,52589994
200499;11;3;3030716;M�rchenland;3300517;2018;5;15;6;3;5;3;0;1;1;0;0;0;0;0;805054,0937;5836931,5;13,5049104;52,59659277
200500;11;7;7010104;Dennewitzplatz;7100205;2018;5;18;3;3;2;6;0;0;1;0;0;0;0;1;796095,5572;5825361,6;13,36272316;52,49783225
200501;11;12;12103115;Breitkopfbecken;12100103;2018;5;8;7;2;5;3;0;1;1;0;0;0;0;0;795962,7222;5833892,237;13,3683693;52,5743733
200502;11;9;9010402;Johannisthal Ost;9100408;2018;5;15;6;3;2;6;0;0;1;0;0;0;0;0;806189,2427;5819215,815;13,50531433;52,43718226
200503;11;7;7050501;Rathausstra�e                                                                                       ;7501029;2018;5;9;3;3;5;2;0;1;1;0;0;0;0;0;797460,735;5820319,233;13,37827715;52,45189038
200504;11;12;12103117;Letteplatz;12100101;2018;5;9;7;3;5;2;0;1;1;0;0;0;0;0;795788,7371;5832580,935;13,36464005;52,56271339
200505;11;1;1011303;Alexanderplatzviertel;1100310;2018;5;0;6;3;1;5;2;1;1;0;0;0;0;0;799127,3142;5828887,264;13,41041964;52,52778147
200506;11;2;2010104;Wassertorplatz;2100106;2018;5;17;6;3;6;2;0;0;0;1;0;0;1;0;799769,5168;5825595,898;13,41689311;52,4979268
200507;11;9;9051901;Dammvorstadt;9501939;2018;5;9;3;3;2;6;0;0;1;0;1;0;0;0;809665,9009;5821388,333;13,55830919;52,4546948
200508;11;8;8020727;Buckow Mitte;8200832;2018;5;10;7;3;1;5;0;0;1;0;0;0;0;0;801547,1898;5817525,964;13,43571061;52,42461461
200509;11;7;7030301;Friedenau;7300517;2018;5;16;6;3;6;7;0;1;0;1;0;0;0;0;794356,3811;5822214,687;13,33439888;52,47056271
200510;11;4;4030415;Schlo�garten;4300412;2018;5;15;6;3;0;2;0;1;1;0;0;0;0;0;791441,3673;5827480,183;13,29621356;52,51933057
200511;11;7;7040405;Rathaus Tempelhof;7400927;2018;5;9;3;3;5;2;0;1;1;0;0;0;0;0;799556,6274;5820750,662;13,4094144;52,45461308
200512;11;9;9010401;Johannisthal West;9100407;2018;5;12;7;2;5;3;0;0;1;0;1;0;0;0;805502,2835;5819235,757;13,49525835;52,43774512
200513;11;9;9041601;M�ggelheim;9401635;2018;5;15;6;3;4;6;0;1;1;0;0;0;0;0;818788,1287;5818577,864;13,68942723;52,42426934
200514;11;2;2030302;Lausitzer Platz;2300315;2018;5;8;3;3;5;2;0;1;0;0;1;0;0;0;800651,469;5826090,633;13,43029253;52,50187611
200515;11;7;7030301;Friedenau;7300517;2018;5;12;7;3;5;2;0;0;1;0;0;0;1;0;794245,4836;5822043,378;13,3326199;52,46908675
200516;11;8;8010211;Flughafenstra�e;8100206;2018;5;18;6;3;5;3;0;0;1;0;0;0;0;0;800622,0936;5823769,086;13,42776656;52,4810835
200517;11;12;12214527;Alt-Tegel;12200515;2018;5;8;3;3;5;2;0;1;1;0;0;0;0;0;790570,556;5834485,955;13,28954684;52,58260164
200518;11;2;2050802;Boxhagener Platz;2500833;2018;5;4;7;2;5;3;1;1;1;0;0;0;0;0;802846,5637;5826939,611;13,46330465;52,50827162
200519;11;5;5020625;Borkumer Stra�e                                                                                     ;5200629;2018;5;1;7;3;5;3;2;0;1;0;0;0;0;0;784628,3933;5828424,965;13,1968867;52,53140041
200520;11;12;12214125;Waldidyll/Flughafensee;12200412;2018;5;14;6;3;2;6;0;0;1;0;0;0;0;0;789247,6411;5833657,905;13,26935384;52,57588302
200521;11;3;3030406;Alt-Karow;3300412;2018;5;7;3;3;5;3;0;0;1;0;1;0;0;0;802359,6154;5838813,759;13,46697106;52,6149677
200522;11;7;7040403;Manteuffelstra�e                                                                                    ;7400824;2018;5;0;7;3;9;1;2;0;1;0;0;0;0;0;797621,7247;5821384,034;13,38158836;52,46134759
200523;11;12;12224230;Heiligensee;12400617;2018;5;12;6;3;5;3;0;1;1;0;0;0;0;0;786054,4152;5839051,109;13,22702156;52,62592417
200524;11;11;11051229;Rummelsburg;11501238;2018;5;6;3;2;5;7;0;0;1;0;0;0;1;0;805198,137;5824822,464;13,49590637;52,48798629
200525;11;10;10010309;Springpfuhl;10100312;2018;5;14;7;2;6;4;0;0;1;1;0;0;0;0;808054,896;5829218,988;13,54191485;52,52578336
200526;11;1;1011203;Unter den Linden S�d;1100206;2018;5;11;6;3;1;5;0;1;1;0;0;0;0;0;797789,9777;5827267,855;13,3893148;52,51399763
200527;11;4;4030417;Schlo�stra�e;4300414;2018;5;9;6;3;0;2;0;1;1;0;0;0;0;0;790944,2954;5826751,204;13,28827095;52,51306073
200528;11;2;2030302;Lausitzer Platz;2300315;2018;5;13;3;3;5;3;0;1;1;0;0;0;0;0;800338,0758;5825814,753;13,42544065;52,49957589
200529;11;9;9041501;Altstadt Kietz;9401534;2018;5;12;7;3;0;1;0;1;0;0;0;0;0;0;811040,0866;5820313,842;13,57746689;52,44428549
200530;11;1;1011105;N�rdlicher Landwehrkanal                                                                            ;1100102;2018;5;9;6;3;5;3;0;1;1;0;0;0;0;0;796095,4954;5826518,543;13,36375106;52,50820325
200531;11;9;9020802;K�llnische Vorstadt                                                                                 ;9200819;2018;5;6;6;3;5;3;0;1;1;0;0;0;0;0;810499,1763;5820113,096;13,56934748;52,44279388
200532;11;6;6010209;Feuerbachstra�e                                                                                     ;6100209;2018;5;18;3;3;5;3;0;0;1;0;0;0;0;1;794757,2129;5821099,102;13,33929739;52,46034598
200533;11;6;6010207;Mittelstra�e                                                                                        ;6100207;2018;5;7;6;3;2;6;0;0;1;0;1;1;0;0;793462,7915;5820199,958;13,31951008;52,45298208
200534;11;7;7050505;Hundsteinweg;7501134;2018;5;19;6;3;1;5;0;0;1;0;0;0;0;0;799248,8136;5817571,148;13,40205103;52,42628141
200535;11;4;4030621;Spreestadt;4300620;2018;5;9;3;3;2;6;0;1;1;0;0;0;0;0;793363,4973;5827843,401;13,3247811;52,52155602
200536;11;5;5020625;Borkumer Stra�e                                                                                     ;5200629;2018;5;22;6;2;4;6;2;0;1;0;0;0;0;0;784033,5439;5828716,233;13,18838996;52,53432225
200537;11;9;9010402;Johannisthal Ost;9100409;2018;5;2;6;2;5;3;2;0;1;0;1;0;0;0;805707,206;5818798,895;13,49786408;52,43371521
200538;11;12;12302109;Treuenbrietzener Stra�e                                                                             ;12601133;2018;5;17;6;2;6;4;0;0;0;1;0;0;1;0;794961,4357;5836478,751;13,35593944;52,59810261
200539;11;1;1044103;Westliche M�llerstra�e                                                                              ;1400942;2018;5;10;3;3;5;2;0;0;1;0;0;0;0;0;794483,5373;5830674,482;13,34374973;52,54633097
200540;11;1;1022101;Huttenkiez;1200517;2018;5;17;6;3;0;5;0;0;1;0;0;0;0;0;792868,5247;5828878,518;13,31841843;52,53110151
200541;11;6;6040804;Krumme Lanke;6400838;2018;5;12;6;2;6;4;0;0;1;1;0;0;0;0;788127,3803;5818751,018;13,23996352;52,44282996
200542;11;11;11040926;Weitlingstra�e;11400931;2018;5;7;3;2;6;4;0;0;1;1;0;0;0;0;806681,8165;5826924,673;13,51962436;52,50599538
200543;11;8;8010118;Silbersteinstra�e;8100105;2018;5;20;6;3;6;7;0;1;0;1;0;0;0;0;800948,606;5822291,745;13,43122707;52,46766177
200544;11;3;3020210;Herthaplatz;3200207;2018;5;16;6;3;5;3;0;0;1;0;0;0;0;0;798491,6709;5835387,02;13,40692279;52,58639067
200545;11;5;5010314;Carl-Schurz-Stra�e                                                                                  ;5100316;2018;5;8;3;2;3;2;0;0;1;0;1;0;0;0;785063,696;5829469,548;13,20418259;52,54053858
200546;11;3;3061429;Greifswalder Stra�e;3601449;2018;5;17;6;3;1;1;0;0;1;0;1;0;0;0;801714,489;5830097,035;13,4495393;52,53719904
200547;11;10;10010309;Springpfuhl;10100312;2018;5;8;3;3;6;4;0;0;1;1;0;0;0;0;808104,148;5830171,381;13,54352114;52,53429075
200548;11;12;12214528;Tegeler Forst;12400619;2018;5;1;3;3;9;1;2;0;1;0;0;0;0;0;789480,2266;5836129,08;13,27493554;52,59791352
200549;11;12;12103218;Teichstra�e;12100205;2018;5;19;6;3;5;2;0;1;1;0;0;0;0;0;794559,4215;5833615,511;13,34747594;52,57265399
200550;11;9;9052001;K�penick Nord                                                                                       ;9502043;2018;5;12;6;3;2;6;0;0;1;0;0;0;0;0;810661,6615;5822786,32;13,57421721;52,466658
200551;11;6;6030610;Lichterfelde West                                                                                   ;6300634;2018;5;18;3;3;0;3;1;0;1;0;0;0;0;1;792122,5678;5818806,699;13,29862529;52,44120947
200552;11;1;1022101;Huttenkiez;1200517;2018;5;18;6;3;2;6;0;0;1;0;0;0;0;0;793395,8849;5829073,843;13,32634281;52,5325689