OBJECTID;LAND;BEZ;LOR;STRASSE;LOR_ab_2021;UJAHR;UMONAT;USTUNDE;UWOCHENTAG;UKATEGORIE;UART;UTYP1;ULICHTVERH;IstRad;IstPKW;IstFuss;IstKrad;IstGkfz;IstSonstig;USTRZUSTAND;LINREFX;LINREFY;XGCSWGS84;YGCSWGS84
200720;11;7;7030301;Friedenau;7300516;2018;5;17;6;3;5;2;0;1;1;0;0;0;0;0;793966,8439;5821904,902;13,32840778;52,46799538
200721;11;5;5010339;Freiheit;5100317;2018;5;10;5;3;6;7;0;1;0;1;0;0;0;0;786989,2706;5828157,675;13,23136468;52,52776608
200722;11;7;7030301;Friedenau;7300516;2018;5;18;4;3;0;1;0;1;0;0;0;0;0;0;793904,8449;5822011,704;13,32759181;52,46898617
200723;11;11;11040926;Weitlingstra�e;11400929;2018;5;15;4;3;0;4;0;0;0;1;0;0;1;0;804996,8589;5826563,494;13,49454523;52,50370281
200724;11;11;3061430;Volkspark Prenzlauer Berg;3601450;2018;5;15;4;3;5;3;0;1;0;0;0;0;1;0;802535,8662;5829321,633;13,46090696;52,52979387
200725;11;11;11010309;Zingster Stra�e West;11100308;2018;5;15;4;3;5;3;0;1;1;0;0;0;0;0;804654,7687;5833592,035;13,49596362;52,56688714
200726;11;9;9051701;Hirschgarten;9501736;2018;5;16;4;3;0;3;0;1;1;0;0;0;0;0;813655,4963;5821709,168;13,61713198;52,45529527
200727;11;3;3061332;Helmholtzplatz;3601348;2018;5;15;6;3;5;3;0;0;1;0;0;0;0;0;799843,0269;5830810,371;13,4226733;52,54462579
200728;11;6;6040805;Fischerh�ttenstra�e                                                                                 ;6400839;2018;5;16;4;3;1;5;0;1;0;0;0;0;1;0;788519,5609;5818453,21;13,24546037;52,43995315
200729;11;3;2040501;Barnimkiez;2400520;2018;5;19;5;3;2;6;0;0;1;0;1;0;0;0;800126,0169;5828965,805;13,42516805;52,52793658
200730;11;2;2040701;Andreasviertel;2400623;2018;5;16;4;3;5;2;0;1;1;0;0;0;0;0;800586,223;5827009,419;13,43016375;52,51014742
200731;11;12;12214125;Waldidyll/Flughafensee;12200412;2018;5;15;4;3;6;2;0;0;1;1;0;0;0;0;791165,6833;5834026,403;13,29790186;52,57816371
200732;11;2;2050602;Samariterviertel;2500729;2018;5;20;5;3;1;5;1;1;0;0;0;0;1;0;803267,3743;5827768,443;13,47024125;52,51546653
200733;11;2;2030302;Lausitzer Platz;2300316;2018;5;15;4;3;5;2;0;1;1;0;0;0;0;0;801623,3327;5826054,347;13,44453396;52,50101456
200734;11;3;3040614;Pankow Zentrum                                                                                      ;3400723;2018;5;15;4;3;5;3;0;0;1;0;0;0;1;0;799550,9898;5834226,198;13,42146291;52,57540365
200735;11;1;1011105;N�rdlicher Landwehrkanal                                                                            ;1100102;2018;5;15;4;3;3;6;0;0;1;0;1;0;0;0;795457,0765;5826642,436;13,35448179;52,50965998
200736;11;12;12224230;Heiligensee;12400619;2018;5;16;4;2;5;3;0;0;1;0;1;0;0;0;786419,4291;5837216,837;13,23081082;52,60928671
200737;11;9;9010401;Johannisthal West;9100407;2018;5;14;5;3;2;6;0;0;0;0;1;0;1;0;806316,9129;5820942,663;13,50876968;52,45258754
200738;11;10;10010102;Havemannstra�e                                                                                      ;10100104;2018;5;16;4;2;5;3;0;1;1;0;0;0;0;0;810148,9676;5833322,342;13,57651383;52,56136827
200739;11;8;8010510;Gewerbegebiet K�llnische Heide;8100521;2018;5;12;6;3;5;3;0;0;1;0;1;0;0;0;802484,486;5822555,747;13,45400698;52,46917988
200740;11;12;12224229;Konradsh�he/Tegelort;12400616;2018;5;15;4;2;5;3;0;1;1;0;0;0;0;0;786489,2733;5834533,033;13,22951739;52,58518819
200741;11;9;9010401;Johannisthal West;9100408;2018;5;20;5;3;5;3;0;1;1;0;0;0;0;0;806296,0013;5820693,408;13,50823433;52,45036533
200742;11;2;2050804;Stralauer Halbinsel;2500836;2018;5;15;4;2;5;2;0;1;1;0;0;0;0;0;803119,8198;5825687,909;13,46617916;52,49690104
200743;11;5;5030832;Rohrdamm;5300839;2018;5;14;5;3;5;3;0;0;1;0;0;0;0;0;788940,0854;5829979,857;13,26162557;52,54307195
200744;11;2;2040701;Andreasviertel;2400623;2018;5;15;4;2;5;2;0;0;1;0;0;0;0;0;800358,9229;5827179,616;13,42697817;52,51179815
200745;11;1;1011105;N�rdlicher Landwehrkanal                                                                            ;1100102;2018;5;5;5;3;5;2;0;1;0;0;1;0;0;0;796584,0157;5826875,013;13,37124558;52,51113329
200746;11;11;11020411;Malchower Weg;11200410;2018;5;17;4;2;6;4;0;0;1;1;0;0;0;0;805861,9407;5832367,362;13,51258984;52,55523452
200747;11;5;5010313;Ackerstra�e                                                                                         ;5100315;2018;5;23;6;3;1;1;2;0;1;0;0;0;1;0;784495,133;5830069,558;13,19633567;52,54621543
200748;11;4;4030726;Droysenstra�e;4500936;2018;5;18;5;3;6;2;0;0;1;1;0;0;0;0;792279,333;5825473,134;13,30676584;52,50088937
200749;11;7;7050501;Rathausstra�e                                                                                       ;7501029;2018;5;7;4;3;5;3;0;0;1;0;0;0;0;0;797063,3331;5819717,238;13,37191099;52,44671015
200750;11;6;6010210;Bismarckstra�e                                                                                      ;6100210;2018;5;7;4;3;5;2;0;1;1;0;0;0;0;0;794857,3124;5821504,981;13,34112498;52,46393045
200751;11;5;5010314;Carl-Schurz-Stra�e                                                                                  ;5100317;2018;5;17;6;3;6;4;0;1;0;1;0;0;0;0;785256,8543;5828843,84;13,20648583;52,53482747
200752;11;1;1044203;Leopoldplatz;1401048;2018;5;6;6;3;0;1;0;0;0;0;1;0;0;0;795547,9164;5831038,043;13,35972397;52,54901359
200753;11;5;5010314;Carl-Schurz-Stra�e                                                                                  ;5100316;2018;5;7;4;3;2;6;0;0;1;0;0;0;0;0;784756,566;5828817,223;13,19910717;52,53485045
200754;11;5;5030730;Zitadellenweg;5300736;2018;5;16;5;3;2;6;0;0;1;0;1;0;0;0;786389,7365;5829184,721;13,22343621;52,53728957
200755;11;7;7040403;Manteuffelstra�e                                                                                    ;7400823;2018;5;6;4;3;5;2;0;0;1;0;0;0;0;0;796922,2079;5822282,999;13,37212253;52,46978651
200756;11;5;5040936;J�gerallee;5400943;2018;5;14;5;3;3;6;0;1;0;0;0;0;0;0;780236,0248;5822115,094;13,12699349;52,47709702
200757;11;2;2040502;Friedenstra�e;2400521;2018;5;6;4;3;5;2;0;1;0;0;0;0;1;0;801250,8631;5827844,601;13,44068363;52,51726667
200758;11;4;4010101;Jungfernheide;4100101;2018;5;12;7;3;1;5;0;0;1;0;1;0;0;0;789843,8292;5829869,51;13,27481849;52,54160266
200759;11;1;1011303;Alexanderplatzviertel;1100310;2018;5;6;4;3;2;6;0;0;1;0;1;0;0;0;799505,118;5828119,38;13,41528057;52,52069116
200760;11;1;1011401;Invalidenstra�e                                                                                     ;1100415;2018;5;15;6;3;5;3;0;1;1;0;0;0;0;0;797987,108;5829310,535;13,39404133;52,53219998
200761;11;1;1044201;Reinickendorfer Stra�e                                                                              ;1401045;2018;5;7;6;3;4;6;0;1;0;0;0;0;0;0;796966,8434;5831890,134;13,38135083;52,55587991
200762;11;4;4030827;Karl-August-Platz;4300623;2018;5;0;4;3;4;6;2;1;0;0;0;0;0;0;792742,357;5826543,023;13,31450832;52,5102324
200763;11;6;6010210;Bismarckstra�e                                                                                      ;6100210;2018;5;9;6;3;1;5;0;1;1;0;0;0;0;0;794942,3721;5820934,172;13,34186901;52,45876757
200764;11;1;1022106;Elberfelder Stra�e                                                                                  ;1200522;2018;5;6;4;3;0;6;0;0;1;0;1;0;0;0;794346,7465;5828370,634;13,33969775;52,52575245
200765;11;11;11010206;Wartenberg S�d;11100205;2018;5;17;5;3;2;6;0;1;0;0;0;1;0;0;805737,483;5833790,769;13,51207124;52,56806128
200766;11;5;5020417;Staakener Stra�e                                                                                    ;5200420;2018;5;6;4;2;3;6;0;0;1;0;0;1;1;0;782458,7788;5828529,693;13,16507664;52,53346812
200767;11;6;6020409;K�nigsberger Stra�e                                                                                 ;6200421;2018;5;13;4;3;6;7;0;0;1;1;0;0;0;0;794204,9292;5818374,917;13,32879283;52,4362224
200768;11;1;1022204;Thomasiusstra�e                                                                                     ;1200626;2018;5;13;4;3;5;2;0;1;1;0;0;0;0;0;794791,1456;5828310,315;13,3461758;52,52497162
200769;11;11;11051229;Rummelsburg;11501238;2018;5;17;6;3;2;6;0;1;1;0;0;0;0;0;804025,9241;5825924,02;13,47970098;52,49851325
200770;11;1;1022103;Westhafen;1200517;2018;5;13;5;3;6;2;0;0;1;1;0;0;0;0;794591,1723;5829794,632;13,34455219;52,53838557
200771;11;7;7030301;Friedenau;7300516;2018;5;6;4;3;6;4;0;1;0;1;0;0;0;0;794003,3625;5821601,253;13,32867628;52,46525364
200772;11;8;8010212;Rollberg;8100207;2018;5;12;4;3;2;2;0;0;1;0;0;0;0;0;800976,2746;5823489,65;13,43271399;52,47838373
200773;11;3;3061227;Humannplatz;3601244;2018;5;16;5;2;5;3;0;1;1;0;0;0;0;0;800083,5555;5831671,646;13,42698784;52,55221322
200774;11;10;10010310;Alt-Marzahn;10100313;2018;5;7;5;3;6;4;0;1;0;1;0;0;0;0;808103,9956;5830909,031;13,5442028;52,54090155
200775;11;8;8010117;Schillerpromenade;8100102;2018;5;12;4;3;5;2;0;1;0;0;0;1;0;0;800587,4566;5823218,522;13,42676176;52,47616765
200776;11;2;2030402;Wrangelkiez;2300419;2018;5;14;1;3;1;5;0;1;1;0;0;0;0;0;801774,5073;5825797,791;13,44652182;52,49863144
200777;11;2;2020203;Viktoriapark;2200207;2018;5;12;4;3;5;2;0;1;1;0;0;0;0;0;797089,6864;5824710,628;13,37674395;52,49145671
200778;11;6;6040806;Fischtal;6400840;2018;5;12;4;3;5;3;0;1;1;0;0;0;0;0;788764,5299;5819970,236;13,25036554;52,4534248
200779;11;1;1033201;Brunnenstra�e                                                                                       ;1300834;2018;5;11;4;3;6;7;0;0;1;1;0;0;0;0;797747,6909;5830585,227;13,39166439;52,54375679
200780;11;7;7040403;Manteuffelstra�e                                                                                    ;7400824;2018;5;16;6;2;5;3;0;0;1;0;0;0;1;0;797842,8142;5822041,773;13,38541989;52,46712305
200781;11;3;3071639;B�tzowstra�e;3701660;2018;5;11;4;3;6;4;0;1;0;1;0;0;0;0;800668,556;5829135,742;13,43329512;52,52916081
200782;11;7;7030303;Grazer Platz;7300619;2018;5;20;5;2;4;7;0;1;0;0;0;0;0;0;795866,6772;5821116,377;13,35559463;52,4599013
200783;11;5;5010313;Ackerstra�e                                                                                         ;5100315;2018;5;10;4;3;3;6;0;0;1;0;0;1;0;0;784568,1875;5829803,133;13,19718182;52,54378852
200784;11;3;3071638;Winsstra�e;3701659;2018;5;10;4;3;3;6;0;1;0;0;0;1;0;0;800105,0484;5828984,569;13,42487682;52,52811631
200785;11;5;5020524;Weinmeisterhornweg;5200528;2018;5;18;5;3;1;1;0;0;1;0;0;0;0;0;783653,3331;5825277,082;13,17986691;52,50368412
200786;11;12;12224230;Heiligensee;12400619;2018;5;10;4;3;5;3;0;0;1;0;1;0;0;0;787299,5254;5836410,544;13,24307241;52,60159352
200787;11;6;6020409;K�nigsberger Stra�e                                                                                 ;6200421;2018;5;10;4;2;6;4;0;0;1;1;0;0;0;0;793186,6931;5816759,998;13,31244133;52,42229171
200788;11;2;2030302;Lausitzer Platz;2300316;2018;5;13;5;3;2;6;0;0;1;0;0;0;1;0;800854,5587;5826457,439;13,43360688;52,50505197
200789;11;11;11010204;Falkenberg Ost;11100203;2018;5;7;6;3;6;4;0;0;0;1;1;0;0;0;807093,1175;5833862,325;13,53207603;52,56793956
200790;11;9;9020702;Adlershof Ost;9200717;2018;5;10;4;3;6;4;0;0;1;1;0;0;0;0;809414,6458;5819700,565;13,55306027;52,43971153
200791;11;12;12302212;Rollbergesiedlung;12601032;2018;5;6;5;3;5;2;0;0;1;0;1;0;0;0;792795,5263;5837473,791;13,32493327;52,60819312
200792;11;3;3040818;Pankow S�d                                                                                          ;3400831;2018;5;16;5;3;5;7;0;0;1;0;0;0;0;0;800189,545;5834844,24;13,4314172;52,58059143
200793;11;1;1011401;Invalidenstra�e                                                                                     ;1100415;2018;5;9;4;3;0;1;0;1;0;0;0;0;0;0;798162,5394;5829350,038;13,39665535;52,53245813
200794;11;4;4030519;Kaiserin-Augusta-Allee;4300518;2018;5;8;4;3;1;5;0;0;1;0;1;0;0;0;792131,7833;5828235,454;13,30702336;52,52573196
200795;11;6;6030503;Zehlendorf Mitte                                                                                    ;6300526;2018;5;5;6;2;5;3;0;1;0;0;0;0;0;0;789522,0699;5817485,258;13,25932942;52,43074521
200796;11;7;7020201;Bayerischer Platz;7200307;2018;5;17;3;2;2;6;0;1;0;0;0;0;0;0;794648,611;5824208,682;13,34045062;52,48828019
200797;11;4;4030828;Savignyplatz;4300624;2018;5;19;5;3;6;7;0;0;0;1;0;0;1;0;792935,2293;5826088,189;13,31694189;52,50605143
200798;11;1;1011204;Leipziger Stra�e                                                                                    ;1100207;2018;5;18;3;3;3;6;0;1;1;0;0;0;0;0;797984,865;5826881,04;13,39183184;52,51042388
200799;11;10;10010310;Alt-Marzahn;10100315;2018;5;16;3;3;2;6;0;0;1;0;1;0;0;0;809503,4571;5831432,138;13,56525965;52,54479638
200800;11;6;6030610;Lichterfelde West                                                                                   ;6300634;2018;5;8;5;2;5;2;0;0;1;0;1;0;0;0;792178,236;5818732,933;13,29937746;52,44051842
200801;11;2;2050601;Hausburgviertel;2500726;2018;5;11;3;2;3;6;0;0;0;0;1;1;0;0;801726,8016;5828910,838;13,44864361;52,52656031
200802;11;2;2040502;Friedenstra�e;2400521;2018;5;11;3;3;5;2;0;1;1;0;0;0;0;0;800482,8593;5828469,004;13,42996347;52,52328705
200803;11;3;3040513;Sch�nholz;3400620;2018;5;17;6;3;3;6;0;0;1;0;1;0;0;0;796785,4962;5833977,19;13,38055083;52,57468675
200804;11;3;3010102;Buch;3100102;2018;5;10;6;3;5;3;0;1;1;0;0;0;0;0;805080,5171;5841768,869;13,50976139;52,63993133
200805;11;3;3050920;Wei�er See;3500933;2018;5;6;3;3;5;3;0;1;0;0;1;0;0;0;802283,9806;5832348,402;13,45995936;52,55706221
200806;11;1;1011303;Alexanderplatzviertel;1100310;2018;5;8;5;2;0;1;0;1;0;0;0;0;0;0;799573,058;5828455,232;13,4165814;52,52366423
200807;11;4;4030417;Schlo�stra�e;4300414;2018;5;17;5;3;5;3;0;1;1;0;0;0;0;0;791185,055;5826502,927;13,29159149;52,51070646
200808;11;1;1011302;Oranienburger Stra�e                                                                                ;1100309;2018;5;12;1;3;4;2;0;0;1;0;1;0;0;0;797990,8576;5828909,957;13,39373738;52,52860727
200809;11;9;9020602;Oberspree;9200614;2018;5;14;3;3;2;3;0;1;0;0;0;0;0;0;808453,1697;5820867,423;13,54003757;52,45071207
200810;11;11;11010309;Zingster Stra�e West;11100308;2018;5;13;5;3;2;6;0;0;1;0;0;0;0;0;804395,8519;5833384,051;13,49196458;52,56516792
200811;11;5;5010313;Ackerstra�e                                                                                         ;5100315;2018;5;21;3;3;5;2;0;0;1;0;0;0;0;0;784664,5407;5829706,167;13,19851571;52,54286878
200812;11;9;9030901;Dorf Altglienicke;9300920;2018;5;16;6;3;0;1;0;1;1;0;0;0;0;0;807767,1779;5816017,683;13,52551196;52,40763425
200813;11;5;5030832;Rohrdamm;5300839;2018;5;19;3;3;5;7;0;1;1;0;0;0;0;0;788332,1947;5830462,866;13,25310587;52,54772432
200814;11;2;2020206;Graefekiez;2200212;2018;5;16;7;3;0;6;0;1;1;0;0;0;0;0;799321,6002;5824545,02;13,40937051;52,48875303
200815;11;8;8020624;Britzer Garten;8200729;2018;5;18;3;3;5;3;0;0;1;0;0;0;0;0;799773,6853;5818043,257;13,41017043;52,43022593
200816;11;2;2010101;Askanischer Platz;2100101;2018;5;19;6;3;2;2;0;1;0;0;0;0;1;0;797659,6964;5826313,618;13,38654725;52,50551514
200817;11;3;3050923;Wei�enseer Spitze;3500934;2018;5;8;6;3;5;3;0;1;1;0;0;0;0;0;800993,118;5831900,187;13,44056963;52,5537598
200818;11;8;8010404;Rixdorf;8100417;2018;5;19;3;3;2;6;0;1;1;0;0;0;0;0;802131,9397;5823074,998;13,4493031;52,47402907
200819;11;4;4030931;Breitscheidplatz;4501042;2018;5;13;5;3;6;7;0;0;1;1;0;0;0;0;793760,4419;5825818,285;13,32882712;52,50318817
200820;11;11;11010309;Zingster Stra�e West;11100308;2018;5;16;5;3;5;2;0;1;1;0;0;0;0;0;804994,6906;5833578,097;13,50095041;52,5665719
200821;11;3;3040614;Pankow Zentrum                                                                                      ;3400721;2018;5;17;3;3;4;2;0;1;1;0;0;0;0;0;797511,2885;5833248,53;13,39057569;52,56775902
200822;11;5;5010339;Freiheit;5100317;2018;5;17;3;3;5;3;0;0;1;0;1;0;0;0;787087,6065;5828137,415;13,23279274;52,52753265
200823;11;6;6040807;Zehlendorf Eiche                                                                                    ;6400841;2018;5;16;3;3;5;2;0;1;1;0;0;0;0;0;789658,6098;5818328,419;13,26206266;52,43823222
200824;11;2;2020203;Viktoriapark;2200209;2018;5;18;6;3;5;5;0;1;1;0;0;0;0;0;797096,7781;5824590,51;13,376741;52,49037611
200825;11;7;7040402;Lindenhofsiedlung;7400822;2018;5;18;3;3;0;1;0;0;0;0;1;0;0;0;796824,0277;5820997,083;13,36953774;52,4583128
200826;11;3;3030715;Heinersdorf;3300516;2018;5;9;5;2;3;6;0;1;1;0;0;0;0;0;800907,1804;5833518,24;13,44077311;52,56831005
200827;11;6;6040806;Fischtal;6400840;2018;5;17;3;3;0;7;0;1;0;0;0;0;0;0;789152,2397;5819750,045;13,25586456;52,45124572
200828;11;3;3061131;Falkplatz;3601142;2018;5;15;6;2;0;1;0;1;0;0;0;0;0;0;798675,4336;5830304,934;13,40505235;52,54073661
200829;11;4;4030518;Tegeler Weg;4300517;2018;5;16;3;3;5;2;0;0;1;0;0;0;0;0;791387,5746;5828587,206;13,29639301;52,52928364
200830;11;4;4020313;K�nigin-Elisabeth-Stra�e;4200311;2018;5;16;3;3;5;2;0;1;1;0;0;0;0;0;790472,1152;5826692,076;13,28128093;52,51278231
200831;11;6;6030607;Goerzwerke;6300631;2018;5;12;5;2;6;2;0;0;1;1;0;0;0;0;791478,9296;5816159,023;13,2868751;52,41781621
200832;11;4;4041343;Binger Stra�e;4400834;2018;5;15;3;3;5;3;0;0;1;0;0;0;0;0;792644,6047;5822752,859;13,30974281;52,47630701
200833;11;5;5030832;Rohrdamm;5300839;2018;5;15;3;2;5;2;0;1;1;0;0;0;0;0;788720,2386;5830531,915;13,25887265;52,54813784
200834;11;7;7050506;Birnhornweg;7501135;2018;5;15;3;2;5;2;0;0;1;0;0;0;0;0;799046,3064;5816806,939;13,39839851;52,41954192
200835;11;1;1033203;Humboldthain Nordwest                                                                               ;1300836;2018;5;20;6;2;0;2;0;0;1;0;1;0;0;0;796786,796;5830376,189;13,37734983;52,54240726
200836;11;8;8030829;Gropiusstadt Nord;8300934;2018;5;14;3;3;3;6;0;0;1;0;1;0;0;0;803653,806;5818070,901;13,46709141;52,42833394
200837;11;10;10020413;Gut Hellersdorf;10200418;2018;5;19;5;3;6;4;0;0;1;1;0;0;0;0;811100,314;5830920,065;13,58825234;52,53929815
200838;11;7;7040403;Manteuffelstra�e                                                                                    ;7400823;2018;5;14;3;3;5;3;0;1;1;0;0;0;0;0;797259,4869;5820691,019;13,37565534;52,45533256
200839;11;6;6030504;Teltower Damm;6300528;2018;5;14;3;3;6;7;0;1;0;1;0;0;0;0;789579,2045;5817242,108;13,25995688;52,42853503
200840;11;12;12103219;Sch�fersee;12100204;2018;5;12;5;3;2;6;0;0;1;0;0;0;1;0;795673,5381;5832528,061;13,36289843;52,562302
200841;11;9;9020502;Obersch�neweide Ost;9200512;2018;5;14;3;3;5;2;0;1;1;0;0;0;0;0;808122,7326;5821894,798;13,53613849;52,46010582
200842;11;4;4051447;Ludwigkirchplatz;4501044;2018;5;14;3;3;2;7;0;1;0;0;0;0;1;0;793357,8029;5824837,176;13,32204804;52,49460955
200843;11;5;5040936;J�gerallee;5400943;2018;5;13;7;3;8;7;0;0;1;0;0;0;0;0;781367,664;5819766,283;13,14163113;52,45545399
200844;11;11;11030617;Hohensch�nhausener Stra�e;11300616;2018;5;13;3;3;1;7;0;0;1;0;0;0;0;0;802889,79;5829618,4;13,46637875;52,53225721
200845;11;1;1011302;Oranienburger Stra�e                                                                                ;1100309;2018;5;11;5;2;1;5;0;1;1;0;0;0;0;0;798650,9433;5828989,15;13,40350997;52,5289559
200846;11;1;1011101;St�lerstra�e                                                                                        ;1100101;2018;5;13;3;3;1;5;0;1;1;0;0;0;0;0;794916,4565;5826633,167;13,34653079;52,50986944
200847;11;2;2010101;Askanischer Platz;2100101;2018;5;0;1;3;1;5;2;1;1;0;0;0;0;0;797793,3461;5825965,119;13,38819885;52,50231833
200848;11;2;2020206;Graefekiez;2200212;2018;5;13;3;3;3;6;0;1;0;0;0;1;0;0;799725,9721;5824483,531;13,41525289;52,48798002
200849;11;9;9020501;Obersch�neweide West;9200510;2018;5;16;6;3;6;4;0;1;0;1;0;0;0;0;806606,4611;5822045,053;13,51402959;52,46230523
200850;11;4;4020204;Olympiagel�nde;4200203;2018;5;13;3;2;5;2;0;0;1;0;1;0;0;0;787702,4941;5826432,996;13,24035745;52,51192748
200851;11;6;6030502;Zehlendorf S�d                                                                                      ;6300525;2018;5;11;5;3;5;3;0;1;1;0;0;0;0;0;790221,7818;5815034,086;13,26746626;52,40839882
200852;11;8;8010303;Donaustra�e;8100314;2018;5;19;5;3;0;1;0;1;0;0;0;0;0;0;800997,852;5823906,781;13,43340731;52,48211071
200853;11;7;7040405;Rathaus Tempelhof;7400927;2018;5;12;3;2;3;6;0;0;1;0;1;0;0;0;799223,936;5821739,433;13,40541922;52,46365833
200854;11;6;6040807;Zehlendorf Eiche                                                                                    ;6400841;2018;5;12;3;3;6;7;0;0;1;1;0;0;0;0;789621,658;5818168,187;13,26138174;52,43681524
200855;11;3;3040512;Wilhelmsruh;3400619;2018;5;10;5;3;2;6;0;0;1;0;1;0;0;0;796948,0731;5835828,618;13,38460171;52,5911938
200856;11;8;8041037;Alt-Rudow;8401243;2018;5;8;5;3;5;3;0;0;1;0;0;0;0;0;805242,756;5818116,118;13,4904302;52,42785506
200857;11;11;11030721;R�digerstra�e;11300725;2018;5;10;3;3;4;2;0;0;1;0;0;1;0;0;805183,5029;5827914,415;13,49852508;52,51570604
200858;11;4;4030417;Schlo�stra�e;4300414;2018;5;10;3;3;5;2;0;0;1;0;0;0;0;0;791751,7368;5827251,543;13,30057428;52,51711489
200859;11;6;6010102;Schlo�stra�e                                                                                        ;6100102;2018;5;16;6;3;2;6;0;0;1;0;1;0;0;0;793430,9074;5820309,84;13,31913878;52,45398426
200860;11;6;6010103;Markelstra�e                                                                                        ;6100103;2018;5;9;6;3;5;3;0;1;1;0;0;0;0;0;793635,6089;5821496,856;13,32318666;52,46451552
200861;11;4;4051448;Schaperstra�e;4501045;2018;5;10;3;3;3;6;0;0;1;0;1;0;0;0;793865,3115;5824945,565;13,32959762;52,4953082
200862;11;6;6020410;Oberhofer Platz;6200422;2018;5;10;5;3;5;2;0;1;1;0;0;0;0;0;794479,3346;5816580,099;13,33123742;52,4199849
200863;11;3;3020210;Herthaplatz;3200207;2018;5;12;6;3;2;2;0;0;0;0;1;0;1;0;798603,534;5835163,01;13,40836716;52,58432139
200864;11;2;2040502;Friedenstra�e;2400521;2018;5;10;3;3;5;3;0;0;1;0;0;0;0;0;800416,3884;5828046,017;13,42860465;52,51953233
200865;11;1;1044101;Rehberge;1400938;2018;5;10;5;2;5;7;0;0;1;0;0;0;0;0;794398,7387;5830773,215;13,34259034;52,54726187
200866;11;12;12224230;Heiligensee;12400618;2018;5;16;5;3;6;7;0;1;0;1;0;0;0;0;786218,3113;5838995,241;13,2293879;52,62533696
200867;11;9;9010202;K�penicker Landstra�e;9100203;2018;5;9;3;3;2;7;0;0;1;0;0;0;0;0;804420,241;5823872,602;13,48361787;52,47990728
200868;11;1;1011204;Leipziger Stra�e                                                                                    ;1100207;2018;5;9;3;3;6;4;0;0;1;1;0;0;0;0;797860,6562;5826826,415;13,38995816;52,51000207
200869;11;6;6030607;Goerzwerke;6300631;2018;5;10;5;3;5;2;0;0;1;0;1;0;0;0;791487,4915;5816163,356;13,28700442;52,4178505
200870;11;1;1022206;L�neburger Stra�e                                                                                   ;1200628;2018;5;14;7;3;5;2;0;0;1;0;1;0;0;0;796238,4134;5828119,968;13,36727646;52,52248092
200871;11;8;8020620;Tempelhofer Weg;8200624;2018;5;9;3;3;3;6;0;0;1;0;1;0;0;0;801033,6809;5820601,677;13,4309516;52,45246623
200872;11;11;11051331;Karlshorst Nord;11501340;2018;5;15;6;3;5;3;0;1;1;0;0;0;0;0;807679,4375;5824545,373;13,53207918;52,48411032
200873;11;8;8010404;Rixdorf;8100415;2018;5;15;5;3;5;2;0;1;1;0;0;0;0;0;802165,0132;5823364,904;13,45005121;52,47660923
200874;11;4;4020313;K�nigin-Elisabeth-Stra�e;4200311;2018;5;8;6;2;6;4;0;0;0;1;0;1;0;0;790472,3978;5826690,187;13,28128343;52,51276523
200875;11;4;4030930;George-Grosz-Platz;4501041;2018;5;9;3;3;5;2;0;1;1;0;0;0;0;0;792848,7604;5825759,518;13,31538244;52,50315143
200876;11;1;1022204;Thomasiusstra�e                                                                                     ;1200626;2018;5;10;5;3;5;2;0;1;1;0;0;0;0;0;794787,3176;5828310,866;13,34612003;52,52497863
200877;11;10;10010102;Havemannstra�e                                                                                      ;10100102;2018;5;7;3;3;5;3;0;0;1;0;0;0;0;0;809450,5407;5834611,97;13,56744655;52,57332265
200878;11;1;1011101;St�lerstra�e                                                                                        ;1100101;2018;5;9;3;3;5;2;0;1;1;0;0;0;0;0;794923,5947;5825985,545;13,34606192;52,50406009
200879;11;9;9031101;Gr�nau;9301126;2018;5;9;5;2;9;7;0;0;1;0;0;1;0;0;811373,9388;5817445,23;13,57969199;52,41838829
200880;11;12;12304314;Ziekowstra�e/Freie Scholle;12500824;2018;5;17;5;3;5;2;0;0;1;0;0;0;0;0;790621,7515;5835977,49;13,29160878;52,59594566
200881;11;1;1022204;Thomasiusstra�e                                                                                     ;1200626;2018;5;9;3;3;2;6;0;0;1;0;0;1;0;0;794598,0744;5828337,386;13,34336218;52,52531865
200882;11;7;7040403;Manteuffelstra�e                                                                                    ;7400823;2018;5;8;3;3;2;2;0;1;1;0;0;0;0;0;797220,1545;5820698,018;13,37508443;52,45541669
200883;11;1;1011303;Alexanderplatzviertel;1100310;2018;5;9;5;3;2;6;0;1;1;0;0;0;0;0;799033,0485;5827761,859;13,40802238;52,51774558