OBJECTID;LAND;BEZ;LOR;STRASSE;LOR_ab_2021;UJAHR;UMONAT;USTUNDE;UWOCHENTAG;UKATEGORIE;UART;UTYP1;ULICHTVERH;IstRad;IstPKW;IstFuss;IstKrad;IstGkfz;IstSonstig;USTRZUSTAND;LINREFX;LINREFY;XGCSWGS84;YGCSWGS84
201059;11;7;7030301;Friedenau;7300517;2018;5;14;5;2;5;3;0;0;1;0;1;0;0;0;794766,4361;5822876,27;13,34100279;52,47627231
201060;11;9;9020701;Adlershof West;9200715;2018;5;14;2;3;5;3;0;1;1;0;0;0;0;0;808809,4645;5819002,117;13,54354021;52,43379407
201061;11;3;3040818;Pankow S�d                                                                                          ;3400826;2018;5;12;5;3;5;2;0;1;0;0;0;0;1;0;799043,3442;5832789,043;13,41269839;52,56280102
201062;11;6;6020408;Lichterfelde S�d                                                                                    ;6200420;2018;5;18;3;2;3;6;0;0;1;0;1;0;0;0;792695,2857;5816248,323;13,30478786;52,41796765
201063;11;6;6040810;Dahlem;6400844;2018;5;15;5;2;1;5;0;1;1;0;0;0;0;0;791206,3117;5820497,859;13,28665785;52,4568596
201064;11;1;1011203;Unter den Linden S�d;1100206;2018;5;12;5;3;2;6;0;0;1;0;0;0;0;0;797768,3912;5827400,75;13,38911656;52,51520066
201065;11;3;3061429;Greifswalder Stra�e;3601449;2018;5;13;3;3;5;2;0;1;1;0;0;0;0;0;801909,0214;5830330,674;13,45261103;52,53918541
201066;11;12;12231101;Hermsdorf;12400722;2018;5;8;5;3;0;5;0;0;1;0;0;1;0;0;791359,4413;5837348,341;13,30367541;52,60784016
201067;11;1;1011402;Arkonaplatz;1100416;2018;5;8;2;3;0;1;0;1;0;0;0;0;0;0;798545,5023;5829189,753;13,4021404;52,53081178
201068;11;1;1011204;Leipziger Stra�e                                                                                    ;1100207;2018;5;12;5;3;3;2;0;1;0;0;0;0;0;0;798570,4764;5826873,895;13,4004288;52,51003963
201069;11;6;6030610;Lichterfelde West                                                                                   ;6300634;2018;5;18;3;3;0;3;0;0;1;0;1;0;0;0;792229,3162;5818667,774;13,30006982;52,43990698
201070;11;3;3030406;Alt-Karow;3300413;2018;5;6;2;3;5;3;0;1;1;0;0;0;0;0;803542,1056;5838761,993;13,48433524;52,61384459
201071;11;8;8020619;Buschkrugallee Nord;8200623;2018;5;13;5;2;2;6;0;1;1;0;0;0;0;0;802235,0245;5821225,182;13,44914088;52,45739192
201072;11;5;5030832;Rohrdamm;5300841;2018;5;13;5;3;5;3;0;1;1;0;0;0;0;0;789316,8149;5829266,664;13,26654423;52,53647812
201073;11;1;1044201;Reinickendorfer Stra�e                                                                              ;1401045;2018;5;7;2;3;5;2;0;1;1;0;0;0;0;0;796674,6375;5831952,576;13,37710921;52,55659889
201074;11;4;4020311;Reichsstra�e;4200309;2018;5;14;5;3;3;6;0;0;1;0;1;0;0;0;788237,8641;5827765,147;13,24937875;52,52358815
201075;11;5;5010206;G�tersloher Weg;5100208;2018;5;7;2;2;5;2;0;1;1;0;0;0;0;0;781552,6001;5830707,989;13,15359894;52,5534687
201076;11;5;5030832;Rohrdamm;5300838;2018;5;14;5;3;5;3;0;0;1;0;0;0;0;0;787971,7217;5830554,181;13,24788372;52,54873368
201077;11;4;4051655;Babelsberger Stra�e;4501153;2018;5;8;3;3;5;3;0;1;1;0;0;0;0;0;794155,0099;5824121,794;13,33312533;52,48776747
201078;11;5;5020626;Adamstra�e                                                                                          ;5200630;2018;5;8;5;3;2;2;0;0;1;0;0;0;0;0;784491,9709;5827257,822;13,19388237;52,52100697
201079;11;9;9051801;Rahnsdorf/Hessenwinkel;9501838;2018;5;14;5;3;5;3;0;0;1;0;1;0;0;0;818924,9251;5820247,209;13,69302425;52,4391472
201080;11;4;4051652;Nikolsburger Platz;4501149;2018;5;15;2;3;1;5;0;1;1;0;0;0;0;0;793572,4986;5824097,908;13,32455003;52,48786689
201081;11;9;9020502;Obersch�neweide Ost;9200511;2018;5;8;5;3;0;2;0;1;1;0;0;0;0;0;806816,731;5821997,201;13,51707087;52,46175835
201082;11;7;7030301;Friedenau;7300517;2018;5;8;2;3;5;2;0;1;1;0;0;0;0;0;794256,6898;5822036,477;13,33277831;52,46901885
201083;11;6;6010206;Stadtpark;6100206;2018;5;8;2;3;2;6;0;0;1;0;1;0;0;0;794212,4713;5819418,397;13,32982212;52,44557272
201084;11;9;9020802;K�llnische Vorstadt                                                                                 ;9200819;2018;5;7;5;3;0;2;0;1;1;0;0;0;0;0;810697,0219;5819284,936;13,57147915;52,43525982
201085;11;10;10020621;Gelbes Viertel;10200628;2018;5;20;3;2;5;3;0;1;1;0;0;0;0;0;811540,4135;5829594,172;13,59347782;52,52716511
201086;11;6;6010102;Schlo�stra�e                                                                                        ;6100102;2018;5;7;2;3;0;1;0;0;0;0;1;0;0;1;793338,7781;5821082,026;13,31846533;52,46095613
201087;11;3;3061227;Humannplatz;3601243;2018;5;7;5;3;2;3;0;1;1;0;0;0;0;0;799495,3398;5831781,716;13,41843754;52,55352355
201088;11;11;11030618;Fennpfuhl West;11300617;2018;5;14;3;3;5;3;0;1;1;0;0;0;0;0;803688,1601;5829049,283;13,47759256;52,52671219
201089;11;9;9020602;Oberspree;9200614;2018;5;7;5;3;5;3;0;0;1;0;1;0;0;0;808109,2811;5820953,433;13,53507253;52,45167681
201090;11;1;1044202;Sparrplatz;1401046;2018;5;7;5;3;6;4;0;0;1;1;0;0;0;0;794610,3416;5829870,036;13,34490087;52,53905114
201091;11;4;4030417;Schlo�stra�e;4300414;2018;5;8;2;3;5;2;0;1;1;0;0;0;0;0;791572,044;5826536,149;13,29730676;52,51079758
201092;11;5;5030832;Rohrdamm;5300838;2018;5;15;3;3;0;7;0;1;0;0;0;0;0;0;787989,9453;5830642,249;13,24822811;52,54951361
201093;11;7;7040405;Rathaus Tempelhof;7400927;2018;5;7;5;3;5;3;0;1;0;0;0;0;1;0;799653,82;5820997,439;13,41106191;52,45677183
201094;11;2;2040703;Wriezener Bahnhof/Entwicklungsgebiet;2400625;2018;5;6;2;2;5;3;0;1;1;0;0;0;0;0;801755,2141;5826262,49;13,44665954;52,50280726
201095;11;12;12214527;Alt-Tegel;12200515;2018;5;14;5;3;5;3;0;0;1;0;0;0;0;0;789907,6162;5835699,704;13,28085203;52,5938365
201096;11;4;4041343;Binger Stra�e;4400834;2018;5;5;2;3;5;2;0;1;1;0;0;0;0;0;792602,3819;5822988,831;13,30932997;52,47844507
201097;11;1;1011105;N�rdlicher Landwehrkanal                                                                            ;1100102;2018;5;8;2;3;3;6;0;1;1;0;0;0;0;0;795470,2188;5826645,213;13,35467734;52,50967776
201098;11;8;8010301;Reuterkiez;8100312;2018;5;2;5;3;5;2;2;1;1;0;0;0;0;0;801459,4402;5823891,011;13,44016964;52,48171474
201099;11;8;8010510;Gewerbegebiet K�llnische Heide;8100521;2018;5;16;3;3;0;1;0;0;1;0;0;0;0;0;802189,318;5822466,812;13,4495944;52,46854609
201100;11;1;1033101;Soldiner Stra�e                                                                                     ;1300730;2018;5;12;2;1;5;3;0;0;1;0;1;0;0;0;796407,5446;5832012,073;13,37323416;52,55727766
201101;11;8;8010301;Reuterkiez;8100311;2018;5;1;5;3;5;3;2;1;1;0;0;0;0;0;800508,4421;5824579,956;13,42682905;52,48841418
201102;11;3;3030711;Blankenburg;3300514;2018;5;13;3;3;5;2;0;0;1;0;1;0;0;0;801040,6323;5836014,196;13,44500284;52,59060756
201103;11;10;10040931;Mahlsdorf Nord                                                                                      ;10400938;2018;5;14;5;2;5;3;0;0;1;0;1;0;0;0;814741,4342;5829903,997;13,64080084;52,52810294
201104;11;11;11030720;Herzbergstra�e;11300721;2018;5;15;5;3;2;6;0;0;1;0;0;0;1;0;805106,3623;5829971,774;13,49927932;52,53418814
201105;11;9;9030901;Dorf Altglienicke;9300920;2018;5;7;1;3;1;5;0;1;0;0;0;1;0;0;807534,7479;5815317,721;13,52146307;52,40149156
201106;11;5;5010314;Carl-Schurz-Stra�e                                                                                  ;5100316;2018;5;11;5;3;5;2;0;0;1;0;1;0;0;0;785063,1036;5829466,209;13,20417102;52,54050895
201107;11;4;4031032;Halensee;4500937;2018;5;9;1;3;1;5;0;1;1;0;0;0;0;0;791268,5423;5824982,173;13,29148784;52,49702841
201108;11;1;1011302;Oranienburger Stra�e                                                                                ;1100309;2018;5;11;5;3;5;2;0;1;1;0;0;0;0;0;798550,3139;5828984,495;13,4020268;52,5289693
201109;11;1;1044201;Reinickendorfer Stra�e                                                                              ;1401044;2018;5;17;3;3;2;7;0;0;1;0;1;0;0;0;796476,0309;5830974,991;13,37331532;52,54794407
201110;11;1;1022207;Hansaviertel;1200629;2018;5;13;1;3;5;2;0;1;1;0;0;0;0;0;794309,6132;5827170,686;13,33809028;52,51501571
201111;11;3;3030716;M�rchenland;3300517;2018;5;10;5;3;5;2;0;1;1;0;0;0;0;0;802503,9519;5833435,128;13,46418483;52,56668019
201112;11;4;4041238;Kissinger Stra�e;4400830;2018;5;18;3;3;5;2;0;1;1;0;0;0;0;0;791671,5159;5823238,651;13,29588101;52,48118266
201113;11;2;2020203;Viktoriapark;2200208;2018;5;10;5;3;0;2;0;1;0;0;0;1;0;0;797814,7878;5824933,508;13,38759142;52,49305946
201114;11;8;8010301;Reuterkiez;8100311;2018;5;9;5;3;5;2;0;1;1;0;0;0;0;0;800754,595;5824346,934;13,43023312;52,48618998
201115;11;7;7060604;Marienfelde S�d;7601340;2018;5;12;3;2;5;7;0;0;1;0;1;0;0;0;795840,1127;5816025,378;13,35069904;52,41427827
201116;11;5;5010209;An der Kappe;5100211;2018;5;8;5;3;5;2;0;0;1;0;0;0;0;0;783240,9678;5830279,12;13,17806891;52,54874794
201117;11;7;7010102;Nollendorfplatz;7100103;2018;5;8;5;3;5;2;0;1;1;0;0;0;0;0;795703,9124;5825457,065;13,3570555;52,49890037
201118;11;3;3020307;Buchholz;3200308;2018;5;15;1;3;1;1;0;0;1;0;1;0;0;1;799730,2153;5836493,633;13,4261507;52,59562853
201119;11;2;2030302;Lausitzer Platz;2300315;2018;5;8;5;3;5;2;0;1;1;0;0;0;0;0;800784,541;5825814,228;13,43199741;52,49932528
201120;11;7;7010102;Nollendorfplatz;7100102;2018;5;15;1;3;5;3;0;0;1;0;0;0;0;0;794959,6174;5825657,23;13,34630027;52,50109751
201121;11;9;9041301;Kietzer Feld/Nachtheide                                                                             ;9401329;2018;5;8;5;2;5;3;0;1;1;0;0;0;0;0;811777,5432;5818547,605;13,58663487;52,42803747
201122;11;3;3050925;Komponistenviertel Wei�ensee;3500936;2018;5;17;3;3;0;7;0;1;0;0;0;0;0;0;802060,4861;5831124,666;13,45555946;52,54621798
201123;11;2;2020204;Urbanstra�e;2200210;2018;5;11;5;3;0;1;0;1;0;0;0;0;0;0;798080,0108;5825467,432;13,39196414;52,49770066
201124;11;2;2010103;Moritzplatz;2100104;2018;5;15;4;3;5;3;0;1;1;0;0;0;0;0;799341,8357;5826192,91;13,41114846;52,50351288
201125;11;9;9051901;Dammvorstadt;9501940;2018;5;2;3;3;0;7;2;0;1;0;0;0;1;0;811169,268;5821804,97;13,58075052;52,45757479
201126;11;4;4030623;Ernst-Reuter-Platz;4300622;2018;5;11;4;3;5;2;0;1;1;0;0;0;0;0;793058,1895;5826951,312;13,31950831;52,51372297
201127;11;12;12214527;Alt-Tegel;12200515;2018;5;16;1;3;5;7;0;0;1;0;0;0;0;1;790262,5989;5835045,096;13,28550425;52,58777867
201128;11;1;1011303;Alexanderplatzviertel;1100310;2018;5;10;4;3;2;7;0;1;1;0;0;0;0;0;798979,8772;5828516,852;13,40791973;52,52454215
201129;11;8;8010404;Rixdorf;8100417;2018;5;18;4;3;6;2;0;0;1;1;0;0;0;0;802573,1997;5823087,619;13,45579138;52,47389795
201130;11;9;9020501;Obersch�neweide West;9200510;2018;5;7;3;3;2;6;0;0;1;0;0;0;1;0;805618,7964;5822709,299;13,50014574;52,46881179
201131;11;10;10010309;Springpfuhl;10100312;2018;5;8;4;3;5;2;0;0;0;0;0;0;1;0;807943,8945;5829221,637;13,5402863;52,5258698
201132;11;2;2040701;Andreasviertel;2400623;2018;5;19;4;3;5;2;0;1;0;0;1;0;0;0;800595,1895;5827043,481;13,43032624;52,51044779
201133;11;2;2010102;Mehringplatz;2100102;2018;5;16;1;3;6;4;0;1;0;1;0;0;0;0;798218,4023;5826271,966;13,39471718;52,50483669
201134;11;1;1011202;Unter den Linden Nord;1100206;2018;5;19;4;3;5;2;0;1;1;0;0;0;0;0;797145,3023;5827774,276;13,380295;52,51888872
201135;11;7;7040401;Neu-Tempelhof;7400720;2018;5;14;4;3;2;6;0;0;0;0;1;0;1;1;797177,5494;5823766,02;13,37719198;52,48294145
201136;11;7;7050502;Fritz-Werner-Stra�e                                                                                 ;7501133;2018;5;0;1;3;5;3;2;0;1;0;0;0;0;0;798380,5413;5818419,241;13,39007594;52,43435782
201137;11;4;4030620;Alt-Lietzow;4300619;2018;5;17;4;2;5;2;0;1;1;0;0;0;0;0;792434,224;5827195,653;13,31055448;52,51624832
201138;11;6;6030503;Zehlendorf Mitte                                                                                    ;6300526;2018;5;9;3;2;6;2;0;0;1;1;0;0;0;0;789575,5996;5817323,457;13,25997445;52,42926626
201139;11;7;7030301;Friedenau;7300516;2018;5;17;4;3;0;4;0;1;0;1;0;0;0;0;794000,7699;5821570,252;13,32861092;52,46497713
201140;11;1;1022206;L�neburger Stra�e                                                                                   ;1200628;2018;5;17;4;3;5;2;0;1;1;0;0;0;0;0;795702,6487;5828178,244;13,35945466;52,52329413
201141;11;5;5010204;Griesingerstra�e                                                                                    ;5100206;2018;5;7;2;2;3;6;0;0;1;0;1;0;0;0;781556,7114;5830741,854;13,15368814;52,55377022
201142;11;8;8020727;Buckow Mitte;8200832;2018;5;17;4;2;6;4;0;0;1;1;0;0;0;0;801293,9684;5817203,719;13,43170765;52,42186569
201143;11;1;1011302;Oranienburger Stra�e                                                                                ;1100309;2018;5;18;1;3;1;1;0;1;1;0;0;0;0;0;798267,4515;5828394,875;13,39734056;52,52383899
201144;11;7;7030303;Grazer Platz;7300619;2018;5;19;1;3;5;3;0;0;1;0;1;0;0;0;795338,0391;5820995,528;13,34772974;52,45910391
201145;11;11;11030618;Fennpfuhl West;11300618;2018;5;17;4;2;5;2;0;1;1;0;0;0;0;0;802416,215;5828960,187;13,45881976;52,52662065
201146;11;4;4051448;Schaperstra�e;4501045;2018;5;20;3;3;5;3;0;1;1;0;0;0;0;0;794244,922;5825406,431;13,33558027;52,49923509
201147;11;8;8010211;Flughafenstra�e;8100206;2018;5;19;1;3;6;4;0;0;1;1;0;0;0;0;800447,18;5823699,313;13,42513579;52,48055436
201148;11;4;4020312;Branitzer Platz;4200308;2018;5;16;4;3;5;3;0;0;1;0;0;0;0;0;789971,5582;5826965,578;13,27416387;52,51550064
201149;11;8;8010303;Donaustra�e;8100314;2018;5;18;3;3;6;7;0;1;0;1;0;0;0;0;801022,7544;5823918,369;13,43378337;52,48220085
201150;11;8;8010404;Rixdorf;8100415;2018;5;20;1;3;5;3;0;1;1;0;0;0;0;0;802176,7537;5823389,145;13,45024551;52,47682001
201151;11;11;11030721;R�digerstra�e;11300724;2018;5;16;4;3;5;2;0;1;0;0;0;0;1;0;804807,0974;5827480,172;13,49259751;52,5120246
201152;11;1;1033201;Brunnenstra�e                                                                                       ;1300834;2018;5;10;3;2;5;3;0;1;0;0;0;0;1;0;797513,712;5831012,543;13,38860706;52,54771495
201153;11;1;1011104;K�rnerstra�e                                                                                        ;1100104;2018;5;16;4;3;5;2;0;0;1;0;0;0;0;0;796357,508;5826130,907;13,36725525;52,50458619
201154;11;1;1044101;Rehberge;1400938;2018;5;14;1;3;1;5;0;1;1;0;0;0;1;0;793785,4084;5830463,984;13,33329791;52,5448209
201155;11;8;8010214;Glasower Stra�e;8100209;2018;5;16;4;3;5;3;0;0;1;0;0;0;1;0;801811,0585;5821966,425;13,44359035;52,46427012
201156;11;1;1044203;Leopoldplatz;1401048;2018;5;18;1;2;5;3;0;1;1;0;0;0;0;0;795606,4637;5831713,098;13,36118593;52,55503306
201157;11;3;3030406;Alt-Karow;3300413;2018;5;10;1;3;8;1;0;0;1;0;0;0;0;0;803579,3062;5838875,137;13,48498681;52,61483786
201158;11;2;2020202;Rathaus Yorckstra�e;2200208;2018;5;16;4;3;3;6;0;1;1;0;0;0;0;0;797614,4815;5825522,632;13,38517611;52,49844953
201159;11;2;2020203;Viktoriapark;2200209;2018;5;18;3;3;5;5;0;1;1;0;0;0;0;0;797471,968;5824553,361;13,38221747;52,48983879
201160;11;4;4030931;Breitscheidplatz;4501042;2018;5;15;4;3;6;4;0;0;0;1;0;0;1;0;793926,4897;5825872,171;13,33131396;52,50358181
201161;11;5;5020523;Maulbeerallee;5200528;2018;5;6;3;3;3;6;0;0;1;0;1;0;0;0;782783,1937;5826920,019;13,16847765;52,518867
201162;11;9;9020501;Obersch�neweide West;9200510;2018;5;15;4;3;5;2;0;0;1;0;0;1;0;0;806427,254;5822975,836;13,51225479;52,47074775
201163;11;3;3061228;Erich-Weinert-Stra�e;3601245;2018;5;11;1;3;0;1;0;1;0;0;0;0;0;0;800875,2569;5830559,17;13,43762158;52,5418052
201164;11;1;1022204;Thomasiusstra�e                                                                                     ;1200626;2018;5;8;4;3;5;3;0;1;1;0;0;0;0;0;795260,6887;5827927,45;13,35273679;52,52128547
201165;11;6;6030610;Lichterfelde West                                                                                   ;6300634;2018;5;12;3;2;5;2;0;1;1;0;0;0;0;0;792932,6138;5817762,727;13,30959382;52,43141712
201166;11;10;10010308;Marzahner Chaussee;10100311;2018;5;8;4;3;2;2;0;1;1;0;0;0;0;0;806552,7977;5829123,25;13,51975496;52,52577196
201167;11;11;11020515;Landsberger Allee;11200514;2018;5;8;4;3;1;5;0;1;1;0;0;0;0;0;804103,9806;5830186,673;13,48474353;52,53667437
201168;11;1;1011103;L�tzowstra�e                                                                                        ;1100103;2018;5;15;1;3;2;6;0;0;1;0;0;0;0;0;795283,9123;5826114,967;13,35146979;52,50502539
201169;11;10;10010308;Marzahner Chaussee;10100311;2018;5;15;1;3;5;3;0;0;1;0;0;0;0;1;806339,1777;5830180,056;13,51758982;52,53536333
201170;11;9;9020701;Adlershof West;9200715;2018;5;8;4;3;5;2;0;0;1;0;0;0;0;0;807407,7295;5818312,534;13,52235236;52,42840335
201171;11;1;1033102;Gesundbrunnen;1300733;2018;5;15;3;3;2;6;0;0;1;0;0;0;0;0;797618,167;5831886,931;13,39092673;52,55549566
201172;11;11;11041128;Sewanstra�e;11401137;2018;5;8;4;3;5;2;0;1;1;0;0;0;0;0;807102,9902;5825760,2;13,52473647;52,49532231
201173;11;3;3071536;Teutoburger Platz;3701554;2018;5;8;4;3;5;3;0;1;1;0;0;0;0;0;799133,7563;5829208,045;13,41080293;52,53065325
201174;11;4;4030417;Schlo�stra�e;4300414;2018;5;9;3;3;0;1;0;1;0;0;0;0;0;0;791496,1174;5827211,381;13,29678265;52,51689153
201175;11;11;11051330;Karlshorst West;11501339;2018;5;7;4;3;6;4;0;0;1;1;0;0;0;0;806781,5881;5824866,05;13,51919386;52,48748948
201176;11;4;4020313;K�nigin-Elisabeth-Stra�e;4200311;2018;5;6;4;3;2;6;0;0;1;0;0;0;0;0;790323,065;5826027,911;13,27851139;52,50690736
201177;11;12;12214528;Tegeler Forst;12400619;2018;5;16;1;2;9;1;0;1;0;0;0;0;0;0;789902,1969;5836426,12;13,28140822;52,60035166
201178;11;1;1033202;Humboldthain S�d;1300835;2018;5;6;4;3;5;2;0;1;1;0;0;0;0;0;797574,4694;5829457,728;13,38810785;52,53374481
201179;11;1;1011204;Leipziger Stra�e                                                                                    ;1100207;2018;5;19;4;2;5;3;0;1;0;0;0;0;0;0;798546,5084;5826810,482;13,40001981;52,50948434
201180;11;11;11010308;Zingster Stra�e Ost;11100307;2018;5;13;7;2;2;6;0;1;0;0;0;0;1;0;805178,6666;5833960,293;13,50400793;52,56989415
201181;11;2;2040701;Andreasviertel;2400623;2018;5;5;4;3;5;3;0;0;1;0;0;0;1;0;800599,753;5827041,01;13,43039104;52,51042312
201182;11;12;12103219;Sch�fersee;12100204;2018;5;0;7;3;1;5;2;0;1;0;0;0;0;0;795499,1219;5832474,755;13,36028541;52,56191885
201183;11;3;3030716;M�rchenland;3300517;2018;5;4;4;3;7;7;1;0;0;0;1;0;0;0;802965,5525;5833915,743;13,47141332;52,57073111
201184;11;3;3061228;Erich-Weinert-Stra�e;3601245;2018;5;18;3;2;3;6;0;1;0;0;0;1;0;0;800214,9868;5831194,742;13,42848932;52,54786618
201185;11;2;2040703;Wriezener Bahnhof/Entwicklungsgebiet;2400625;2018;5;0;4;2;0;1;1;1;0;0;0;0;0;0;801744,6724;5826254,435;13,4464974;52,50274089
201186;11;1;1011201;Wilhelmstra�e                                                                                       ;1100205;2018;5;19;4;3;5;2;0;1;0;0;0;0;1;0;796993,5637;5826618,81;13,37703403;52,50861387
201187;11;4;4010102;Pl�tzensee;4100101;2018;5;7;3;2;5;2;0;0;1;0;0;0;0;0;793352,6386;5829680,122;13,32624225;52,53802717
201188;11;1;1044203;Leopoldplatz;1401049;2018;5;23;4;3;2;6;2;0;1;0;0;0;0;0;795903,9164;5831965,826;13,36578581;52,55713697
201189;11;11;11040926;Weitlingstra�e;11400931;2018;5;22;4;3;5;3;2;1;0;0;1;0;0;0;806628,1293;5827288,162;13,51917064;52,50928322
201190;11;8;8010406;Treptower Stra�e Nord;8100419;2018;5;21;7;3;5;3;1;0;1;0;0;0;0;0;802024,1423;5824296,122;13,4488269;52,48503376
201191;11;8;8010214;Glasower Stra�e;8100209;2018;5;20;4;3;1;5;1;1;1;0;0;0;0;0;801881,5796;5822391,371;13,44500966;52,46804003
201192;11;8;8041037;Alt-Rudow;8401243;2018;5;19;3;3;5;7;0;0;0;0;1;0;1;0;805472;5817316,608;13,49306131;52,4205614
201193;11;8;8010404;Rixdorf;8100417;2018;5;20;7;3;2;6;0;0;1;0;0;0;0;0;802136,1014;5823097,637;13,4493847;52,47422968
201194;11;6;6040703;Nikolassee;6400737;2018;5;20;4;3;6;4;0;0;1;1;0;0;0;0;786760,3292;5817075,881;13,21846891;52,42852949
201195;11;1;1011302;Oranienburger Stra�e                                                                                ;1100309;2018;5;15;3;3;6;4;0;0;1;1;0;0;0;0;798630,47;5828437,218;13,40271338;52,52401983
201196;11;1;1022104;Emdener Stra�e                                                                                      ;1200519;2018;5;20;4;3;2;3;0;0;1;0;1;0;0;0;794076,6828;5828879,662;13,33617869;52,53046132
201197;11;2;2020203;Viktoriapark;2200208;2018;5;20;7;2;5;3;0;1;1;0;0;0;0;0;797527,9748;5824996,654;13,38343575;52,4937819
201198;11;1;1022201;Stephankiez;1200623;2018;5;0;4;3;0;6;2;1;1;0;0;0;0;0;795860,7007;5828940,141;13,36245535;52,5300381
201199;11;9;9051702;B�lschestra�e;9501737;2018;5;8;3;3;1;5;0;1;0;0;0;1;0;0;814206,1215;5821660,573;13,62516303;52,45454359
201200;11;9;9051801;Rahnsdorf/Hessenwinkel;9501838;2018;5;14;4;3;4;1;0;0;1;0;1;0;0;0;817819,3495;5820870,875;13,6774076;52,44537898
201201;11;1;1033203;Humboldthain Nordwest                                                                               ;1300836;2018;5;13;4;3;5;2;0;0;1;0;1;0;0;0;796796,4887;5830559,799;13,37765638;52,54404784
201202;11;5;5030832;Rohrdamm;5300841;2018;5;11;2;3;2;6;0;0;1;0;0;0;0;0;789222,5762;5829299,639;13,26518738;52,53682377
201203;11;4;4041137;Flinsberger Platz;4400727;2018;5;13;4;3;1;5;0;1;1;0;0;0;0;0;791488,8586;5824136,363;13,29398401;52,48932815
201204;11;7;7070703;John-Locke-Stra�e                                                                                   ;7601544;2018;5;19;7;2;1;5;0;1;1;0;0;0;0;0;799260,8233;5813379,055;13,39848063;52,38869773
201205;11;7;7030301;Friedenau;7300517;2018;5;19;7;3;5;3;0;1;1;0;0;0;0;0;794217,5873;5822748,162;13,33283205;52,47541983
201206;11;7;7030301;Friedenau;7300516;2018;5;12;4;3;0;3;0;1;0;0;0;0;1;0;793946,4427;5821802,779;13,32801836;52,46709086
201207;11;9;9020501;Obersch�neweide West;9200510;2018;5;21;3;3;6;7;1;0;1;1;0;0;0;0;806591,2697;5822128,397;13,51388324;52,46306071
201208;11;11;11040925;Victoriastadt;11400927;2018;5;18;7;3;3;6;0;1;1;0;0;0;0;0;803432,2189;5826595,947;13,47159418;52,50486601
201209;11;4;4020314;Messegel�nde;4200311;2018;5;11;4;3;5;7;0;0;0;0;0;1;1;0;790395,2788;5825651,66;13,2792442;52,5034958
201210;11;1;1011306;Heine-Viertel Ost;1100313;2018;5;14;3;3;5;2;0;0;1;0;0;0;0;0;800440,2206;5826710,843;13,4277494;52,50755162
201211;11;4;4051654;Wilhelmsaue;4501150;2018;5;11;4;3;5;2;0;1;1;0;0;0;0;0;793454,9152;5823931,302;13,3226766;52,48643655
201212;11;9;9041501;Altstadt Kietz;9401534;2018;5;6;4;3;0;2;0;1;1;0;0;0;0;0;810876,3869;5820655,026;13,57538357;52,44743614
201213;11;3;3020307;Buchholz;3200309;2018;5;10;7;3;5;3;0;0;1;0;1;0;0;0;800148,7687;5838320,595;13,43396802;52,61177296
201214;11;5;5010339;Freiheit;5100317;2018;5;17;7;2;1;5;0;0;1;0;1;0;0;0;786742,8593;5828404,284;13,22795505;52,53010675
201215;11;2;2020206;Graefekiez;2200212;2018;5;8;7;3;0;7;0;0;1;0;1;0;0;0;800010,9675;5824455,603;13,41941245;52,48757315
201216;11;8;8030830;Gropiusstadt S�d;8300935;2018;5;9;4;3;6;2;0;0;1;1;0;0;0;0;803048,8021;5817401,087;13,45761357;52,42266579
201217;11;5;5020417;Staakener Stra�e                                                                                    ;5200420;2018;5;12;7;3;2;6;0;0;1;0;0;0;0;0;783558,5284;5828659,871;13,18135753;52,53406425
201218;11;5;5030833;Motardstra�e                                                                                        ;5300840;2018;5;17;7;3;1;7;0;0;1;0;0;1;0;0;788486,1754;5829052,389;13,25414557;52,53499741
201219;11;2;2050802;Boxhagener Platz;2500833;2018;5;8;4;3;3;2;0;1;1;0;0;0;0;0;802069,3482;5827160,008;13,4520878;52,51067794
201220;11;7;7060604;Marienfelde S�d;7601339;2018;5;19;3;3;5;2;0;0;1;0;0;0;0;0;795809,584;5816028,171;13,35025395;52,41431981
201221;11;4;4030416;Klausenerplatz;4300413;2018;5;5;7;3;5;5;1;1;1;0;0;0;0;0;791109,2579;5826948,105;13,29086721;52,51473792
201222;11;7;7040401;Neu-Tempelhof;7400720;2018;5;14;4;3;1;1;0;1;1;0;0;0;0;1;797188,5877;5823732,918;13,37732455;52,48263872
201223;11;4;4030417;Schlo�stra�e;4300414;2018;5;12;3;3;2;6;0;0;1;0;1;0;0;0;791747,1693;5827313,398;13,30056141;52,51767185
201224;11;9;9020702;Adlershof Ost;9200716;2018;5;14;4;3;5;3;0;1;0;0;0;0;1;1;809455,2985;5819067,366;13,55307028;52,43401387
201225;11;11;11030721;R�digerstra�e;11300722;2018;5;11;4;2;5;3;0;1;0;0;0;0;1;0;803850,5379;5828656,729;13,47962005;52,52310338
201226;11;8;8010301;Reuterkiez;8100311;2018;5;0;7;3;3;6;2;0;1;0;0;0;1;0;800537,6832;5824437,948;13,42713035;52,48712522
201227;11;2;2050804;Stralauer Halbinsel;2500836;2018;5;2;7;2;1;1;2;1;1;0;0;0;0;0;803234,169;5825910,602;13,46806116;52,49883348
201228;11;9;9020502;Obersch�neweide Ost;9200511;2018;5;11;4;2;0;3;0;0;1;0;1;0;0;0;806815,2751;5821997,644;13,51704992;52,46176313
201229;11;6;6030605;Botanischer Garten;6300629;2018;5;19;3;3;5;2;0;0;1;0;1;0;0;0;791768,8459;5819272,675;13,29384299;52,4455758
201230;11;1;1033102;Gesundbrunnen;1300733;2018;5;9;4;2;2;6;0;0;1;0;1;0;0;0;797687,7291;5831846,696;13,39191366;52,55509699
201231;11;4;4020314;Messegel�nde;4200311;2018;5;14;4;2;3;6;0;0;1;0;0;1;0;0;790404,2137;5825754,57;13,27946522;52,50441364