OBJECTID;LAND;BEZ;LOR;STRASSE;LOR_ab_2021;UJAHR;UMONAT;USTUNDE;UWOCHENTAG;UKATEGORIE;UART;UTYP1;ULICHTVERH;IstRad;IstPKW;IstFuss;IstKrad;IstGkfz;IstSonstig;USTRZUSTAND;LINREFX;LINREFY;XGCSWGS84;YGCSWGS84
201401;11;4;4030726;Droysenstra�e;4500936;2018;6;16;4;3;2;6;0;0;1;0;0;0;0;0;792270,6796;5825491,242;13,30665462;52,50105635
201402;11;9;9020502;Obersch�neweide Ost;9200512;2018;6;15;4;3;5;2;2;0;1;0;1;0;0;0;809461,5681;5821475,315;13,55539233;52,45559004
201403;11;8;8010214;Glasower Stra�e;8100209;2018;6;13;1;3;5;3;0;0;1;0;0;0;0;0;801357,5439;5822030,046;13,43699242;52,46509067
201404;11;5;5020629;B�rnicker Stra�e                                                                                    ;5200634;2018;6;15;4;3;5;2;0;0;1;0;1;0;0;0;785568,2918;5826168,266;13,2087675;52,51067549
201405;11;1;1011301;Charit�viertel;1100308;2018;6;11;1;3;2;6;0;0;1;0;0;0;0;1;796829,4004;5828846,885;13,37661032;52,52867554
201406;11;1;1022102;Beusselkiez;1200518;2018;6;14;4;3;5;3;0;0;1;0;0;0;0;0;793433,0668;5828525,907;13,32640575;52,52763692
201407;11;6;6010102;Schlo�stra�e                                                                                        ;6100102;2018;6;9;1;3;1;1;0;1;1;0;0;0;0;0;793288,1763;5821292,513;13,31790763;52,46287025
201408;11;9;9020702;Adlershof Ost;9200716;2018;6;9;1;2;5;3;0;0;1;0;0;0;0;0;808905,9346;5819078,793;13,54502558;52,43442678
201409;11;9;9041301;Kietzer Feld/Nachtheide                                                                             ;9401329;2018;6;15;4;3;0;1;0;0;0;0;1;0;0;0;812388,1708;5819587,871;13,59655845;52,43701138
201410;11;7;7010104;Dennewitzplatz;7100206;2018;6;5;1;2;8;1;0;0;0;0;1;0;0;0;796933,3631;5824755,008;13,37448783;52,49193959
201411;11;1;1011301;Charit�viertel;1100308;2018;6;18;4;3;5;3;0;0;1;0;1;0;0;0;796931,2073;5828134,16;13,37747024;52,5222313
201412;11;2;2010103;Moritzplatz;2100105;2018;6;15;4;3;5;3;0;1;1;0;0;0;0;0;798946,7046;5825878,349;13,40506206;52,50090991
201413;11;3;3020307;Buchholz;3200309;2018;6;2;1;3;6;7;2;0;1;1;0;0;0;0;800087,3951;5837532,8;13,43234994;52,60474576
201414;11;8;8020727;Buckow Mitte;8200832;2018;6;15;4;3;6;4;0;0;1;1;0;0;0;0;801758,1269;5816873,218;13,43821464;52,41864756
201415;11;9;9020502;Obersch�neweide Ost;9200512;2018;6;15;4;3;0;7;0;0;0;0;1;0;0;0;807709,4154;5821511,611;13,5297212;52,45690451
201416;11;11;11030720;Herzbergstra�e;11300721;2018;6;17;1;2;5;3;0;0;1;0;0;0;0;0;805141,4855;5829994,547;13,49981643;52,53437258
201417;11;10;10010102;Havemannstra�e                                                                                      ;10100102;2018;6;15;4;3;2;6;0;0;1;0;0;0;0;0;809497,2412;5834652,693;13,56817147;52,57366104
201418;11;3;3061430;Volkspark Prenzlauer Berg;3601450;2018;6;18;1;2;6;4;0;0;1;1;0;0;0;0;802556,5091;5829371,666;13,46125587;52,53023085
201419;11;1;1044102;Schillerpark;1400939;2018;6;14;4;3;5;3;0;0;1;0;0;0;0;0;795277,1926;5831732,954;13,35636101;52,55538966
201420;11;4;4051654;Wilhelmsaue;4501150;2018;6;22;1;3;0;3;2;1;1;0;0;0;0;0;793464,605;5823834,195;13,32273339;52,48556081
201421;11;2;2020204;Urbanstra�e;2200210;2018;6;14;4;3;2;6;0;0;1;0;0;0;0;0;799035,6353;5824581,998;13,40520461;52,4892412
201422;11;3;3040818;Pankow S�d                                                                                          ;3400827;2018;6;14;4;3;5;3;0;1;1;0;0;0;0;0;799479,9874;5832007,702;13,41841565;52,5555576
201423;11;4;4020310;Park Ruhwald;4200308;2018;6;11;1;2;5;3;0;1;1;0;0;0;0;0;790353,6975;5827312,786;13,28008253;52,51841007
201424;11;7;7010102;Nollendorfplatz;7100102;2018;6;14;4;3;3;2;0;1;1;0;0;0;0;0;795471,5659;5825556,143;13,35373062;52,49991437
201425;11;6;6030504;Teltower Damm;6300528;2018;6;17;7;3;5;3;0;0;1;0;0;0;0;0;788949,6809;5816402,114;13,24999812;52,42133686
201426;11;1;1033101;Soldiner Stra�e                                                                                     ;1300730;2018;6;12;4;3;5;3;0;0;1;0;1;0;0;0;796046,9962;5832145,503;13,36805042;52,55866984
201427;11;8;8010404;Rixdorf;8100417;2018;6;6;5;3;0;2;0;1;1;0;0;0;0;0;802388,1071;5823233,417;13,45320677;52,47530724
201428;11;2;2040701;Andreasviertel;2400623;2018;6;11;4;3;6;7;0;0;1;1;0;0;0;0;801237,7382;5827742,262;13,44039813;52,51635663
201429;11;9;9020702;Adlershof Ost;9200717;2018;6;17;7;3;2;6;0;0;1;0;1;0;0;0;809311,2095;5819631,75;13,55147973;52,43915332
201430;11;5;5010207;Darbystra�e                                                                                         ;5100209;2018;6;11;4;3;2;6;0;0;1;0;0;0;0;0;783265,6417;5830285,565;13,17843732;52,54879289
201431;11;2;2020204;Urbanstra�e;2200210;2018;6;11;4;3;2;6;0;0;1;0;0;0;0;0;798797,3124;5824678,005;13,40179113;52,49023227
201432;11;2;2020203;Viktoriapark;2200209;2018;6;15;7;3;1;5;0;1;1;0;0;0;0;0;797510,1671;5824808,791;13,38300647;52,49210762
201433;11;1;1022104;Emdener Stra�e                                                                                      ;1200519;2018;6;11;4;3;5;7;0;0;1;0;1;0;0;0;793774,8742;5828495,185;13,3314026;52,52717743
201434;11;4;4030415;Schlo�garten;4300412;2018;6;15;7;3;0;7;0;1;1;0;0;0;0;0;790938,8675;5827405,918;13,2887637;52,51893311
201435;11;6;6020306;Lankwitz S�d                                                                                        ;6200317;2018;6;7;5;3;5;3;0;0;1;0;1;0;0;0;796327,7515;5816814,018;13,3585462;52,42108412
201436;11;2;2030301;Oranienplatz;2300314;2018;6;14;7;3;1;5;0;1;1;0;0;0;1;0;799941,2679;5825966,447;13,41974927;52,50115382
201437;11;10;10040931;Mahlsdorf Nord                                                                                      ;10400938;2018;6;10;4;3;5;3;0;0;1;0;0;0;0;0;813791,4197;5830051,739;13,6269822;52,52997444
201438;11;9;9010402;Johannisthal Ost;9100409;2018;6;14;7;2;4;6;0;0;1;0;0;0;0;0;806801,76;5818205,131;13,51336933;52,42778089
201439;11;1;1011305;Heine-Viertel West;1100312;2018;6;10;4;3;6;2;0;0;1;1;0;0;0;0;799716,2984;5827361,83;13,41770128;52,51378489
201440;11;11;10010203;Gewerbegebiet Bitterfelder Stra�e                                                                   ;10100205;2018;6;15;5;3;5;2;0;1;1;0;0;0;0;0;806912,4535;5832617,889;13,52826787;52,5568888
201441;11;4;4030623;Ernst-Reuter-Platz;4300622;2018;6;8;4;3;5;3;0;1;1;0;0;0;0;0;793795,5545;5826912,589;13,33030877;52,51297916
201442;11;10;10040931;Mahlsdorf Nord                                                                                      ;10400938;2018;6;11;7;3;2;6;0;0;1;0;0;0;0;1;815206,519;5829139,98;13,64690984;52,52098822
201443;11;1;1033202;Humboldthain S�d;1300835;2018;6;9;4;2;2;6;0;0;1;0;1;0;1;0;797098,9247;5830307,897;13,38187776;52,54162501
201444;11;7;7020203;Kaiser-Wilhelm-Platz;7200409;2018;6;11;7;3;6;4;0;1;0;1;0;0;0;0;795362,0323;5824013,115;13,35075379;52,48614156
201445;11;1;1011304;Karl-Marx-Allee;1100311;2018;6;11;7;3;1;5;0;0;1;0;1;0;0;0;799891,8306;5827853,134;13,42072301;52,51809216
201446;11;2;2030302;Lausitzer Platz;2300316;2018;6;7;4;3;2;6;0;1;1;0;0;0;0;0;801452,1214;5826031,261;13,44199844;52,50090224
201447;11;3;3051017;Rennbahnstra�e;3501038;2018;6;8;7;3;5;3;0;0;1;0;0;0;0;0;803829,5506;5832350,575;13,48268933;52,55622164
201448;11;10;10030727;Biesdorf S�d                                                                                        ;10300734;2018;6;16;5;3;5;3;0;0;1;0;1;0;0;0;809103,8149;5825720,993;13,55407863;52,49384157
201449;11;9;9051901;Dammvorstadt;9501939;2018;6;15;7;3;6;4;0;0;1;1;0;0;0;1;810998,7968;5821762,711;13,57821034;52,45729311
201450;11;7;7010104;Dennewitzplatz;7100206;2018;6;7;4;3;0;5;0;1;1;0;0;0;0;0;796124,9423;5824404,645;13,36230419;52,48923804
201451;11;3;3061131;Falkplatz;3601142;2018;6;22;7;3;2;6;2;0;1;0;0;0;0;0;799077,0088;5830372,78;13,41101704;52,54112448
201452;11;6;6020410;Oberhofer Platz;6200422;2018;6;16;5;3;2;6;0;0;0;0;1;0;1;0;794079,9662;5817435,989;13,32613407;52,42787244
201453;11;1;1011301;Charit�viertel;1100308;2018;6;21;7;3;6;4;2;0;0;1;1;0;0;0;797113,3612;5829247,063;13,38114155;52,53210799
201454;11;6;6040804;Krumme Lanke;6400838;2018;6;7;4;3;2;6;0;0;1;0;0;0;0;0;788758,5451;5820016,752;13,25031794;52,453845
201455;11;10;10040830;Kaulsdorf S�d                                                                                       ;10400837;2018;6;19;7;3;5;3;0;0;1;0;1;0;0;0;811424,6212;5824494,738;13,58700708;52,48153353
201456;11;1;1033102;Gesundbrunnen;1300733;2018;6;7;4;3;5;2;0;1;1;0;0;0;0;0;797573,8538;5831890,152;13,39027792;52,55554875
201457;11;3;3061227;Humannplatz;3601243;2018;6;17;5;3;5;3;0;1;1;0;0;0;0;0;799442,2143;5831374,455;13,41728902;52,54990233
201458;11;7;7070707;Wittelsbacherstra�e                                                                                 ;7601548;2018;6;19;7;2;6;4;0;0;1;1;0;0;0;0;800449,3658;5813253,041;13,41578048;52,38691772
201459;11;5;5030731;Gartenfelder Stra�e                                                                                 ;5300737;2018;6;6;4;3;3;6;0;0;1;0;1;0;0;0;787968,2757;5830421,639;13,2477181;52,54754721
201460;11;4;4051652;Nikolsburger Platz;4501149;2018;6;19;7;3;5;5;0;1;1;0;0;0;0;0;793442,9618;5824024,131;13,3225828;52,48727515
201461;11;9;9031001;Bohnsdorf;9301025;2018;6;10;7;3;2;2;0;1;0;0;0;0;1;0;809682,4075;5815221,464;13,55284177;52,39941875
201462;11;2;2040703;Wriezener Bahnhof/Entwicklungsgebiet;2400625;2018;6;6;4;3;5;2;0;1;1;0;0;0;0;0;801753,8631;5826263,439;13,44664055;52,50281651
201463;11;10;10010309;Springpfuhl;10100312;2018;6;9;7;2;5;3;0;1;1;0;0;0;0;0;807687,0502;5830166,632;13,5373869;52,5344838
201464;11;9;9041501;Altstadt Kietz;9401534;2018;6;17;5;3;1;1;0;1;1;0;0;0;0;0;810807,183;5820377,396;13,57411031;52,44498746
201465;11;2;2020203;Viktoriapark;2200209;2018;6;8;4;3;5;3;0;1;1;0;0;0;0;0;797274,0588;5824526,343;13,37928712;52,48970441
201466;11;3;3050920;Wei�er See;3500933;2018;6;8;7;3;5;3;0;0;1;0;0;0;0;0;802185,5348;5832421,779;13,45857846;52,55777452
201467;11;4;4030725;Amtsgerichtsplatz;4300416;2018;6;21;4;1;5;7;2;0;1;1;0;0;0;0;791725,4253;5826091,26;13,29917053;52,50672721
201468;11;1;1044202;Sparrplatz;1401046;2018;6;17;5;3;2;6;0;0;1;0;0;0;0;0;794883,5846;5830209,627;13,34921944;52,54194752
201469;11;11;11051229;Rummelsburg;11501238;2018;6;7;7;3;5;7;0;0;1;0;0;0;1;0;804068,2938;5825994,301;13,48038737;52,49911956
201470;11;8;8010118;Silbersteinstra�e;8100104;2018;6;18;3;3;5;2;0;1;1;0;0;0;0;0;800231,1067;5822355,008;13,42075358;52,46862357
201471;11;2;2010103;Moritzplatz;2100104;2018;6;12;7;3;0;2;0;1;1;0;0;0;0;0;799328,0174;5826226,817;13,41097596;52,50382439
201472;11;11;11030721;R�digerstra�e;11300722;2018;6;7;3;3;5;3;0;1;1;0;0;0;0;0;803689,0498;5828618,626;13,47721237;52,52285184
201473;11;7;7040404;Marienh�he;7400826;2018;6;17;5;3;5;3;0;0;1;0;0;0;0;0;796452,6453;5819797,909;13,36302335;52,44776477
201474;11;4;4051654;Wilhelmsaue;4501150;2018;6;16;3;3;5;3;0;1;1;0;0;0;0;0;793696,5944;5823937,828;13,32623133;52,48636509
201475;11;7;7060603;Marienfelde Nordost;7601238;2018;6;10;7;3;5;7;0;0;1;0;0;1;0;0;798416,7814;5815932,628;13,38838936;52,41204827
201476;11;2;2040703;Wriezener Bahnhof/Entwicklungsgebiet;2400625;2018;6;6;7;3;6;4;0;0;1;1;0;0;0;0;801752,205;5826264,603;13,44661725;52,50282786
201477;11;5;5020626;Adamstra�e                                                                                          ;5200631;2018;6;17;3;3;6;7;0;0;1;1;0;0;0;0;784704,4075;5827678,21;13,1973648;52,5246653
201478;11;6;6040806;Fischtal;6400840;2018;6;8;7;2;5;3;0;0;1;0;0;0;0;1;789113,6608;5819585,607;13,2551561;52,44979187
201479;11;3;3040818;Pankow S�d                                                                                          ;3400828;2018;6;21;3;3;0;3;2;1;0;0;0;0;0;0;799856,5167;5832545,181;13,4244384;52,560168
201480;11;1;1011305;Heine-Viertel West;1100312;2018;6;18;5;3;5;3;0;1;1;0;0;0;0;0;799459,9097;5827068,996;13,4136709;52,51130089
201481;11;3;3050923;Wei�enseer Spitze;3500934;2018;6;18;3;3;0;4;0;0;1;1;0;0;0;0;800388,1444;5831957,096;13,43172496;52,55460387
201482;11;1;1044101;Rehberge;1400938;2018;6;1;7;3;8;1;2;0;1;0;0;0;0;0;794196,4685;5830395,357;13,33928132;52,5439839
201483;11;10;10010308;Marzahner Chaussee;10100311;2018;6;8;3;3;6;4;0;0;1;1;0;0;0;0;806567,8978;5828076,772;13,51901238;52,51638475
201484;11;1;1011203;Unter den Linden S�d;1100206;2018;6;14;3;3;6;4;0;0;1;1;0;0;0;0;798042,9388;5827351,458;13,39310633;52,51460886
201485;11;2;2040502;Friedenstra�e;2400521;2018;6;23;7;3;5;2;2;0;1;0;1;0;0;0;801249,901;5827836,565;13,44066221;52,51719517
201486;11;12;12302110;Dannenwalder Weg;12601235;2018;6;13;3;3;2;2;0;0;1;0;0;0;0;0;794625,7177;5836268,57;13,35081016;52,59640052
201487;11;4;4030519;Kaiserin-Augusta-Allee;4300518;2018;6;13;3;3;5;3;0;1;1;0;0;0;0;0;792653,6184;5827970,917;13,31446051;52,52308062
201488;11;3;3040818;Pankow S�d                                                                                          ;3400826;2018;6;19;6;3;5;7;0;1;1;0;0;0;0;0;798893,8434;5832599,169;13,41032842;52,56118118
201489;11;1;1011201;Wilhelmstra�e                                                                                       ;1100205;2018;6;12;3;3;3;6;0;1;0;0;0;0;0;0;797113,5625;5826476,938;13,37867031;52,50727681
201490;11;1;1011305;Heine-Viertel West;1100312;2018;6;18;6;3;1;5;0;1;1;0;0;0;0;0;799608,527;5826941,809;13,41573978;52,51007925
201491;11;1;1011305;Heine-Viertel West;1100312;2018;6;14;3;3;2;6;0;0;1;0;0;0;0;0;799611,2143;5826948,468;13,41578525;52,51013746
201492;11;1;1011305;Heine-Viertel West;1100310;2018;6;18;6;3;1;5;0;1;1;0;0;0;1;0;799718,0909;5827388,275;13,41775144;52,51402094
201493;11;7;7010101;Wittenbergplatz/Viktoria-Luise-Platz;7100101;2018;6;12;3;3;3;6;0;0;0;0;1;0;1;0;794645,1998;5825770,163;13,34178164;52,50227974
201494;11;1;1011306;Heine-Viertel Ost;1100313;2018;6;18;5;3;2;2;0;1;1;0;0;0;0;0;800471,3846;5826679,587;13,42817898;52,5072543
201495;11;2;2020204;Urbanstra�e;2200210;2018;6;14;3;2;5;3;0;1;1;0;0;0;0;0;798637,9423;5825135,338;13,39986077;52,49441886
201496;11;4;4030725;Amtsgerichtsplatz;4300416;2018;6;15;6;3;5;2;0;1;1;0;0;0;0;0;791438,9948;5826068,404;13,29494227;52,50667539
201497;11;6;6030502;Zehlendorf S�d                                                                                      ;6300525;2018;6;14;3;3;5;3;0;1;1;0;0;0;0;0;790333,0851;5814657,681;13,26877159;52,4049652
201498;11;8;8030829;Gropiusstadt Nord;8300934;2018;6;12;3;2;0;6;0;0;1;0;1;0;0;0;803467,7574;5818232,27;13,46450988;52,42988352
201499;11;6;6040810;Dahlem;6400844;2018;6;2;6;3;7;7;2;0;1;0;0;0;0;0;790378,761;5820872,337;13,27483862;52,46065718
201500;11;11;11010204;Falkenberg Ost;11100203;2018;6;13;3;3;2;6;0;0;1;0;0;0;0;0;807664,9844;5833617,128;13,54025946;52,56541925
201501;11;1;1011302;Oranienburger Stra�e                                                                                ;1100309;2018;6;18;6;3;5;2;0;0;1;0;1;0;0;1;797846,3535;5828840,741;13,39155153;52,5280658
201502;11;1;1011306;Heine-Viertel Ost;1100313;2018;6;18;5;3;6;2;0;0;1;1;0;0;0;0;800079,395;5826450,358;13,42221415;52,50541537
201503;11;6;6020303;Lankwitz Kirche                                                                                     ;6200313;2018;6;5;6;3;0;6;0;1;1;0;0;0;0;0;795693,9183;5818961,676;13,3511518;52,44067937
201504;11;1;1044101;Rehberge;1400938;2018;6;15;3;3;0;6;0;0;0;0;1;0;1;0;794550,7891;5831558,526;13,34552283;52,5542194
201505;11;8;8010301;Reuterkiez;8100312;2018;6;23;6;3;5;3;2;0;1;0;0;0;0;1;801421,2143;5824133,3;13,43982751;52,48390753
201506;11;11;11030721;R�digerstra�e;11300723;2018;6;15;3;3;2;6;0;1;0;0;0;0;1;0;805209,7302;5828478,677;13,49942803;52,52074852
201507;11;9;9010202;K�penicker Landstra�e;9100203;2018;6;18;5;3;5;2;0;1;1;0;0;0;0;0;803965,0174;5823457,065;13,47655664;52,47643649
201508;11;1;1044202;Sparrplatz;1401046;2018;6;22;6;3;6;2;2;0;1;1;0;0;0;1;794607,2464;5829879,548;13,3448638;52,53913808
201509;11;1;1033102;Gesundbrunnen;1300733;2018;6;23;3;3;5;3;2;1;1;0;0;0;0;0;797372,0461;5831185,497;13,38667889;52,54934263
201510;11;6;6010103;Markelstra�e                                                                                        ;6100103;2018;6;21;6;3;2;6;2;0;1;0;0;0;1;1;793026,298;5821527,579;13,31427042;52,46511806
201511;11;5;5040936;J�gerallee;5400943;2018;6;20;3;2;5;3;2;1;0;0;0;0;0;0;780845,5593;5819395,574;13,13365589;52,45239844
201512;11;1;1044203;Leopoldplatz;1401048;2018;6;20;3;3;0;1;0;0;0;0;1;0;0;0;795385,3533;5831111,041;13,35739843;52,54975612
201513;11;3;3071536;Teutoburger Platz;3701554;2018;6;13;6;3;3;6;0;1;0;0;1;0;0;0;798728,4164;5830231,276;13,40576504;52,54004732
201514;11;1;1011302;Oranienburger Stra�e                                                                                ;1100309;2018;6;19;3;3;5;3;0;1;1;0;0;0;0;0;798587,683;5828885,823;13,40248741;52,52806438
201515;11;4;4030623;Ernst-Reuter-Platz;4300622;2018;6;20;6;3;3;6;1;0;1;0;0;0;0;1;793223,4146;5826764,821;13,32177178;52,51196235
201516;11;3;3061126;Arnimplatz;3601141;2018;6;20;6;3;2;6;1;0;1;0;0;0;1;1;799208,312;5831433,698;13,41390308;52,55056188
201517;11;1;1011402;Arkonaplatz;1100416;2018;6;18;3;3;1;5;0;1;1;0;0;0;0;0;798564,9391;5829233,439;13,40246532;52,53119272
201518;11;1;1011302;Oranienburger Stra�e                                                                                ;1100309;2018;6;19;6;3;5;2;0;1;1;0;0;0;0;1;798319,4626;5828704,613;13,39838276;52,52658691
201519;11;3;3040614;Pankow Zentrum                                                                                      ;3400723;2018;6;19;6;3;0;1;1;1;0;0;0;0;0;1;798912,6235;5833273,412;13,41121208;52,56721441
201520;11;2;2010102;Mehringplatz;2100102;2018;6;18;3;3;5;3;0;1;1;0;0;0;0;0;798187,9474;5826507,771;13,39448102;52,50696703
201521;11;3;3061131;Falkplatz;3601142;2018;6;19;6;3;6;4;0;1;0;1;0;0;0;1;798942,3825;5830383,967;13,40904793;52,54129864
201522;11;4;4010102;Pl�tzensee;4100101;2018;6;18;3;3;5;2;0;0;1;0;0;0;0;0;793340,7529;5829720,068;13,32610277;52,53839167
201523;11;1;1011102;Gro�er Tiergarten;1100102;2018;6;17;3;3;5;3;0;1;1;0;0;0;0;0;794309,381;5827013,335;13,33794769;52,51360528
201524;11;3;3061227;Humannplatz;3601244;2018;6;18;6;3;5;7;0;0;1;0;1;0;0;0;800174,5018;5831215,227;13,42791258;52,5480721
201525;11;1;1011301;Charit�viertel;1100308;2018;6;18;6;3;1;5;0;1;1;0;0;0;1;0;797397,6671;5828916,124;13,38502444;52,52898648
201526;11;3;3030716;M�rchenland;3300517;2018;6;18;6;3;0;1;0;1;0;0;0;0;0;0;802728,618;5833541,927;13,46758683;52,56751252
201527;11;10;10020622;Kaulsdorf Nord I                                                                                    ;10200629;2018;6;17;3;3;5;2;0;0;1;0;0;0;0;0;810903,1291;5829236,734;13,58377999;52,52432576
201528;11;1;1011103;L�tzowstra�e                                                                                        ;1100103;2018;6;16;6;3;2;6;0;0;1;0;0;0;0;0;795229,5991;5825897,208;13,35047882;52,50310273
201529;11;2;2020204;Urbanstra�e;2200210;2018;6;17;6;3;0;1;0;1;0;0;0;0;0;0;798442,8804;5824926,884;13,39680937;52,49265704
201530;11;2;2010103;Moritzplatz;2100104;2018;6;17;3;3;0;5;0;1;1;0;0;0;1;0;799182,0612;5826006,65;13,40863422;52,50193096
201531;11;1;1033203;Humboldthain Nordwest                                                                               ;1300836;2018;6;19;6;2;1;5;1;0;1;0;0;0;0;1;796641,8879;5829804,228;13,37470868;52,53735917
201532;11;12;12214527;Alt-Tegel;12200515;2018;6;19;6;2;3;6;0;0;1;0;1;0;0;0;789983,7648;5835519,201;13,28181501;52,59217771
201533;11;2;2040701;Andreasviertel;2400623;2018;6;17;3;3;2;6;0;1;1;0;0;0;0;0;800518,9425;5827051,282;13,42921316;52,51055972
201534;11;7;7050501;Rathausstra�e                                                                                       ;7501030;2018;6;18;6;2;0;1;0;1;0;0;0;0;0;0;797790,0227;5819618,927;13,38248419;52,44543359
201535;11;1;1033101;Soldiner Stra�e                                                                                     ;1300732;2018;6;17;3;3;5;2;0;0;1;0;0;0;0;0;797280,8672;5832224,48;13,38626854;52,55870558
201536;11;7;7040401;Neu-Tempelhof;7400720;2018;6;17;3;3;5;3;0;0;1;0;0;0;0;0;797284,1366;5822702,298;13,37780864;52,47334827
201537;11;7;7050505;Hundsteinweg;7501134;2018;6;17;6;2;1;2;0;0;1;0;1;0;0;0;799177,8985;5819063,21;13,40234628;52,43969468
201538;11;5;5030832;Rohrdamm;5300839;2018;6;16;6;2;6;4;0;0;1;1;0;0;0;0;789008,0331;5830587,097;13,26315313;52,54847995
201539;11;11;11041023;Gensinger Stra�e;11401032;2018;6;17;3;3;6;2;0;0;1;1;0;0;0;0;806608,6457;5827753,31;13,51931296;52,51346292
201540;11;4;4041241;Breite Stra�e;4400832;2018;6;21;6;3;0;1;1;0;0;0;1;0;0;1;791274,3542;5822047,456;13,28900885;52,47071556
201541;11;2;2010102;Mehringplatz;2100102;2018;6;16;3;3;5;3;0;1;1;0;0;0;0;0;798309,5938;5825630,401;13,39548201;52,49903603
201542;11;4;4030929;Hindemithplatz;4501040;2018;6;16;3;3;5;3;0;0;1;0;1;0;0;0;792336,9445;5825703,29;13,3078142;52,50292181
201543;11;1;1011102;Gro�er Tiergarten;1100102;2018;6;15;6;3;0;6;0;0;1;0;1;0;0;0;795056,261;5827221,352;13,3491063;52,51506648
201544;11;6;6030503;Zehlendorf Mitte                                                                                    ;6300526;2018;6;16;3;2;6;4;0;0;1;1;0;0;0;0;789565,085;5817954,175;13,26036646;52,43492649
201545;11;3;3071638;Winsstra�e;3701659;2018;6;10;6;3;5;7;0;1;0;0;0;0;1;0;800089,7991;5829439,14;13,42506303;52,53219917
201546;11;5;5030731;Gartenfelder Stra�e                                                                                 ;5300737;2018;6;16;3;3;0;3;0;0;1;0;1;0;0;0;787989,9164;5829742,236;13,24744729;52,54144464
201547;11;9;9020502;Obersch�neweide Ost;9200511;2018;6;14;6;3;3;6;0;0;1;0;1;0;0;0;807683,5519;5822160,521;13,52993983;52,4627347
201548;11;12;12301203;Wittenau S�d                                                                                        ;12500926;2018;6;16;3;3;5;2;0;1;1;0;0;0;0;0;793008,7553;5835695,422;13,32649924;52,59213624
201549;11;4;4030931;Breitscheidplatz;4501042;2018;6;16;3;3;5;2;0;0;1;0;1;0;0;0;793914,246;5825525,917;13,33082847;52,50048442
201550;11;8;8010405;Hertzbergplatz;8100418;2018;6;14;6;3;5;2;0;1;1;0;0;0;0;0;802256,364;5823847,347;13,45182944;52,48088286
201551;11;11;11020412;Hauptstra�e;11200411;2018;6;14;3;2;5;3;0;0;1;0;1;0;0;0;806649,2377;5831222,66;13,52310902;52,54453291
201552;11;1;1011301;Charit�viertel;1100308;2018;6;13;6;3;1;5;0;1;1;0;0;0;1;0;797190,7991;5829156,731;13,38219903;52,53125606
201553;11;5;5020625;Borkumer Stra�e                                                                                     ;5200629;2018;6;12;3;2;6;4;0;0;0;1;0;0;1;0;784690,5382;5828600,969;13,19795111;52,532946
201554;11;3;3020307;Buchholz;3200309;2018;6;13;6;3;5;3;0;0;1;0;0;0;0;0;800180,3841;5838457,21;13,43455749;52,61298
201555;11;7;7010102;Nollendorfplatz;7100102;2018;6;12;3;3;2;6;0;0;1;0;0;0;0;0;794991,0478;5825109,725;13,34627703;52,49617251
201556;11;12;12103116;Hausotterplatz;12100102;2018;6;13;6;3;6;4;0;0;1;1;0;0;0;0;795869,6662;5833084,939;13,36627994;52,5671873
201557;11;2;2020202;Rathaus Yorckstra�e;2200208;2018;6;12;3;3;3;6;0;1;1;0;0;0;0;0;797596,7092;5825403,626;13,38480875;52,49739247
201558;11;4;4051445;Eisenzahnstra�e;4500939;2018;6;12;6;3;5;7;0;0;0;0;1;0;1;0;792532,5818;5824608,462;13,30972663;52,4930021
201559;11;3;3050920;Wei�er See;3500933;2018;6;13;2;2;3;6;0;0;1;0;0;0;0;0;802767,745;5831865,643;13,46663308;52,55246662
201560;11;11;11030618;Fennpfuhl West;11300618;2018;6;13;2;3;1;5;0;1;1;0;0;0;0;0;802880,1512;5828920,681;13,46560148;52,52600903
201561;11;2;2020203;Viktoriapark;2200208;2018;6;2;6;3;2;6;2;0;1;0;0;0;0;0;797717,8226;5824958,17;13,38618946;52,49333342
201562;11;1;1011401;Invalidenstra�e                                                                                     ;1100415;2018;6;11;2;3;6;4;0;1;0;1;0;0;0;0;797385,8126;5829152,918;13,38506202;52,53111552
201563;11;5;5020625;Borkumer Stra�e                                                                                     ;5200420;2018;6;10;6;3;0;4;0;0;0;1;0;0;1;0;783586,479;5828663,432;13,18177154;52,53408164
201564;11;8;8020625;Handwerker-Siedlung;8200730;2018;6;17;5;3;6;4;0;0;1;1;0;0;0;0;802298,0372;5818949,665;13,4480064;52,43696125
201565;11;8;8020625;Handwerker-Siedlung;8200730;2018;6;11;2;3;6;2;0;0;1;1;0;0;0;0;801383,2153;5819284,375;13,43489138;52,44046623
201566;11;6;6030608;Schweizer Viertel;6300632;2018;6;12;5;3;4;6;0;0;1;0;1;0;0;0;791938,0406;5817636,64;13,29489638;52,43081842
201567;11;6;6020409;K�nigsberger Stra�e                                                                                 ;6200421;2018;6;10;2;3;5;2;0;0;1;0;0;0;0;0;793474,2147;5817727,899;13,31750668;52,43081461
201568;11;4;4030621;Spreestadt;4300620;2018;6;16;5;3;3;6;0;0;1;0;1;0;0;0;793342,8944;5827836,111;13,32447188;52,52150175
201569;11;4;4051654;Wilhelmsaue;4501150;2018;6;10;2;3;2;3;0;1;1;0;0;0;0;0;794007,6018;5823813,336;13,33068854;52,48508169