OBJECTID;LAND;BEZ;LOR;STRASSE;LOR_ab_2021;UJAHR;UMONAT;USTUNDE;UWOCHENTAG;UKATEGORIE;UART;UTYP1;ULICHTVERH;IstRad;IstPKW;IstFuss;IstKrad;IstGkfz;IstSonstig;USTRZUSTAND;LINREFX;LINREFY;XGCSWGS84;YGCSWGS84
201570;11;12;12231102;Frohnau;12400720;2018;6;16;5;2;5;3;0;1;1;0;0;0;0;0;789633,616;5840165,554;13,28072846;52,63401856
201571;11;11;11020514;Gro�e-Leege-Stra�e;11200513;2018;6;17;5;3;0;5;0;1;1;0;0;0;0;0;804346,0856;5830820,056;13,48888219;52,54221595
201572;11;3;3061227;Humannplatz;3601244;2018;6;7;2;3;5;3;0;1;1;0;0;0;0;0;800108,0108;5831704,894;13,4273775;52,55249775
201573;11;3;3071537;Kollwitzplatz;3701556;2018;6;8;5;3;6;4;0;0;1;1;0;0;0;0;799704,2584;5829242,417;13,41921895;52,53064798
201574;11;11;11030618;Fennpfuhl West;11300618;2018;6;8;5;3;2;6;0;0;1;0;0;0;0;0;802451,0837;5828880,045;13,45925927;52,525883
201575;11;6;6010206;Stadtpark;6100206;2018;6;7;2;3;6;4;0;1;0;1;0;0;0;0;794508,3515;5820003,461;13,33467877;52,45065826
201576;11;7;7040403;Manteuffelstra�e                                                                                    ;7400824;2018;6;22;5;3;8;1;2;0;1;0;0;0;0;0;797869,741;5821888,055;13,38567788;52,46573046
201577;11;5;5030731;Gartenfelder Stra�e                                                                                 ;5300737;2018;6;8;2;3;2;6;0;0;1;0;1;0;0;0;787635,2832;5829395,399;13,24193226;52,53852241
201578;11;5;5010314;Carl-Schurz-Stra�e                                                                                  ;5100316;2018;6;22;5;3;0;2;2;0;1;0;1;0;0;0;784547,2606;5828859,287;13,19606571;52,53533692
201579;11;2;2030301;Oranienplatz;2300417;2018;6;21;5;3;1;5;1;0;1;0;0;0;0;0;800021,9259;5825664,531;13,42066198;52,49840328
201580;11;3;3040614;Pankow Zentrum                                                                                      ;3400722;2018;6;8;2;3;4;1;0;1;1;0;0;0;0;1;798407,7018;5834205,172;13,40462304;52,57584326
201581;11;12;12302212;Rollbergesiedlung;12601032;2018;6;21;5;3;5;3;0;1;1;0;0;0;0;0;793436,4013;5837710,772;13,33458047;52,6099719
201582;11;11;11030720;Herzbergstra�e;11300721;2018;6;9;6;3;2;6;0;0;1;0;0;0;1;0;805186,204;5829429,501;13,49995493;52,52928337
201583;11;2;2020204;Urbanstra�e;2200210;2018;6;8;2;3;2;3;0;0;1;0;1;0;0;0;798338,8213;5825504,015;13,39579808;52,49788717
201584;11;1;1011401;Invalidenstra�e                                                                                     ;1100415;2018;6;13;6;3;0;1;0;1;0;0;0;0;0;0;798269,3976;5829365,126;13,39823956;52,53253492
201585;11;7;7030303;Grazer Platz;7300619;2018;6;20;5;3;5;2;0;1;0;0;1;0;0;0;795892,9366;5820835,542;13,35573108;52,4573696
201586;11;1;1011201;Wilhelmstra�e                                                                                       ;1100205;2018;6;9;2;3;5;3;0;1;1;0;0;0;0;0;797034,3639;5826595,277;13,37761243;52,50838071
201587;11;6;4061757;Forst Grunewald;4200207;2018;6;20;5;2;2;1;0;0;1;0;1;0;0;0;785447,6001;5823785,894;13,20495187;52,48937842
201588;11;2;2020204;Urbanstra�e;2200210;2018;6;19;5;3;0;7;0;1;0;0;0;0;0;0;798370,9216;5825285,521;13,39607383;52,4959111
201589;11;8;8010117;Schillerpromenade;8100103;2018;6;10;2;2;5;2;0;1;1;0;0;0;0;0;800657,6758;5823023,7;13,42761691;52,47438273
201590;11;1;1022206;L�neburger Stra�e                                                                                   ;1200628;2018;6;19;5;2;5;2;0;1;1;0;0;0;0;0;795459,0324;5827755,417;13,35549879;52,51963589
201591;11;5;5030730;Zitadellenweg;5300736;2018;6;19;5;2;6;4;0;0;1;1;0;0;0;0;786921,9052;5829989,843;13,23195628;52,54422804
201592;11;4;4030931;Breitscheidplatz;4501042;2018;6;10;2;3;0;5;0;0;1;0;1;0;0;0;793520,052;5825639,661;13,32513827;52,50171626
201593;11;11;11040926;Weitlingstra�e;11400929;2018;6;19;5;3;5;3;0;0;1;0;0;0;0;0;804697,4001;5826658,838;13,49023427;52,50472464
201594;11;7;7060601;Marienfelder Allee Nordwest;7601236;2018;6;9;2;3;3;6;0;0;1;0;0;1;0;0;797292,5277;5817293,669;13,37311809;52,42486051
201595;11;3;3030405;Karow Nord                                                                                          ;3300411;2018;6;9;2;3;0;1;0;1;0;0;0;0;0;0;803961,0091;5839728,825;13,49139173;52,62227559
201596;11;1;1011201;Wilhelmstra�e                                                                                       ;1100205;2018;6;19;5;2;6;7;0;0;1;1;0;0;0;0;797331,8453;5826930,743;13,38228238;52,51122573
201597;11;4;4030931;Breitscheidplatz;4501042;2018;6;13;2;3;0;6;0;0;1;0;0;0;1;0;793564,3232;5825754,175;13,32588956;52,50271901
201598;11;4;4030726;Droysenstra�e;4500936;2018;6;14;6;3;0;5;0;1;1;0;0;0;0;0;792058,6928;5825826,473;13,30383457;52,50417514
201599;11;1;1011202;Unter den Linden Nord;1100206;2018;6;14;2;3;5;3;0;0;1;0;0;0;1;0;797546,292;5827762,246;13,38617653;52,51856225
201600;11;2;2020203;Viktoriapark;2200209;2018;6;18;5;3;5;2;0;0;1;0;1;0;0;0;796809,0728;5823979,396;13,37197177;52,48505458
201601;11;9;9051901;Dammvorstadt;9501941;2018;6;16;6;3;5;3;0;0;1;0;0;0;0;0;811061,1684;5821225,454;13,57862489;52,45244297
201602;11;2;2050803;Stralauer Kiez;2500835;2018;6;18;5;3;5;2;0;1;1;0;0;0;0;0;803027,0266;5825730,507;13,46485521;52,49733437
201603;11;10;10010204;Wuhletalstra�e                                                                                      ;10100206;2018;6;18;2;3;5;3;0;1;0;0;0;0;1;0;809136,4122;5833074,857;13,56139373;52,55972619
201604;11;11;11030618;Fennpfuhl West;11300617;2018;6;18;5;3;5;3;0;1;1;0;0;0;0;0;802943,6719;5829203,248;13,46679236;52,52850634
201605;11;1;1033203;Humboldthain Nordwest                                                                               ;1300836;2018;6;13;1;3;1;5;0;1;1;0;0;0;0;0;796349,5103;5830756,627;13,37126007;52,5460555
201606;11;2;2030301;Oranienplatz;2300314;2018;6;17;1;3;6;2;0;1;0;1;0;0;0;1;800126,8537;5825897,756;13,4224132;52,50043608
201607;11;1;1033202;Humboldthain S�d;1300835;2018;6;18;5;3;5;3;0;1;1;0;0;0;0;0;797795,9953;5830051,945;13,39189657;52,53895022
201608;11;9;9051702;B�lschestra�e;9501737;2018;6;18;1;3;0;2;0;1;1;0;0;0;0;1;814250,3155;5821230,683;13,62540679;52,45066597
201609;11;12;12103218;Teichstra�e;12100205;2018;6;23;1;3;5;2;2;1;0;0;0;0;1;0;794846,4377;5833744,714;13,35181369;52,57365678
201610;11;2;2010104;Wassertorplatz;2100106;2018;6;17;5;3;3;6;0;1;1;0;0;0;0;0;799805,9123;5825701,407;13,41752261;52,49885253
201611;11;11;11030619;Fennpfuhl Ost;11300620;2018;6;20;1;2;5;7;1;0;1;0;0;0;0;0;803671,0477;5829503,888;13,4777563;52,5307962
201612;11;11;11051229;Rummelsburg;11501238;2018;6;18;5;2;5;2;0;0;1;0;1;0;0;0;804077,0007;5825988,599;13,48051003;52,49906359
201613;11;8;8030831;Gropiusstadt Ost;8301037;2018;6;20;1;2;5;2;0;0;1;0;0;0;0;1;804138,8655;5817811,99;13,47396816;52,42574394
201614;11;4;4051655;Babelsberger Stra�e;4501153;2018;6;17;5;3;5;3;0;1;1;0;0;0;0;0;794030,6402;5824017,587;13,33120702;52,48690029
201615;11;4;4030931;Breitscheidplatz;4501042;2018;6;19;1;3;2;2;0;0;1;0;0;0;0;0;793918,4967;5825534,544;13,33089853;52,50055947
201616;11;4;4030931;Breitscheidplatz;4501042;2018;6;17;5;3;5;2;0;1;1;0;0;0;0;0;793923,7658;5825535,155;13,33097647;52,5005621
201617;11;3;3061227;Humannplatz;3601243;2018;6;19;1;2;5;3;0;0;1;0;0;0;1;1;799678,073;5831261,708;13,42065535;52,54876204
201618;11;1;1011302;Oranienburger Stra�e                                                                                ;1100309;2018;6;16;5;3;0;7;0;1;0;0;0;0;0;0;798941,7332;5828388,398;13,40724371;52,52341165
201619;11;4;4010103;Paul-Hertz-Siedlung;4100102;2018;6;18;1;3;0;6;0;0;1;0;1;0;0;1;791150,6955;5829113,336;13,29337181;52,53412691
201620;11;8;8010213;K�rnerpark;8100208;2018;6;18;1;3;2;6;0;0;1;0;0;0;0;1;801645,586;5822542,621;13,44168289;52,46952606
201621;11;1;1011301;Charit�viertel;1100308;2018;6;15;5;3;0;1;0;1;0;0;0;0;0;0;797102,309;5828020,781;13,37988341;52,52112179
201622;11;1;1011303;Alexanderplatzviertel;1100310;2018;6;16;1;3;1;5;0;1;1;0;0;0;0;1;798985,8618;5828552,194;13,40803946;52,52485566
201623;11;12;12214126;Tegel S�d                                                                                           ;12200413;2018;6;19;6;2;8;1;0;1;0;0;0;0;0;0;789673,9341;5833891,878;13,27583142;52,57775385
201624;11;12;12214125;Waldidyll/Flughafensee;12200412;2018;6;14;1;3;5;2;0;1;0;0;0;0;1;1;791125,2494;5833981,718;13,2972676;52,57778475
201625;11;1;1033201;Brunnenstra�e                                                                                       ;1300834;2018;6;15;5;3;5;2;0;1;1;0;0;0;0;0;798437,1716;5830185,013;13,40144187;52,53979223
201626;11;9;9031101;Gr�nau;9301126;2018;6;14;1;3;5;3;0;0;1;0;0;0;0;0;809956,0948;5817908,123;13,55933894;52,42334142
201627;11;8;8030829;Gropiusstadt Nord;8300934;2018;6;15;5;3;2;6;0;0;1;0;0;0;0;0;802823,6176;5818228,622;13,45506135;52,43020774
201628;11;11;11020513;Orankesee;11200512;2018;6;15;5;3;0;5;0;1;1;0;0;0;0;0;803355,3807;5831359,772;13,47481143;52,54760571
201629;11;3;3040513;Sch�nholz;3400620;2018;6;14;1;3;0;2;0;0;1;0;1;0;0;0;796761,0033;5834006,873;13,38021703;52,57496618
201630;11;7;7040403;Manteuffelstra�e                                                                                    ;7400824;2018;6;14;5;3;0;2;0;1;1;0;0;0;0;0;797851,0529;5821927,659;13,38543895;52,46609565
201631;11;12;1033101;Soldiner Stra�e                                                                                     ;1300730;2018;6;8;6;3;2;6;0;0;0;0;1;0;1;0;796639,4295;5832395,734;13,37698749;52,56059048
201632;11;3;3061131;Falkplatz;3601142;2018;6;13;1;3;5;3;0;1;1;0;0;0;0;0;798871,2885;5830456,561;13,40806806;52,54198833
201633;11;1;1011401;Invalidenstra�e                                                                                     ;1100415;2018;6;8;6;3;1;5;0;1;1;0;0;0;0;0;797622,3922;5829327,937;13,38869606;52,53255523
201634;11;7;7020204;Sch�neberger Insel;7200414;2018;6;13;1;3;0;7;0;0;1;0;1;0;0;0;796308,9352;5824178,83;13,36480533;52,48711397
201635;11;9;9020601;Schnellerstra�e                                                                                     ;9200613;2018;6;7;5;3;5;3;0;1;0;0;0;0;1;0;805795,1735;5821842,911;13,50194028;52,46094812
201636;11;2;2010103;Moritzplatz;2100105;2018;6;10;6;3;2;2;0;1;1;0;0;0;0;0;799144,0102;5825793,934;13,40788424;52,50004513
201637;11;10;10010206;Ringkolonnaden;10100209;2018;6;11;1;3;4;5;0;0;1;0;0;0;0;0;809360,6577;5831917,261;13,56361244;52,54922496
201638;11;1;1044103;Westliche M�llerstra�e                                                                              ;1400942;2018;6;7;5;3;3;6;0;1;1;0;0;0;0;0;794646,1473;5830497,591;13,34598387;52,54465735
201639;11;6;6040703;Nikolassee;6400737;2018;6;11;1;2;5;3;0;1;1;0;0;0;0;0;787700,4262;5821696,522;13,2362374;52,46946325
201640;11;3;3061131;Falkplatz;3601142;2018;6;7;5;3;5;2;0;1;1;0;0;0;0;0;799175,4399;5831110,204;13,41312827;52,54768031
201641;11;2;2040702;Weberwiese;2400624;2018;6;8;5;3;1;5;0;1;1;0;0;0;0;0;801723,6395;5827424,2;13,44724873;52,51323723
201642;11;4;4061757;Forst Grunewald;4200207;2018;6;10;1;3;6;4;0;1;0;1;0;0;0;0;789214,4177;5824012,673;13,26047242;52,48942897
201643;11;2;2030301;Oranienplatz;2300314;2018;6;9;5;3;6;4;0;1;0;1;0;0;0;0;799857,7914;5825838,471;13,41840796;52,50005259
201644;11;3;3050923;Wei�enseer Spitze;3500934;2018;6;9;5;3;2;6;0;0;1;0;1;0;0;0;800206,7565;5832143,554;13,4292262;52,55637515
201645;11;6;6040805;Fischerh�ttenstra�e                                                                                 ;6400839;2018;6;9;1;3;0;3;0;1;1;0;0;0;0;0;788361,271;5817772,457;13,24255085;52,43393326
201646;11;8;8030830;Gropiusstadt S�d;8300935;2018;6;9;5;3;3;6;0;0;1;0;1;0;0;0;802266,2421;5817811,549;13,44651128;52,42677766
201647;11;12;12214125;Waldidyll/Flughafensee;12200414;2018;6;21;6;3;5;3;1;1;1;0;0;0;0;0;791249,903;5830915,159;13,29640998;52,55022698
201648;11;9;9020802;K�llnische Vorstadt                                                                                 ;9200819;2018;6;9;1;3;5;3;0;0;1;0;0;0;0;0;810491,5066;5820154,083;13,56927309;52,44316554
201649;11;3;3061227;Humannplatz;3601244;2018;6;10;5;3;2;6;0;0;1;0;0;1;0;0;800280,5574;5831602,847;13,42982245;52,55148798
201650;11;1;1011304;Karl-Marx-Allee;1100311;2018;6;2;1;3;5;2;2;0;1;0;0;0;0;0;799734,7099;5827562,428;13,41815248;52,51557282
201651;11;7;7040404;Marienh�he;7400826;2018;6;11;5;3;5;2;0;1;1;0;0;0;0;0;796517,8948;5819858,047;13,36403401;52,44826847
201652;11;7;7040403;Manteuffelstra�e                                                                                    ;7400825;2018;6;11;5;3;1;5;0;1;1;0;0;0;0;0;797443,9456;5820553,254;13,37823925;52,45399729
201653;11;6;6020411;Sch�tte-Lanz-Stra�e                                                                                 ;6200423;2018;6;16;1;3;0;7;0;0;0;0;1;0;0;0;793386,6102;5816217,652;13,31489729;52,41732254
201654;11;3;3010101;Bucher Forst;3100101;2018;6;13;5;3;6;2;0;0;1;1;0;0;0;0;803926,1233;5841361,318;13,49237913;52,6369261
201655;11;1;1044202;Sparrplatz;1401047;2018;6;13;5;3;6;2;0;0;1;1;0;0;0;0;795511,2262;5830736,22;13,35891588;52,54632792
201656;11;4;4020314;Messegel�nde;4200311;2018;6;12;1;2;0;1;0;1;0;0;0;0;0;0;790029,6234;5825225,984;13,27350147;52,49987404
201657;11;7;7070701;Kettinger Stra�e/Schillerstra�e                                                                     ;7601442;2018;6;13;5;3;5;2;0;0;1;0;1;0;0;0;799687,6902;5815156,227;13,40632404;52,40439456
201658;11;1;1011203;Unter den Linden S�d;1100206;2018;6;13;5;3;5;3;0;1;1;0;0;0;0;0;797598,8897;5827222,181;13,38646635;52,51369251
201659;11;5;5030730;Zitadellenweg;5300735;2018;6;6;1;3;9;1;0;0;0;0;1;0;0;0;786449,0844;5830937,649;13,22582064;52,55297455
201660;11;8;8010301;Reuterkiez;8100312;2018;6;13;5;3;2;6;0;0;1;0;0;0;0;0;801097,0927;5824155,003;13,43508846;52,48428089
201661;11;2;2030301;Oranienplatz;2300314;2018;6;18;1;3;0;1;0;1;0;0;0;0;0;0;799944,6837;5825744,453;13,41959951;52,49916212
201662;11;2;2020206;Graefekiez;2200213;2018;6;17;7;3;5;3;0;1;0;0;1;0;0;0;799550,9607;5824899,111;13,41305669;52,49180114
201663;11;1;1022103;Westhafen;1200517;2018;6;14;5;3;2;6;0;0;1;0;0;0;0;0;793517,406;5829306,482;13,32833462;52,53458897
201664;11;12;12214422;Klixstra�e                                                                                          ;12200310;2018;6;17;6;3;0;1;0;0;0;0;1;0;0;0;792141,6033;5833245,659;13,31157526;52,57064158
201665;11;3;3020307;Buchholz;3200309;2018;6;9;5;2;5;3;0;1;1;0;0;0;0;0;800148,7485;5837865,626;13,43355503;52,60769504
201666;11;9;9020502;Obersch�neweide Ost;9200512;2018;6;17;7;3;2;2;0;0;1;0;0;0;0;0;807894,8261;5822051,453;13,53293918;52,46163822
201667;11;10;10010309;Springpfuhl;10100312;2018;6;10;5;3;5;3;0;0;1;0;0;0;0;0;808222,3341;5829259,357;13,54441252;52,52605051
201668;11;4;4020204;Olympiagel�nde;4200203;2018;6;9;7;3;5;2;0;1;1;0;0;0;0;0;788295,9043;5826859,937;13,24944732;52,51544188
201669;11;1;1011302;Oranienburger Stra�e                                                                                ;1100309;2018;6;19;2;3;5;3;0;1;1;0;0;0;0;0;797943,8533;5828778,483;13,39292872;52,52745447
201670;11;12;12224230;Heiligensee;12400618;2018;6;12;6;3;0;5;0;1;0;0;0;0;1;0;785958,128;5839267,64;13,22579026;52,62791618
201671;11;6;6010209;Feuerbachstra�e                                                                                     ;6100209;2018;6;3;7;3;6;7;2;1;0;1;0;0;0;0;794707,5659;5821542,401;13,3389602;52,46434669
201672;11;6;6040810;Dahlem;6400844;2018;6;10;5;2;5;3;0;0;1;0;0;0;0;0;790316,5093;5820305,136;13,2734317;52,45560518
201673;11;2;2010104;Wassertorplatz;2100105;2018;6;14;7;3;6;4;0;0;1;1;0;0;0;0;799443,9053;5825667,42;13,41217521;52,49874664
201674;11;5;5010209;An der Kappe;5100211;2018;6;23;7;3;5;2;2;0;1;0;0;0;0;0;783242,9037;5830287,071;13,17810416;52,54881822
201675;11;6;6020410;Oberhofer Platz;6200422;2018;6;13;5;3;5;3;0;0;1;0;0;0;0;0;794728,1754;5816699,702;13,33499139;52,42092314
201676;11;1;2040701;Andreasviertel;2400623;2018;6;20;7;3;5;3;0;1;1;0;0;0;0;0;800174,3314;5827350,516;13,42442045;52,5134316
201677;11;7;7060603;Marienfelde Nordost;7601238;2018;6;20;7;2;2;6;0;0;1;0;1;0;0;0;797390,0044;5817459,913;13,37469522;52,42629777
201678;11;7;7010102;Nollendorfplatz;7100102;2018;6;14;5;2;0;5;0;0;1;0;1;0;0;0;795104,2491;5825828,311;13,3485764;52,50255293
201679;11;2;2030402;Wrangelkiez;2300419;2018;6;19;7;3;6;7;0;0;1;1;0;0;0;0;801565,0176;5825457,403;13,443137;52,49569629
201680;11;10;10010308;Marzahner Chaussee;10100311;2018;6;14;6;3;5;2;0;1;1;0;0;0;0;0;806350,6695;5830182,182;13,51776068;52,53537593
201681;11;10;10040932;Alt-Mahlsdorf;10400939;2018;6;11;5;3;0;1;0;1;0;0;0;0;0;0;813031,58;5827677,764;13,61358382;52,5091381
201682;11;1;1033201;Brunnenstra�e                                                                                       ;1300834;2018;6;20;7;3;0;7;0;0;1;0;1;0;0;0;797763,0562;5830729,99;13,39202007;52,54504601
201683;11;9;9020502;Obersch�neweide Ost;9200512;2018;6;13;5;3;0;1;0;1;0;0;0;0;0;0;808115,5965;5821899,213;13,53603787;52,46014941
201684;11;3;3010102;Buch;3100103;2018;6;19;7;3;2;6;0;0;1;0;0;0;0;0;804506,3644;5840922,886;13,50052295;52,63267172
201685;11;6;6020303;Lankwitz Kirche                                                                                     ;6200313;2018;6;19;2;3;3;6;0;0;1;0;0;0;0;0;795286,5661;5818573,961;13,34483377;52,43742384
201686;11;12;12103218;Teichstra�e;12100205;2018;6;18;7;3;2;6;0;0;1;0;0;1;0;0;795262,3942;5833286,301;13,35752561;52,56932203
201687;11;2;2040502;Friedenstra�e;2400521;2018;6;11;5;3;6;4;0;0;1;1;0;0;0;0;801173,9343;5828622,601;13,44025775;52,52428249
201688;11;12;12214422;Klixstra�e                                                                                          ;12200310;2018;6;18;7;3;0;5;0;0;1;0;0;0;1;0;791887,4279;5833474,998;13,3080374;52,57283389
201689;11;1;1011201;Wilhelmstra�e                                                                                       ;1100205;2018;6;8;6;2;0;2;0;1;1;0;0;0;0;0;796964,3005;5827041,735;13,37698147;52,51242088
201690;11;5;5020626;Adamstra�e                                                                                          ;5200630;2018;6;12;4;3;2;6;0;0;1;0;0;0;0;0;784537,8854;5827987,262;13,1951814;52,5275232
201691;11;7;7040404;Marienh�he;7400826;2018;6;17;7;3;0;3;0;0;1;0;1;0;0;0;796704,9788;5820695,831;13,36752304;52,45567698
201692;11;1;1033203;Humboldthain Nordwest                                                                               ;1300836;2018;6;9;4;3;3;6;0;1;0;0;0;1;0;0;796450,5737;5829960,476;13,37203561;52,53886388
201693;11;11;11041023;Gensinger Stra�e;11401033;2018;6;19;2;3;5;7;0;0;1;0;0;0;1;0;806657,5646;5827755,458;13,52003355;52,51345467
201694;11;12;12103117;Letteplatz;12100101;2018;6;16;4;3;6;4;0;0;1;1;0;0;0;0;795798,142;5832709,061;13,36489262;52,5638568
201695;11;4;4030725;Amtsgerichtsplatz;4300416;2018;6;17;7;2;5;3;0;0;1;0;1;0;0;0;791293,3268;5826057,734;13,29279277;52,50665753
201696;11;5;5020521;D�beritzer Weg;5200524;2018;6;17;7;2;0;7;0;0;1;0;0;0;0;0;779605,3987;5827826,168;13,12252851;52,52863108
201697;11;3;3051017;Rennbahnstra�e;3501038;2018;6;9;4;3;5;7;0;0;1;0;0;0;0;0;804465,2629;5832658,158;13,49231944;52,55862333
201698;11;2;2050803;Stralauer Kiez;2500835;2018;6;17;7;3;5;5;0;0;1;0;0;0;0;0;802732,5058;5826127,901;13,46089119;52,50105963
201699;11;7;7030301;Friedenau;7300516;2018;6;14;4;3;0;3;0;0;1;0;0;0;1;0;793999,8277;5821555,169;13,3285838;52,46484243
201700;11;4;4020313;K�nigin-Elisabeth-Stra�e;4200311;2018;6;16;7;3;2;6;0;0;1;0;0;0;0;0;790453,339;5826017,226;13,28041611;52,50674222
201701;11;4;4010102;Pl�tzensee;4100101;2018;6;19;4;3;5;2;0;1;0;0;1;0;0;0;793357,274;5829666,251;13,32629815;52,53790034
201702;11;1;1011304;Karl-Marx-Allee;1100311;2018;6;15;7;3;5;2;0;0;1;0;0;0;0;0;799734,7099;5827562,428;13,41815248;52,51557282
201703;11;7;7040401;Neu-Tempelhof;7400721;2018;6;18;2;3;5;2;0;1;1;0;0;0;0;0;797755,2275;5822532,624;13,38457243;52,47157073
201704;11;4;4051654;Wilhelmsaue;4501150;2018;6;14;7;3;1;5;0;1;0;0;0;0;1;0;793690,9414;5823956,609;13,32616487;52,4865365
201705;11;5;5020625;Borkumer Stra�e                                                                                     ;5200629;2018;6;16;4;3;3;6;0;0;1;0;1;0;0;0;784695,7646;5828533,413;13,19797009;52,53233757
201706;11;1;1011204;Leipziger Stra�e                                                                                    ;1100207;2018;6;14;7;3;5;2;0;0;1;0;1;0;0;0;798697,7014;5827085,119;13,40248744;52,51186332
201707;11;3;3040614;Pankow Zentrum                                                                                      ;3400725;2018;6;16;4;3;2;2;0;0;1;0;1;0;0;0;800048,4075;5835699,473;13,43011484;52,58833489
201708;11;3;3061430;Volkspark Prenzlauer Berg;3601450;2018;6;16;4;3;2;6;0;0;1;0;0;1;0;0;801731,8302;5830072,829;13,44977222;52,53697248
201709;11;1;1022101;Huttenkiez;1200517;2018;6;14;7;3;6;4;0;0;1;1;0;0;0;0;793521,3431;5829265,259;13,32835609;52,53421731
201710;11;8;8030831;Gropiusstadt Ost;8301036;2018;6;16;4;3;6;2;0;0;1;1;0;0;0;0;803879,8488;5818172,27;13,47049788;52,429117
201711;11;4;4030519;Kaiserin-Augusta-Allee;4300518;2018;6;18;2;3;5;2;0;1;1;0;0;0;0;0;792061,5819;5828220,707;13,30597857;52,52563738
201712;11;4;4051551;Brabanter Platz;4501148;2018;6;14;4;3;5;3;0;1;1;0;0;0;0;0;792928,6764;5823070,949;13,31419285;52,47900632
201713;11;2;2010104;Wassertorplatz;2100106;2018;6;14;7;2;5;2;0;0;1;0;0;0;0;0;799063,639;5825597,272;13,40652718;52,49832638
201714;11;2;2050801;Traveplatz;2500831;2018;6;14;4;3;5;3;0;1;1;0;0;0;0;0;802812,6141;5827292,221;13,46312674;52,51145087
201715;11;3;3040614;Pankow Zentrum                                                                                      ;3400725;2018;6;13;7;3;5;3;0;1;1;0;0;0;0;0;799690,392;5835448,036;13,42461859;52,58627855
201716;11;2;2050802;Boxhagener Platz;2500833;2018;6;18;2;3;0;7;0;0;1;0;0;0;0;0;802139,4356;5827143,837;13,45310273;52,51049418
201717;11;8;8010212;Rollberg;8100207;2018;6;12;7;3;0;3;0;1;0;0;0;0;1;0;800712,8657;5823415,378;13,42878018;52,47786311
201718;11;3;3040614;Pankow Zentrum                                                                                      ;3400721;2018;6;13;4;3;0;5;0;1;1;0;0;0;0;0;797809,666;5832987,97;13,39473106;52,5652603
201719;11;7;7050504;Imbrosweg;7501032;2018;6;18;4;2;0;5;0;0;1;0;0;0;1;0;799435,2495;5819332,079;13,4063619;52,44196389
201720;11;11;11030824;Frankfurter Allee S�d;11300826;2018;6;12;7;3;2;2;0;0;1;0;1;0;0;0;804726,3464;5827346,767;13,49128914;52,51087407
201721;11;9;9041403;Allende II;9401433;2018;6;20;4;3;5;3;0;0;1;0;0;0;0;0;812460,2103;5820043,51;13,59804068;52,44105337
201722;11;9;9020701;Adlershof West;9200715;2018;6;9;7;3;5;3;0;0;1;0;0;0;0;0;808293,1462;5818594,729;13,53559384;52,43043424
201723;11;8;8020727;Buckow Mitte;8200832;2018;6;18;4;3;5;2;0;0;1;0;0;0;0;0;801499,5921;5817727,269;13,43519418;52,42644521
201724;11;11;11030720;Herzbergstra�e;11300721;2018;6;13;4;3;0;2;0;0;1;0;0;0;1;0;804594,897;5829941,049;13,491734;52,53419883
201725;11;11;11041128;Sewanstra�e;11401137;2018;6;10;7;3;5;3;0;1;1;0;0;0;0;0;806984,7065;5825775,311;13,52301355;52,49552428
201726;11;10;10040931;Mahlsdorf Nord                                                                                      ;10400938;2018;6;13;4;3;5;3;0;0;1;0;0;1;0;0;814205,008;5830068,156;13,63307459;52,52988334
201727;11;1;1022103;Westhafen;1200517;2018;6;12;4;3;5;2;0;0;1;0;1;0;0;0;793690,3631;5829196,19;13,33077975;52,53350709
201728;11;4;4051653;Prager Platz;4501152;2018;6;10;7;3;0;3;0;0;1;0;1;0;0;0;794211,4459;5824771,377;13,33452764;52,49356022
201729;11;7;7060604;Marienfelde S�d;7601339;2018;6;12;4;3;6;7;0;0;0;1;0;0;1;0;795636,6777;5816072,847;13,34775855;52,41481372
201730;11;12;12214527;Alt-Tegel;12200515;2018;6;11;7;3;2;6;0;0;1;0;1;0;0;0;790245,4453;5835084,415;13,28528621;52,58814031
201731;11;5;5010310;Eckschanze;5100312;2018;6;12;7;3;6;4;0;0;1;1;0;0;0;0;784616,474;5830858,264;13,19879629;52,55322357
201732;11;1;1011201;Wilhelmstra�e                                                                                       ;1100205;2018;6;12;4;3;2;6;0;0;1;0;0;0;0;0;797134,2929;5827317,45;13,37972524;52,51479979
201733;11;1;1011402;Arkonaplatz;1100416;2018;6;13;7;3;5;2;0;1;1;0;0;0;0;0;798676,818;5829457,174;13,40431076;52,5331369
201734;11;5;5030731;Gartenfelder Stra�e                                                                                 ;5300737;2018;6;15;6;3;5;3;0;0;1;0;1;0;0;0;788001,7676;5830197,739;13,24801649;52,54552215
201735;11;1;1011201;Wilhelmstra�e                                                                                       ;1100205;2018;6;12;4;3;0;7;0;0;0;0;1;0;0;0;797038,1547;5826582,044;13,37765631;52,50826003
201736;11;1;1022207;Hansaviertel;1200629;2018;6;9;7;3;5;3;0;0;1;0;0;0;0;0;794393,5961;5827610,474;13,33971347;52,51891281