OBJECTID;LAND;BEZ;LOR;STRASSE;LOR_ab_2021;UJAHR;UMONAT;USTUNDE;UWOCHENTAG;UKATEGORIE;UART;UTYP1;ULICHTVERH;IstRad;IstPKW;IstFuss;IstKrad;IstGkfz;IstSonstig;USTRZUSTAND;LINREFX;LINREFY;XGCSWGS84;YGCSWGS84
202580;11;9;9020801;Spindlersfeld;9200818;2018;6;18;6;3;0;1;0;0;0;0;1;0;0;0;809756,8889;5820718,612;13,55902283;52,44864134
202581;11;7;7050502;Fritz-Werner-Stra�e                                                                                 ;7501133;2018;6;20;2;2;5;2;0;0;1;0;0;0;0;0;798474,3657;5818153,876;13,39121509;52,43192794
202582;11;8;8020619;Buschkrugallee Nord;8200623;2018;7;14;2;3;3;6;0;1;1;0;0;0;0;0;801552,1074;5820644,527;13,43859623;52,45256457
202583;11;1;1011102;Gro�er Tiergarten;1100102;2018;7;18;2;3;0;7;0;1;1;0;0;0;0;0;796256,798;5827557,23;13,36704546;52,51742653
202584;11;1;1022106;Elberfelder Stra�e                                                                                  ;1200522;2018;6;20;2;3;5;7;1;0;1;0;0;0;0;0;793923,039;5828191,772;13,33331216;52,52437764
202585;11;6;6040807;Zehlendorf Eiche                                                                                    ;6400841;2018;6;14;6;3;2;6;0;0;1;0;0;0;0;0;789949,4518;5818795,285;13,26673431;52,44226372
202586;11;4;4030620;Alt-Lietzow;4300619;2018;6;19;2;3;2;3;0;0;1;0;0;0;0;0;792842,0264;5827220,574;13,316569;52,51625291
202587;11;4;4030519;Kaiserin-Augusta-Allee;4300518;2018;7;14;1;3;2;6;0;0;1;0;0;0;0;0;791328,4362;5828721,254;13,29564117;52,53051697
202588;11;1;1011301;Charit�viertel;1100308;2018;7;18;2;3;1;1;0;1;1;0;0;0;0;0;797328,5855;5828996,582;13,38408105;52,52974537
202589;11;5;5020627;Tiefwerder;5200632;2018;6;18;2;3;2;6;0;0;1;0;0;0;0;0;784888,9262;5828528,051;13,20080543;52,53218857
202590;11;12;12103218;Teichstra�e;12100205;2018;7;17;2;3;2;2;0;0;1;0;0;0;0;0;795578,1782;5834581,382;13,36332582;52,58075977
202591;11;2;2020204;Urbanstra�e;2200210;2018;6;14;7;3;5;2;0;1;1;0;0;0;0;0;798049,5557;5824874,447;13,39098631;52,49240191
202592;11;7;7010104;Dennewitzplatz;7100205;2018;7;16;2;3;6;2;0;0;1;1;0;0;0;0;795991,5023;5825142,574;13,3610002;52,49592532
202593;11;1;1044201;Reinickendorfer Stra�e                                                                              ;1401043;2018;6;18;2;3;5;3;0;0;1;0;0;0;0;0;795772,4632;5831026,831;13,36301592;52,54879121
202594;11;12;12214424;Scharnweberstra�e                                                                                   ;12200309;2018;6;15;6;3;5;3;0;0;1;0;1;0;0;0;793350,7571;5832925,47;13,32908211;52,56712097
202595;11;2;2040501;Barnimkiez;2400520;2018;6;18;2;3;5;2;0;1;1;0;0;0;0;0;799909,9241;5828789,395;13,42183309;52,52647427
202596;11;7;7020201;Bayerischer Platz;7200307;2018;7;9;2;3;2;2;0;1;1;0;0;0;0;0;794961,3584;5824332,151;13,34515258;52,48921812
202597;11;3;3071536;Teutoburger Platz;3701554;2018;7;16;2;3;5;2;0;1;1;0;0;0;0;0;799194,2763;5830030,459;13,41243277;52,53799173
202598;11;3;3040512;Wilhelmsruh;3400619;2018;6;17;2;3;5;3;0;1;1;0;0;0;0;0;795929,8509;5835748,962;13,36954357;52,59103471
202599;11;1;1011302;Oranienburger Stra�e                                                                                ;1100309;2018;7;16;2;3;3;6;0;0;1;0;1;0;0;0;798412,6074;5829043,142;13,40005551;52,52957039
202600;11;4;4030623;Ernst-Reuter-Platz;4300622;2018;6;10;6;3;5;3;0;1;1;0;0;0;0;0;793790,6053;5826936,07;13,33025678;52,51319232
202601;11;12;12302109;Treuenbrietzener Stra�e                                                                             ;12601133;2018;7;11;1;2;2;6;0;0;0;0;1;0;0;0;795596,551;5837231,293;13,36596107;52,60450347
202602;11;7;7010102;Nollendorfplatz;7100102;2018;7;16;2;3;0;2;0;0;0;0;0;0;1;0;794947,6152;5825404,404;13,34590005;52,49883758
202603;11;9;9020701;Adlershof West;9200715;2018;6;16;2;3;5;3;0;0;1;0;0;0;0;0;807409,4252;5818302,644;13,52236813;52,42831376
202604;11;1;1011305;Heine-Viertel West;1100312;2018;7;13;2;3;5;3;0;1;1;0;0;0;0;0;798968,0137;5827277,611;13,40663169;52,51344065
202605;11;9;9020502;Obersch�neweide Ost;9200511;2018;7;15;2;3;4;6;0;1;1;0;0;0;0;0;807076,5069;5821847,619;13,52074487;52,46027184
202606;11;6;6040804;Krumme Lanke;6400838;2018;6;16;2;3;0;2;0;1;1;0;0;0;0;0;787724,2415;5818254,783;13,23362145;52,43859314
202607;11;8;8041040;Waltersdorfer Chaussee Ost;8401246;2018;6;13;6;2;6;7;0;0;1;1;0;0;0;0;806837,0148;5816822,056;13,51261786;52,41536544
202608;11;2;2010104;Wassertorplatz;2100106;2018;7;22;1;2;5;3;2;0;1;0;0;0;0;0;798580,4792;5825563,383;13,39940055;52,49828716
202609;11;2;2030402;Wrangelkiez;2300419;2018;7;15;2;3;6;4;0;1;0;1;0;0;0;0;801766,4515;5825804,475;13,44640957;52,49869581
202610;11;8;8020727;Buckow Mitte;8200832;2018;6;16;2;3;1;5;0;0;1;0;0;0;0;0;800711,8133;5816201,854;13,42227226;52,41320565
202611;11;7;7030301;Friedenau;7300517;2018;7;15;2;3;5;7;0;0;1;0;1;0;0;0;794303,3517;5822119,891;13,33353683;52,46974148
202612;11;3;3040512;Wilhelmsruh;3400619;2018;6;11;7;3;2;2;0;0;1;0;0;0;0;0;796951,0429;5835829,009;13,38464577;52,59119568
202613;11;8;8010301;Reuterkiez;8100312;2018;7;14;2;3;1;5;0;1;1;0;0;0;0;0;801275,2668;5824007,708;13,43757126;52,48286237
202614;11;12;12214422;Klixstra�e                                                                                          ;12200310;2018;6;16;2;3;2;6;0;0;1;0;0;0;0;0;792133,3769;5833197,402;13,31141172;52,57021339
202615;11;6;6020410;Oberhofer Platz;6200422;2018;7;14;2;3;3;6;0;1;0;0;0;1;0;0;794165,403;5817494,187;13,32743821;52,42834823
202616;11;3;3020307;Buchholz;3200309;2018;6;7;6;3;5;2;0;1;1;0;0;0;0;0;800097,9831;5837573,702;13,43254291;52,60510652
202617;11;6;6030610;Lichterfelde West                                                                                   ;6300634;2018;6;16;2;3;5;3;0;0;1;0;1;0;0;0;791123,7675;5817817,986;13,28311135;52,43287816
202618;11;7;7030303;Grazer Platz;7300619;2018;7;7;2;3;1;5;0;1;1;0;0;0;0;0;795367,5561;5822150,936;13,34918549;52,46944543
202619;11;3;3040614;Pankow Zentrum                                                                                      ;3400724;2018;7;14;2;3;2;6;0;1;0;0;0;0;0;0;799981,5107;5835110,009;13,42859671;52,5830883
202620;11;4;4051654;Wilhelmsaue;4501150;2018;6;14;2;3;1;6;0;0;1;0;0;0;0;0;793324,4;5823934,681;13,32076298;52,48653698
202621;11;2;2030402;Wrangelkiez;2300419;2018;7;14;2;3;2;6;0;0;1;0;0;0;0;0;801701,1605;5825858,646;13,44549975;52,49921744
202622;11;2;2010103;Moritzplatz;2100104;2018;6;17;5;3;1;5;0;1;1;0;0;0;0;0;799279,2674;5826121,151;13,41016491;52,50290399
202623;11;8;8020622;Parchimer Allee;8200726;2018;6;20;7;2;3;6;1;1;1;0;0;0;0;0;801259,2608;5819805,55;13,43354316;52,445206
202624;11;6;6030503;Zehlendorf Mitte                                                                                    ;6300526;2018;6;13;2;3;5;3;0;1;1;0;0;0;0;0;789348,292;5817268,96;13,25659337;52,42889794
202625;11;9;9010401;Johannisthal West;9100407;2018;6;16;6;3;2;6;0;1;1;0;0;0;0;0;806333,7071;5820980,886;13,5090511;52,4529207
202626;11;5;5010314;Carl-Schurz-Stra�e                                                                                  ;5100316;2018;7;13;4;3;0;2;0;1;1;0;0;0;0;0;784832,9529;5829239,796;13,20059252;52,5385993
202627;11;11;11020412;Hauptstra�e;11200411;2018;7;13;4;3;6;4;0;0;1;1;0;0;0;0;805603,1146;5831232,675;13,5077398;52,54521043
202628;11;1;1033102;Gesundbrunnen;1300733;2018;7;8;7;3;5;7;0;0;1;0;0;0;0;0;797284,3551;5831264,346;13,38546003;52,55009728
202629;11;10;10040932;Alt-Mahlsdorf;10400939;2018;7;11;4;3;0;1;0;1;0;0;0;0;0;0;812932,8701;5827910,823;13,61235322;52,51128318
202630;11;4;4030621;Spreestadt;4300620;2018;7;16;6;3;5;3;0;1;1;0;0;0;0;0;793522,6974;5827321,087;13,3266599;52,51678805
202631;11;2;2040502;Friedenstra�e;2400521;2018;7;13;6;2;3;6;0;1;0;0;0;0;0;0;801247,2711;5827814,494;13,44060359;52,5169988
202632;11;8;8010211;Flughafenstra�e;8100206;2018;7;10;4;3;5;7;0;0;1;0;0;0;0;0;800381,9345;5824125,467;13,4245619;52,48441004
202633;11;1;1011202;Unter den Linden Nord;1100206;2018;7;9;6;3;6;7;0;0;1;0;0;0;1;0;797578,7511;5827691,053;13,38658981;52,51790638
202634;11;4;4010102;Pl�tzensee;4100101;2018;7;10;4;3;5;2;0;0;1;0;0;0;0;0;791665,8682;5830679,36;13,30232024;52,54789053
202635;11;1;1033201;Brunnenstra�e                                                                                       ;1300834;2018;7;11;6;3;2;2;0;1;1;0;0;0;0;0;798082,606;5829987,349;13,39605205;52,5382145
202636;11;2;2020203;Viktoriapark;2200208;2018;7;9;4;3;1;5;0;1;1;0;0;0;0;0;797354,094;5824863,246;13,38076306;52,4926808
202637;11;2;2010104;Wassertorplatz;2100106;2018;7;2;6;3;5;3;2;0;1;0;0;0;0;0;799578,1164;5825656,975;13,41413699;52,49857936
202638;11;5;5010339;Freiheit;5100317;2018;7;7;6;3;1;5;0;1;1;0;0;0;0;0;787081,8016;5828217,981;13,23277698;52,52825803
202639;11;1;1022205;Zillesiedlung;1200627;2018;7;8;4;3;5;3;0;0;1;0;1;0;0;0;796015,2631;5828579,523;13,36440612;52,52672159
202640;11;2;2040502;Friedenstra�e;2400521;2018;7;2;6;3;5;2;2;0;1;0;0;0;0;0;800460,9747;5828462,451;13,42963596;52,52324037
202641;11;4;4010101;Jungfernheide;4100101;2018;7;15;6;3;2;6;0;0;1;0;0;0;0;0;790386,697;5829031,703;13,28206864;52,53380266
202642;11;8;8020625;Handwerker-Siedlung;8200730;2018;7;8;4;3;1;7;0;0;1;0;0;0;1;0;801452,5299;5818594,568;13,43528595;52,43424505
202643;11;1;1011105;N�rdlicher Landwehrkanal                                                                            ;1100102;2018;7;0;6;3;0;7;2;1;0;0;0;0;0;0;795325,1369;5826632,31;13,35253436;52,50964066
202644;11;11;11020514;Gro�e-Leege-Stra�e;11200513;2018;7;16;4;3;0;1;0;0;0;0;1;0;0;0;804470,712;5830932,358;13,49081712;52,54315283
202645;11;9;9020701;Adlershof West;9200715;2018;7;22;6;3;5;3;2;1;1;0;0;0;0;0;807405,1348;5818330,199;13,52233056;52,42856313
202646;11;4;4051445;Eisenzahnstra�e;4500939;2018;7;17;6;3;5;2;0;0;1;0;0;0;0;0;792405,5826;5824099,591;13,30741481;52,48850823
202647;11;2;2020204;Urbanstra�e;2200210;2018;7;23;4;3;5;2;2;1;1;0;0;0;0;1;798310,2325;5825310,718;13,39520508;52,49617013
202648;11;7;7040401;Neu-Tempelhof;7400720;2018;7;20;6;3;4;6;1;1;1;0;0;0;0;0;796946,1483;5823100,761;13,37320194;52,47710394
202649;11;4;4030931;Breitscheidplatz;4501042;2018;7;6;4;3;3;6;0;0;1;0;0;0;1;0;794000,2916;5825937,997;13,33245625;52,50413215
202650;11;1;1011402;Arkonaplatz;1100416;2018;7;20;6;3;1;5;0;1;1;0;0;0;0;0;798790,5853;5829136,374;13,40569464;52,53019904
202651;11;11;11051229;Rummelsburg;11501238;2018;7;22;4;3;5;3;2;1;1;0;0;0;0;1;803700,1944;5826249,349;13,47521406;52,50161046
202652;11;11;11020515;Landsberger Allee;11200514;2018;7;19;6;3;5;3;0;1;1;0;0;0;0;0;804890,9329;5830549,28;13,49664293;52,53948456
202653;11;9;9010101;Elsenstra�e                                                                                         ;9100101;2018;7;19;6;3;5;3;1;0;1;0;1;0;0;0;801669,0784;5825156,381;13,44439261;52,49294068
202654;11;8;8010404;Rixdorf;8100415;2018;7;6;4;3;5;3;0;0;1;0;0;0;0;0;801998,273;5823294,051;13,44753947;52,47606639
202655;11;8;8010301;Reuterkiez;8100311;2018;7;19;6;2;1;5;0;1;1;0;0;0;0;0;800488,9677;5824462,28;13,426437;52,48737013
202656;11;7;7030301;Friedenau;7300517;2018;7;19;6;3;5;2;0;1;1;0;0;0;0;0;793941,2863;5822513,844;13,32856918;52,47346803
202657;11;11;11030720;Herzbergstra�e;11300721;2018;7;5;4;3;0;1;0;0;0;0;1;0;0;1;804702,1544;5829940,591;13,49330997;52,53413478
202658;11;2;2010102;Mehringplatz;2100103;2018;7;19;6;3;5;3;0;1;0;0;0;0;0;0;798480,5099;5825553,352;13,39792329;52,49825194
202659;11;10;10010308;Marzahner Chaussee;10100311;2018;7;5;4;3;0;1;0;0;0;0;1;0;0;1;806554,6878;5828790,423;13,51947594;52,52278805
202660;11;2;2010103;Moritzplatz;2100105;2018;7;0;4;3;5;3;2;1;1;0;0;0;0;1;799593,7557;5825829,699;13,41452205;52,50011898
202661;11;6;6010205;S�dende;6100205;2018;7;18;6;3;0;2;0;0;1;0;1;0;0;0;794789,0075;5820062,992;13,33884925;52,45104065
202662;11;7;7070701;Kettinger Stra�e/Schillerstra�e                                                                     ;7601442;2018;7;0;4;3;5;2;2;0;1;0;0;0;0;1;799277,2075;5816259,099;13,40129384;52,41450498
202663;11;12;12214424;Scharnweberstra�e                                                                                   ;12200309;2018;7;20;4;3;5;3;1;1;1;0;0;0;0;0;793230,906;5832405,52;13,32685935;52,56252447
202664;11;6;6030609;Augustaplatz;6300633;2018;7;16;6;3;2;6;0;1;0;0;0;0;1;0;793212,1001;5819784,832;13,31546705;52,44939511
202665;11;11;11020513;Orankesee;11200512;2018;7;17;6;3;4;5;0;1;1;0;0;0;0;0;804179,7657;5831035,572;13,4866346;52,5442404
202666;11;4;4051445;Eisenzahnstra�e;4500939;2018;7;17;4;3;5;3;0;0;1;0;1;0;0;1;792203,8583;5824083,219;13,30443797;52,48846947
202667;11;1;1044203;Leopoldplatz;1401049;2018;7;16;6;3;1;1;0;1;1;0;0;0;0;0;796050,9274;5831991,812;13,36797115;52,55729002
202668;11;9;9041402;Siedlung K�mmereiheide;9401432;2018;7;17;4;3;5;3;0;0;1;0;0;0;1;0;812116,7894;5820612,04;13,59353569;52,44634428
202669;11;3;3050923;Wei�enseer Spitze;3500934;2018;7;16;4;3;5;2;0;1;1;0;0;0;0;0;800324,457;5831637,07;13,43049892;52,55177053
202670;11;9;9010401;Johannisthal West;9100407;2018;7;16;6;3;3;2;0;1;1;0;0;0;0;0;806313,8026;5820945,838;13,50872696;52,45261774
202671;11;4;4041344;R�desheimer Platz;4400835;2018;7;16;4;3;5;3;0;0;1;0;0;0;0;1;793379,7;5821960,236;13,31983797;52,46880704
202672;11;1;1011102;Gro�er Tiergarten;1100102;2018;7;16;4;3;2;6;0;0;1;0;1;0;0;1;795349,3942;5827382,782;13,35355681;52,51635492
202673;11;7;7030303;Grazer Platz;7300619;2018;7;16;6;3;5;3;0;1;1;0;0;0;0;0;794950,2407;5821594,482;13,34256797;52,46468262
202674;11;7;7060604;Marienfelde S�d;7601340;2018;7;16;4;3;2;2;0;0;1;0;0;0;0;1;796571,3927;5815881,744;13,36129239;52,41259499
202675;11;3;3040614;Pankow Zentrum                                                                                      ;3400723;2018;7;15;6;3;5;2;0;0;1;0;1;0;0;0;799086,803;5833833,497;13,4142793;52,57213901
202676;11;1;1011204;Leipziger Stra�e                                                                                    ;1100207;2018;7;16;4;3;1;5;0;1;1;0;0;0;1;1;797849,2641;5826895,302;13,38985244;52,51062578
202677;11;1;1022206;L�neburger Stra�e                                                                                   ;1200628;2018;7;15;6;3;3;6;0;1;1;0;0;0;0;0;795796,7677;5828244,914;13,36089716;52,52384071
202678;11;2;2040701;Andreasviertel;2400623;2018;7;16;4;3;6;2;0;0;1;1;0;0;0;0;800671,9687;5827566,381;13,4319266;52,51509237
202679;11;11;11020513;Orankesee;11200512;2018;7;15;6;3;6;2;0;0;1;1;0;0;0;0;802920,3434;5831214,572;13,46828296;52,54654639
202680;11;5;5010314;Carl-Schurz-Stra�e                                                                                  ;5100316;2018;7;16;4;3;5;3;0;0;1;0;1;0;0;1;784959,5825;5828843,251;13,20211449;52,53497769
202681;11;3;3061126;Arnimplatz;3601140;2018;7;15;6;3;5;3;0;1;0;0;1;0;0;0;798418,2035;5831795,341;13,40260995;52,55423691
202682;11;11;11040926;Weitlingstra�e;11400931;2018;7;16;4;3;5;2;0;0;1;0;0;0;0;0;805771,3675;5827175,273;13,50648224;52,50875234
202683;11;4;4041239;Stadion Wilmersdorf;4400830;2018;7;16;4;3;2;7;0;1;1;0;0;0;0;1;791672,7785;5823354,393;13,29600081;52,48221961
202684;11;12;12214424;Scharnweberstra�e                                                                                   ;12200309;2018;7;15;6;3;2;6;0;0;1;0;0;0;0;0;792448,7726;5832867,843;13,31576152;52,56708968
202685;11;4;4030725;Amtsgerichtsplatz;4300416;2018;7;22;4;2;6;4;2;0;1;1;0;0;0;1;791912,3525;5826231,463;13,30203979;52,50788411
202686;11;5;5010207;Darbystra�e                                                                                         ;5100209;2018;7;19;4;2;2;6;0;0;1;0;0;0;0;0;783457,5887;5830237,515;13,18121951;52,54826222
202687;11;7;7060603;Marienfelde Nordost;7601238;2018;7;14;6;3;2;2;0;0;1;0;0;0;0;0;797652,1203;5817291,581;13,37838902;52,42464631
202688;11;3;3040818;Pankow S�d                                                                                          ;3400827;2018;7;18;4;3;1;5;0;1;1;0;0;0;0;1;799253,3904;5832478,467;13,41550776;52,5599018
202689;11;9;9020502;Obersch�neweide Ost;9200511;2018;7;14;6;2;6;4;0;1;0;1;0;0;0;0;807365,5509;5821745,24;13,52489148;52,45919182
202690;11;3;3071536;Teutoburger Platz;3701554;2018;7;12;6;3;2;6;0;1;1;0;0;0;0;0;799068,0796;5829525,729;13,41012345;52,53353685
202691;11;9;9020802;K�llnische Vorstadt                                                                                 ;9200819;2018;7;22;4;3;8;1;2;0;0;0;1;0;0;0;810055,0136;5819442,677;13,56221172;52,43703774
202692;11;2;2030402;Wrangelkiez;2300419;2018;7;12;6;3;1;5;0;1;0;0;0;1;0;0;801848,9327;5825735,37;13,44755829;52,4980308
202693;11;11;11040925;Victoriastadt;11400927;2018;7;7;3;3;5;3;0;1;1;0;0;0;0;0;803486,6539;5826528,46;13,47233221;52,50423087
202694;11;1;1022206;L�neburger Stra�e                                                                                   ;1200628;2018;7;18;3;3;5;2;0;1;1;0;0;0;0;0;795703,6173;5828178,103;13,35946877;52,52329234
202695;11;3;3061429;Greifswalder Stra�e;3601449;2018;7;12;6;3;5;3;0;1;1;0;0;0;0;0;802023,0738;5830445,154;13,45439163;52,54014829
202696;11;1;1011303;Alexanderplatzviertel;1100310;2018;7;23;3;3;5;2;2;1;0;0;0;0;1;1;799761,2637;5828637,936;13,41951182;52,52519844
202697;11;6;6010102;Schlo�stra�e                                                                                        ;6100102;2018;7;19;6;3;0;6;0;0;1;0;0;0;1;0;793608,0487;5820611,84;13,3220037;52,45659647
202698;11;4;4030623;Ernst-Reuter-Platz;4300622;2018;7;15;3;3;5;2;0;1;1;0;0;0;0;0;793586,03;5826420,756;13,32679626;52,50868293
202699;11;1;1022205;Zillesiedlung;1200627;2018;7;18;6;3;5;3;0;0;1;0;0;0;0;0;795485,056;5828418,882;13,35647065;52,52556921
202700;11;5;5020417;Staakener Stra�e                                                                                    ;5200420;2018;7;19;6;3;2;6;0;0;1;0;0;0;0;0;783554,3108;5828659,324;13,18129505;52,53406155
202701;11;2;2010101;Askanischer Platz;2100101;2018;7;14;3;2;5;2;0;1;0;0;0;1;0;0;797034,4751;5825879,369;13,37697535;52,5019633
202702;11;11;11051229;Rummelsburg;11501238;2018;7;19;6;3;2;6;0;0;1;0;0;0;0;0;805100,0494;5824958,122;13,49459045;52,48925695
202703;11;2;2030302;Lausitzer Platz;2300316;2018;7;19;6;3;1;5;0;1;1;0;0;0;1;0;801495,4046;5826064,002;13,44266379;52,50117179
202704;11;8;8010212;Rollberg;8100207;2018;7;11;3;3;5;5;0;0;1;0;0;0;0;0;801030,7729;5823503,424;13,43352646;52,47847716
202705;11;9;9020502;Obersch�neweide Ost;9200511;2018;7;21;6;3;1;5;0;0;1;0;0;0;0;0;807461,297;5821875,67;13,52641635;52,4603069
202706;11;6;6020411;Sch�tte-Lanz-Stra�e                                                                                 ;6200423;2018;7;11;3;3;5;2;0;1;1;0;0;0;0;0;793713,5802;5815759,736;13,31928943;52,41304206
202707;11;12;12302110;Dannenwalder Weg;12601235;2018;7;11;5;3;5;2;0;0;1;0;0;0;0;0;795279,246;5836365,42;13,36051697;52,59691423
202708;11;2;2010101;Askanischer Platz;2100101;2018;7;10;3;3;1;5;0;0;0;0;1;0;1;0;797472,0706;5826085,851;13,38358755;52,5035758
202709;11;2;2050801;Traveplatz;2500832;2018;7;0;5;3;2;6;2;1;0;0;1;0;0;0;803634,5675;5827371,944;13,47527407;52,51170852
202710;11;12;12214424;Scharnweberstra�e                                                                                   ;12200411;2018;7;9;5;3;3;6;0;0;1;0;0;0;1;0;793002,3236;5832181,827;13,32329935;52,56064224
202711;11;3;3071633;Th�lmannpark;3701657;2018;7;9;3;3;5;3;0;1;1;0;0;0;0;0;800113,8716;5830737,388;13,42658935;52,5438225
202712;11;11;11020411;Malchower Weg;11200410;2018;7;14;5;3;5;7;0;0;1;0;1;0;0;0;805045,0153;5832935,46;13,50109977;52,56078417
202713;11;1;1011102;Gro�er Tiergarten;1100102;2018;7;11;5;3;2;6;0;0;1;0;0;0;0;0;795052,64;5827184,91;13,34902078;52,51474177
202714;11;6;6040809;Thielallee;6400843;2018;7;9;3;3;1;7;0;0;1;0;0;0;1;0;791515,9086;5820648,843;13,29133318;52,45804813
202715;11;1;1011302;Oranienburger Stra�e                                                                                ;1100309;2018;7;11;5;3;6;4;0;0;1;1;0;0;0;0;798690,476;5828343,569;13,40351111;52,52314753
202716;11;1;1044202;Sparrplatz;1401046;2018;7;10;5;3;2;6;0;0;1;0;0;0;0;0;795236,5951;5830444,409;13,3546183;52,54386099
202717;11;5;5010310;Eckschanze;5100312;2018;7;8;3;3;2;6;0;0;0;0;1;0;1;0;784749,0028;5830491,935;13,20043152;52,54986981
202718;11;10;10010308;Marzahner Chaussee;10100311;2018;7;9;5;2;5;3;0;1;1;0;0;0;0;0;807517,9851;5828997,42;13,5338208;52,52410076
202719;11;2;2010104;Wassertorplatz;2100106;2018;7;8;3;3;2;2;0;0;1;0;0;0;1;0;799966,8133;5825447,04;13,41965668;52,49648411
202720;11;11;11010308;Zingster Stra�e Ost;11100307;2018;7;19;1;3;1;5;0;1;1;0;0;0;0;0;805040,5682;5833872,389;13,50189579;52,56918373
202721;11;4;4010101;Jungfernheide;4100101;2018;7;8;3;3;5;2;0;0;1;0;0;0;0;0;791284,7777;5830682,715;13,29671897;52,54812451
202722;11;2;2050804;Stralauer Halbinsel;2500836;2018;7;9;5;3;5;7;0;1;1;0;0;0;0;0;803230,5077;5825631,095;13,46775294;52,49633034
202723;11;7;7010102;Nollendorfplatz;7100103;2018;7;21;1;2;9;1;0;0;1;0;0;0;0;0;795788,4866;5825415,126;13,35826049;52,49847859
202724;11;4;4030620;Alt-Lietzow;4300619;2018;7;9;5;3;5;2;0;1;1;0;0;0;0;0;792764,3411;5827047,279;13,31527494;52,51474109
202725;11;8;8010117;Schillerpromenade;8100102;2018;7;3;1;3;0;7;2;1;0;0;0;0;0;0;800573,2591;5823261,144;13,42659177;52,4765575
202726;11;2;2050802;Boxhagener Platz;2500833;2018;7;8;3;3;5;2;0;1;1;0;0;0;0;0;802074,846;5827362,473;13,45235233;52,51248959
202727;11;1;1011305;Heine-Viertel West;1100312;2018;7;8;5;3;1;7;0;1;1;0;0;0;0;0;798889,0064;5827153,791;13,40535969;52,51237408
202728;11;9;9051901;Dammvorstadt;9501939;2018;7;8;3;3;2;6;0;0;1;0;0;0;1;0;810570,1849;5821094,195;13,57130086;52,45154582
202729;11;12;12103117;Letteplatz;12100101;2018;7;14;1;3;5;3;0;0;1;0;0;0;1;0;796636,5172;5832414,281;13,37696123;52,56075832
202730;11;9;9020502;Obersch�neweide Ost;9200511;2018;7;14;7;3;0;2;0;1;1;0;0;0;0;0;806810,1202;5821999,212;13,51697572;52,46178008
202731;11;8;8010508;Wei�e Siedlung;8100520;2018;7;5;3;3;2;6;0;0;1;0;0;1;0;0;803193,4126;5822725,639;13,46456575;52,47030964
202732;11;3;3020307;Buchholz;3200309;2018;7;6;5;3;5;3;0;1;1;0;0;0;0;0;800456,0984;5836188,59;13,43655827;52,59249387
202733;11;7;7030302;Cecilieng�rten;7300618;2018;7;5;3;3;1;5;0;0;1;0;1;0;0;0;794456,5311;5821912,537;13,33560234;52,46780012
202734;11;1;1011302;Oranienburger Stra�e                                                                                ;1100309;2018;7;12;7;2;6;4;0;0;1;1;0;0;0;0;798580,3905;5829084,9;13,40255902;52,52985282
202735;11;4;4020204;Olympiagel�nde;4200203;2018;7;22;7;3;5;3;2;1;1;0;0;0;0;0;788308,4722;5826875,263;13,2496453;52,51557264
202736;11;4;4030623;Ernst-Reuter-Platz;4300622;2018;7;15;3;3;2;7;0;0;0;0;0;1;1;0;793883,9911;5826225,487;13,33100152;52,506772
202737;11;1;1022104;Emdener Stra�e                                                                                      ;1200520;2018;7;14;5;2;5;3;0;1;1;0;0;0;0;0;794571,7758;5828742,071;13,34333418;52,52896058
202738;11;4;4030827;Karl-August-Platz;4300623;2018;7;11;3;2;5;3;0;1;1;0;0;0;0;0;792401,1875;5826525,273;13,30947995;52,51025626
202739;11;2;2030301;Oranienplatz;2300314;2018;7;20;7;3;5;7;1;1;1;0;0;0;0;0;800108,2802;5825756,261;13,4220129;52,49917802
202740;11;4;4030623;Ernst-Reuter-Platz;4300622;2018;7;13;3;2;5;2;0;0;1;0;0;0;0;0;793524,7535;5826483,877;13,32595165;52,50928175
202741;11;5;5030731;Gartenfelder Stra�e                                                                                 ;5300737;2018;7;7;5;2;4;6;0;0;1;0;0;0;1;0;787352,1698;5829817,659;13,23813466;52,54245756
202742;11;8;8020619;Buschkrugallee Nord;8200623;2018;7;9;3;2;6;3;0;0;1;1;0;0;0;0;802618,4121;5820749,228;13,45433481;52,45291376
202743;11;2;2020204;Urbanstra�e;2200210;2018;7;19;7;3;1;5;0;1;1;0;0;0;0;0;798294,6641;5824841,344;13,39455617;52,49197129
202744;11;10;10010206;Ringkolonnaden;10100209;2018;7;14;5;3;2;6;0;0;1;0;0;0;0;0;809971,1309;5832033,896;13,57269571;52,54992317
202745;11;8;8010407;Gewerbegebiet Ederstra�e;8100418;2018;7;18;7;3;5;2;0;0;1;0;1;0;0;0;802417,0755;5823728,098;13,45408058;52,47972505
202746;11;8;8010404;Rixdorf;8100417;2018;7;9;3;2;4;1;0;0;1;0;0;1;1;0;802562,4754;5823094,944;13,45564061;52,47396954
202747;11;4;4020313;K�nigin-Elisabeth-Stra�e;4200311;2018;7;9;5;3;0;3;0;0;1;0;0;0;1;0;790296,124;5826006,991;13,27809732;52,50673415
202748;11;3;3061434;Anton-Saefkow-Park;3601451;2018;7;12;3;3;5;3;0;1;1;0;0;0;0;0;801462,4578;5829791,211;13,44555722;52,53459739
202749;11;10;10010309;Springpfuhl;10100312;2018;7;18;7;3;5;2;0;1;1;0;0;0;0;0;807940,7434;5829230,257;13,54024799;52,52594884
202750;11;6;6020305;Gemeindepark Lankwitz;6200316;2018;7;16;7;3;5;2;0;0;1;0;0;0;0;0;796009,7433;5817694,838;13,3546629;52,42915219
202751;11;4;4020314;Messegel�nde;4200311;2018;7;8;3;2;3;6;0;0;1;0;1;0;0;0;790113,3898;5825346,283;13,27483681;52,500908
202752;11;6;6040701;Wannsee;6400735;2018;7;0;5;3;8;1;2;0;1;0;0;0;0;0;784612,8593;5816630,231;13,18659061;52,4256551