OBJECTID;LAND;BEZ;LOR;STRASSE;LOR_ab_2021;UJAHR;UMONAT;USTUNDE;UWOCHENTAG;UKATEGORIE;UART;UTYP1;ULICHTVERH;IstRad;IstPKW;IstFuss;IstKrad;IstGkfz;IstSonstig;USTRZUSTAND;LINREFX;LINREFY;XGCSWGS84;YGCSWGS84
202927;11;7;7050506;Birnhornweg;7501135;2018;7;9;1;3;5;2;0;0;1;0;0;0;0;0;798865,0993;5817219,676;13,3961105;52,42334061
202928;11;7;7040401;Neu-Tempelhof;7400721;2018;7;15;4;3;0;2;0;0;1;0;1;0;0;1;797826,501;5822576,75;13,38565802;52,47192742
202929;11;9;9010301;Baumschulenstra�e;9100305;2018;7;8;1;3;5;2;0;0;1;0;1;0;0;0;805017,4516;5822704,78;13,49131656;52,46910735
202930;11;3;3061430;Volkspark Prenzlauer Berg;3601450;2018;7;15;5;2;5;2;0;1;1;0;0;0;0;1;801966,278;5829731,856;13,45290858;52,5337865
202931;11;12;12304314;Ziekowstra�e/Freie Scholle;12500824;2018;7;15;5;3;2;2;0;1;1;0;0;0;0;1;790667,3776;5835480,804;13,29184458;52,59146857
202932;11;1;1022103;Westhafen;1401046;2018;7;4;1;3;8;1;2;0;1;1;0;0;0;0;794607,2386;5829863,316;13,34484929;52,53899258
202933;11;7;7010104;Dennewitzplatz;7100205;2018;7;22;4;3;0;1;2;1;0;0;0;0;0;0;796216,8806;5825331,269;13,36447815;52,49749453
202934;11;2;2020206;Graefekiez;2200213;2018;7;1;1;3;1;5;2;1;1;0;0;0;0;0;799952,5144;5824756,392;13,4188249;52,49030138
202935;11;4;4031032;Halensee;4500937;2018;7;14;5;3;0;1;0;0;1;0;1;0;0;1;791903,9314;5825216,917;13,30102663;52,49879338
202936;11;2;2050602;Samariterviertel;2500728;2018;7;18;7;3;5;2;0;1;1;0;0;0;0;0;803084,9583;5827631,234;13,4674363;52,51433814
202937;11;1;1033101;Soldiner Stra�e                                                                                     ;1300732;2018;7;13;4;3;5;2;0;1;1;0;0;0;0;0;797337,4683;5832358,795;13,38722134;52,55987865
202938;11;3;11030618;Fennpfuhl West;11300617;2018;7;23;7;3;6;4;2;0;1;1;0;0;0;0;802621,8025;5829321,262;13,46216958;52,52974284
202939;11;8;8041037;Alt-Rudow;8401243;2018;7;12;4;3;0;5;0;0;1;0;0;0;0;0;805657,4921;5817024,614;13,49551381;52,4178408
202940;11;5;5040934;Alt-Gatow;5400942;2018;7;14;5;3;2;6;0;0;1;0;0;0;0;1;783708,4422;5824587,151;13,18008884;52,49746937
202941;11;9;9020701;Adlershof West;9200715;2018;7;13;4;3;5;2;0;0;1;0;0;0;0;0;807713,4199;5818120,829;13,52665785;52,42651341
202942;11;2;2020204;Urbanstra�e;2200210;2018;7;13;5;3;0;6;0;0;0;0;1;0;1;1;798296,5997;5825345,181;13,39503572;52,49648649
202943;11;1;1011301;Charit�viertel;1100308;2018;7;23;7;3;2;6;2;0;1;0;1;0;0;0;797614,9977;5828331,773;13,38769569;52,52362988
202944;11;4;4010101;Jungfernheide;4100101;2018;7;12;4;3;0;6;0;0;0;0;1;0;1;0;790407,0426;5829024,748;13,28236167;52,53372947
202945;11;1;1011301;Charit�viertel;1100308;2018;7;21;7;3;0;1;1;1;0;0;0;0;0;0;796679,5459;5829749,14;13,3752131;52,53684486
202946;11;9;9020702;Adlershof Ost;9200716;2018;7;12;5;3;5;7;0;0;1;0;0;0;0;1;809381,1857;5819004,346;13,55192527;52,43349101
202947;11;12;12214424;Scharnweberstra�e                                                                                   ;12200309;2018;7;12;5;3;5;2;0;0;1;0;0;0;0;1;793277,7366;5832576,995;13,3276998;52,56403643
202948;11;4;4030623;Ernst-Reuter-Platz;4300622;2018;7;12;4;3;5;2;0;1;0;0;0;1;0;0;793794,2019;5826919,805;13,33029527;52,51304457
202949;11;2;2010102;Mehringplatz;2100102;2018;7;12;5;3;5;2;0;0;1;0;0;0;0;1;798370,05;5826337,726;13,39700373;52,50534324
202950;11;3;3061429;Greifswalder Stra�e;3601449;2018;7;19;7;3;0;1;0;0;1;0;1;0;0;0;801146,9875;5830398,079;13,44147025;52,54021122
202951;11;2;2010101;Askanischer Platz;2100101;2018;7;11;4;3;5;2;0;1;1;0;0;0;0;0;797858,107;5825635,107;13,38885494;52,49932482
202952;11;1;1033201;Brunnenstra�e                                                                                       ;1300834;2018;7;20;7;3;5;3;0;1;1;0;0;0;0;0;798508,1782;5830232,657;13,40252854;52,54018039
202953;11;4;4030725;Amtsgerichtsplatz;4300416;2018;7;11;5;3;0;2;0;0;1;0;0;0;1;1;791938,6815;5826105,342;13,30231602;52,50673937
202954;11;1;1011301;Charit�viertel;1100308;2018;7;11;5;3;2;6;0;0;1;0;0;0;0;1;797024,0546;5828929,776;13,37954535;52,52931254
202955;11;12;12214125;Waldidyll/Flughafensee;12200414;2018;7;18;7;3;5;2;0;1;1;0;0;0;0;0;791906,2974;5831504,651;13,30658148;52,55516024
202956;11;8;8041035;Blumenviertel;8401241;2018;7;10;4;3;1;5;0;0;1;0;1;0;0;0;804076,0223;5819164,445;13,47427665;52,43790076
202957;11;1;1011105;N�rdlicher Landwehrkanal                                                                            ;1100102;2018;7;18;7;3;5;2;0;0;1;0;0;0;0;0;796582,024;5826874,367;13,37121575;52,51112858
202958;11;11;11010310;M�hlengrund;11100309;2018;7;10;4;3;5;2;0;1;1;0;0;0;0;0;805419,3122;5833322,524;13,50696041;52,56404334
202959;11;4;4031032;Halensee;4500938;2018;7;11;5;3;5;2;0;1;1;0;0;0;0;1;792069,2581;5824913,334;13,30318895;52,49598335
202960;11;1;1011302;Oranienburger Stra�e                                                                                ;1100309;2018;7;10;4;3;1;5;0;1;1;0;0;0;0;0;797880,8354;5828338,31;13,39160824;52,52354331
202961;11;9;9052001;K�penick Nord                                                                                       ;9502043;2018;7;18;7;3;5;2;0;1;1;0;0;0;0;0;811252,0203;5822281,31;13,5824086;52,46179639
202962;11;1;1022101;Huttenkiez;1200517;2018;7;10;4;3;5;2;0;1;1;0;0;0;0;0;793291,94;5829029,876;13,32477602;52,53223071
202963;11;2;2020204;Urbanstra�e;2200210;2018;7;10;4;3;5;2;0;1;1;0;0;0;0;0;798005,5156;5825273,365;13,39069639;52,49600177
202964;11;2;2010102;Mehringplatz;2100102;2018;7;9;5;3;1;5;0;1;0;0;0;0;1;1;797999,792;5825967,404;13,39123332;52,5022261
202965;11;9;9051701;Hirschgarten;9501736;2018;7;18;7;2;3;6;0;1;1;0;0;0;0;0;812694,0189;5821273,356;13,60262028;52,45194072
202966;11;4;4030929;Hindemithplatz;4501040;2018;7;9;4;3;0;7;0;1;1;0;0;0;0;0;792427,923;5825775,944;13,30921453;52,50352439
202967;11;2;2040502;Friedenstra�e;2400521;2018;7;17;7;3;5;3;0;1;0;0;1;0;0;0;801248,424;5827823,23;13,44062844;52,51707646
202968;11;1;1011204;Leipziger Stra�e                                                                                    ;1100207;2018;7;8;5;3;5;2;0;1;1;0;0;0;0;1;798490,6881;5826659,538;13,3990644;52,50816187
202969;11;2;2040503;Richard-Sorge-Viertel;2400522;2018;7;8;5;3;2;6;0;0;1;0;0;1;0;1;801337,2051;5828711,715;13,44273776;52,52499102
202970;11;5;5010207;Darbystra�e                                                                                         ;5100209;2018;7;17;7;3;5;3;0;1;1;0;0;0;0;0;783279,8923;5830688,639;13,17899082;52,55239952
202971;11;12;12214422;Klixstra�e                                                                                          ;12200310;2018;7;8;4;3;5;3;0;1;1;0;0;0;0;0;792095,6933;5832969,645;13,3106567;52,56819186
202972;11;7;7010102;Nollendorfplatz;7100102;2018;7;8;5;3;5;3;0;0;1;0;0;0;0;1;795491,3969;5825559,416;13,35402482;52,49993297
202973;11;1;1011203;Unter den Linden S�d;1100206;2018;7;8;4;3;1;5;0;1;1;0;0;0;0;0;797651,1645;5827031,727;13,38706406;52,5119568
202974;11;7;7040401;Neu-Tempelhof;7400721;2018;7;8;4;3;5;2;0;1;1;0;0;0;0;0;798735,9318;5823947,705;13,40023521;52,48371968
202975;11;11;11020514;Gro�e-Leege-Stra�e;11200513;2018;7;16;7;3;5;3;0;0;1;0;0;0;0;0;804670,5178;5830738,32;13,49357638;52,54130209
202976;11;4;4030827;Karl-August-Platz;4300623;2018;7;7;4;3;2;6;0;0;1;0;0;0;0;0;792390,0561;5826105,456;13,30894763;52,50649867
202977;11;1;1033101;Soldiner Stra�e                                                                                     ;1300730;2018;7;8;5;3;3;6;0;0;1;0;0;0;1;1;796664,6572;5831986,956;13,37699316;52,5569125
202978;11;2;2040701;Andreasviertel;2400623;2018;7;7;4;3;5;2;0;1;1;0;0;0;0;0;800310,3304;5827625,699;13,42666686;52,51582329
202979;11;1;1033201;Brunnenstra�e                                                                                       ;1300834;2018;7;14;5;3;0;1;0;0;0;0;1;0;0;1;798289,7406;5830105,525;13,39920312;52,53916045
202980;11;2;2030302;Lausitzer Platz;2300315;2018;7;15;7;3;5;3;0;0;1;0;0;0;0;0;800497,9617;5825998,891;13,42795505;52,50113836
202981;11;3;3030711;Blankenburg;3300514;2018;7;7;4;3;5;3;0;1;1;0;0;0;0;0;801570,3087;5837855,683;13,45447525;52,60681918
202982;11;6;6010209;Feuerbachstra�e                                                                                     ;6100209;2018;7;14;5;2;0;7;0;0;1;0;0;0;0;0;794054,3542;5821159,64;13,32903563;52,46126733
202983;11;8;8041039;Frauenviertel;8401245;2018;7;13;4;3;0;2;0;0;1;0;0;0;1;0;806776,2681;5815610,892;13,51061774;52,40454449
202984;11;9;9051702;B�lschestra�e;9501737;2018;7;6;5;2;4;1;1;0;1;0;0;0;0;1;813919,4;5820704,059;13,62005844;52,44613698
202985;11;3;3071536;Teutoburger Platz;3701554;2018;7;15;7;2;0;1;0;1;0;0;0;0;0;0;799108,2738;5829219,574;13,41043877;52,53077058
202986;11;3;3061430;Volkspark Prenzlauer Berg;3601450;2018;7;12;4;3;2;6;0;0;1;0;0;0;0;0;802342,5412;5829201,868;13,45795684;52,52882768
202987;11;5;5010339;Freiheit;5100317;2018;7;14;7;3;1;1;0;1;1;0;0;0;1;0;786366,2098;5828455,357;13,22246184;52,53076267
202988;11;2;2020203;Viktoriapark;2200209;2018;7;6;5;2;5;3;1;1;1;0;0;0;0;1;797757,507;5824596,935;13,38644945;52,49007372
202989;11;5;5030731;Gartenfelder Stra�e                                                                                 ;5300737;2018;7;14;7;3;1;5;0;0;1;0;0;0;0;0;787158,4057;5829720,977;13,23520177;52,54169291
202990;11;11;11040926;Weitlingstra�e;11400931;2018;7;12;4;3;6;4;0;1;0;1;0;0;0;0;806000,8011;5827075,579;13,50976064;52,50773022
202991;11;11;11010205;Falkenberg West;11100204;2018;7;0;5;2;2;6;2;0;1;0;1;0;0;1;805899,2894;5833638,388;13,51431061;52,56660473
202992;11;6;6020410;Oberhofer Platz;6200422;2018;7;9;4;3;2;7;0;0;1;0;0;0;0;0;794206,9258;5817194,158;13,32778323;52,42563625
202993;11;7;7010101;Wittenbergplatz/Viktoria-Luise-Platz;7100101;2018;7;23;4;3;2;6;2;0;1;0;0;0;0;1;794920,3113;5825539,334;13,34561849;52,50006189
202994;11;10;10010102;Havemannstra�e                                                                                      ;10100103;2018;7;14;7;3;5;3;0;0;1;0;0;0;0;0;809127,527;5833832,096;13,56196853;52,5665173
202995;11;6;6040805;Fischerh�ttenstra�e                                                                                 ;6400839;2018;7;7;4;2;5;3;0;0;1;0;0;0;0;0;788471,1082;5818501,002;13,24479079;52,44040719
202996;11;1;1011303;Alexanderplatzviertel;1100310;2018;7;13;7;3;1;5;0;1;1;0;0;0;0;0;798998,8281;5828615,16;13,40828662;52,52541294
202997;11;6;6020410;Oberhofer Platz;6200422;2018;7;23;4;3;5;3;2;1;1;0;0;0;0;1;794099,1293;5817410,087;13,32639232;52,42762993
202998;11;2;2050601;Hausburgviertel;2500726;2018;7;9;4;3;5;2;0;1;1;0;0;0;0;0;801868,8676;5829008,274;13,45081981;52,52735498
202999;11;7;7010103;Barbarossaplatz;7100204;2018;7;13;7;3;4;6;0;1;1;0;0;0;0;0;795512,7051;5824871,259;13,35372729;52,49375265
203000;11;10;10010204;Wuhletalstra�e                                                                                      ;10100206;2018;7;5;4;3;5;3;0;0;1;0;0;0;0;0;809856,6308;5833214,159;13,57211407;52,56056522
203001;11;10;10010310;Alt-Marzahn;10100313;2018;7;18;4;3;2;6;0;0;1;0;0;0;1;0;807975,9059;5830835,111;13,54225155;52,5403115
203002;11;7;7040405;Rathaus Tempelhof;7400927;2018;7;12;7;3;1;5;0;1;0;0;0;1;0;0;798031,6781;5822047,343;13,38819683;52,46706998
203003;11;9;9052001;K�penick Nord                                                                                       ;9502043;2018;7;6;4;3;5;2;0;1;1;0;0;0;0;0;810364,158;5823538,992;13,57055203;52,47357224
203004;11;5;5040935;Gro�-Glienicker Weg;5400942;2018;7;16;4;3;5;2;0;1;1;0;0;0;0;1;782283,8462;5820430,861;13,15564051;52,46094058
203005;11;10;10040933;Mahlsdorf S�d                                                                                       ;10400940;2018;7;16;4;3;5;3;0;1;1;0;0;0;0;0;812971,702;5826707,882;13,61179279;52,5004813
203006;11;9;9010302;Sp�thsfelde;9100306;2018;7;13;7;3;2;2;0;0;1;0;1;0;0;0;803660,881;5820714,589;13,46959713;52,45202521
203007;11;1;1011104;K�rnerstra�e                                                                                        ;1100104;2018;7;10;3;3;2;6;0;0;1;0;0;0;0;0;796359,197;5826129,738;13,36727902;52,50457479
203008;11;6;6040703;Nikolassee;6400737;2018;7;12;7;3;2;6;0;0;1;0;0;0;0;0;785351,683;5817606,4;13,19825992;52,43402276
203009;11;4;4030931;Breitscheidplatz;4501042;2018;7;15;4;3;5;5;0;0;1;0;1;0;0;0;794140,4395;5825977,336;13,33454984;52,50440927
203010;11;6;6040805;Fischerh�ttenstra�e                                                                                 ;6400839;2018;7;12;7;3;5;3;0;1;1;0;0;0;0;0;789258,4874;5818046,419;13,25594883;52,43591573
203011;11;9;9041301;Kietzer Feld/Nachtheide                                                                             ;9401329;2018;7;13;3;3;5;3;0;1;1;0;0;0;0;0;811749,6966;5819775,758;13,58737173;52,4390594
203012;11;5;5020625;Borkumer Stra�e                                                                                     ;5200629;2018;7;12;7;3;5;3;0;0;1;0;0;0;0;0;784357,0865;5828478,591;13,19294376;52,53202283
203013;11;10;10010204;Wuhletalstra�e                                                                                      ;10100206;2018;7;16;4;3;5;2;0;0;1;0;0;0;1;1;809325,7434;5832707,251;13,56383515;52,55632435
203014;11;11;11010310;M�hlengrund;11100309;2018;7;16;3;3;6;4;0;1;0;1;0;0;0;0;805340,6657;5833268,113;13,50575368;52,5635998
203015;11;4;4030929;Hindemithplatz;4501040;2018;7;15;4;2;2;6;0;1;0;0;0;1;0;0;792364,3168;5825398,419;13,30794865;52,50017405
203016;11;7;7010102;Nollendorfplatz;7100102;2018;7;11;7;3;0;5;0;1;1;0;0;0;0;0;795189,7155;5825417,708;13,34946791;52,49882594
203017;11;7;7060604;Marienfelde S�d;7601339;2018;7;17;3;3;5;3;0;1;0;0;0;0;0;0;795818,6664;5815351,018;13,34978874;52,40824463
203018;11;9;9051801;Rahnsdorf/Hessenwinkel;9501838;2018;7;10;7;2;5;3;0;1;1;0;0;0;0;0;819386,3494;5820522,065;13,70005202;52,44134067
203019;11;7;7010102;Nollendorfplatz;7100102;2018;7;13;4;3;5;3;0;0;1;0;1;0;0;0;795545,833;5825250,247;13,35455007;52,49713204
203020;11;9;9051702;B�lschestra�e;9501737;2018;7;13;4;3;0;2;0;1;0;0;0;0;1;0;815059,662;5821927,27;13,63793426;52,45644214
203021;11;2;2020204;Urbanstra�e;2200210;2018;7;18;3;3;0;6;0;0;1;0;1;0;0;0;798304,7017;5825483,455;13,39527855;52,49772152
203022;11;3;3061126;Arnimplatz;3601141;2018;7;15;5;3;2;6;0;0;1;0;0;0;1;0;799049,3424;5831443,548;13,4115744;52,55073746
203023;11;10;10040931;Mahlsdorf Nord                                                                                      ;10400938;2018;7;14;3;3;0;7;0;0;0;0;1;0;0;1;813477,5766;5829458,044;13,62181115;52,52483496
203024;11;6;6010207;Mittelstra�e                                                                                        ;6100207;2018;7;14;3;3;0;6;0;1;0;0;0;0;1;0;793879,93;5820485,892;13,32588264;52,45532127
203025;11;5;5010207;Darbystra�e                                                                                         ;5100209;2018;7;14;5;3;6;7;0;1;0;1;0;0;0;0;783703,6052;5830184,201;13,18479238;52,54765613
203026;11;1;1011203;Unter den Linden S�d;1100206;2018;7;13;3;2;5;3;0;1;1;0;0;0;0;0;798042,3656;5827396,72;13,39313845;52,51501489
203027;11;6;6030502;Zehlendorf S�d                                                                                      ;6300525;2018;7;14;5;3;5;3;0;1;1;0;0;0;0;0;789714,0537;5815446,453;13,26037982;52,4123648
203028;11;5;5030832;Rohrdamm;5300841;2018;7;13;3;3;2;6;0;0;1;0;0;1;0;0;789774,017;5829265,313;13,27326503;52,53622309
203029;11;5;5020524;Weinmeisterhornweg;5200528;2018;7;13;5;3;2;6;0;0;1;0;0;0;0;0;782962,9565;5826869,548;13,17107696;52,51832121
203030;11;4;4030725;Amtsgerichtsplatz;4300416;2018;7;12;5;3;6;2;0;0;1;1;0;0;0;0;791995,6767;5825982,455;13,3030456;52,50560721
203031;11;8;8010404;Rixdorf;8100417;2018;7;13;3;3;5;3;0;0;0;0;1;0;1;0;802488,5098;5823164,484;13,45461801;52,4746338
203032;11;11;11030619;Fennpfuhl Ost;11300620;2018;7;13;3;3;2;6;0;0;1;0;0;1;0;0;804119,5063;5829830,73;13,48464603;52,53347554
203033;11;1;1033102;Gesundbrunnen;1300733;2018;7;12;5;3;5;3;0;1;0;0;1;0;0;0;797554,0889;5831891,514;13,38998847;52,55557175
203034;11;9;9010301;Baumschulenstra�e;9100305;2018;7;12;3;3;0;3;0;1;1;0;0;0;0;0;804931,4743;5822551,129;13,48991436;52,46777823
203035;11;1;1044202;Sparrplatz;1401047;2018;7;12;3;3;2;6;0;0;1;0;0;0;0;0;795513,4291;5830719,682;13,35893356;52,54617848
203036;11;1;1011301;Charit�viertel;1100308;2018;7;10;3;3;0;3;0;0;1;0;1;0;0;0;797108,4172;5829252,833;13,38107403;52,53216241
203037;11;9;9051801;Rahnsdorf/Hessenwinkel;9501838;2018;7;12;5;3;0;5;0;0;1;0;1;0;0;1;817665,5552;5820933,585;13,67521198;52,44603024
203038;11;12;12224230;Heiligensee;12400619;2018;7;9;3;3;5;2;0;0;1;0;1;0;0;0;787299,2696;5836410,59;13,24306869;52,60159406
203039;11;3;3071537;Kollwitzplatz;3701556;2018;7;23;7;2;6;4;2;0;1;1;0;0;0;0;799676,7667;5829221,526;13,41879606;52,53047585
203040;11;12;12231102;Frohnau;12400721;2018;7;9;3;3;1;5;0;1;1;0;0;0;0;0;790259,9519;5840223,6;13,29000837;52,63420453
203041;11;10;10030726;Alt-Biesdorf;10300733;2018;7;11;5;3;2;6;0;0;1;0;0;0;0;0;809522,2121;5827209,481;13,56160508;52,50694386
203042;11;12;12304314;Ziekowstra�e/Freie Scholle;12500824;2018;7;8;3;3;5;3;0;0;1;0;0;0;1;0;790683,0959;5835386,855;13,29199351;52,59061794
203043;11;12;12231102;Frohnau;12400721;2018;7;9;5;3;5;3;0;0;1;0;0;0;0;0;790999,9165;5841493,025;13,30202986;52,64518846
203044;11;12;12214421;Reinickes Hof;12200307;2018;7;22;7;2;6;4;2;0;0;1;0;0;1;0;793454,3675;5833514,43;13,33112749;52,5723448
203045;11;6;6010205;S�dende;6100205;2018;7;8;3;3;0;6;0;0;1;0;1;0;0;0;795352,6809;5819977,277;13,34704397;52,44996803
203046;11;1;1011303;Alexanderplatzviertel;1100310;2018;7;22;7;3;5;2;2;0;1;0;0;0;0;0;799245,0364;5828468,812;13,41177321;52,52396608
203047;11;4;4031032;Halensee;4500938;2018;7;9;5;3;5;2;0;1;1;0;0;0;0;0;791578,0102;5824880,66;13,29594469;52,4959531
203048;11;2;2020203;Viktoriapark;2200207;2018;7;8;5;3;2;2;0;0;1;0;0;0;0;0;797091,4706;5824724,16;13,37678222;52,49157703
203049;11;3;3061228;Erich-Weinert-Stra�e;3601245;2018;7;7;3;3;5;2;0;1;1;0;0;0;0;0;800293,1595;5831557,077;13,42996636;52,55107079
203050;11;1;1011202;Unter den Linden Nord;1100206;2018;7;21;7;3;0;1;2;1;1;0;0;0;0;1;797562,8704;5827892,291;13,38653646;52,5197189
203051;11;2;2050801;Traveplatz;2500831;2018;7;6;3;3;5;3;0;0;1;0;1;0;0;0;803068,6657;5827455,451;13,46703685;52,51277168
203052;11;7;7030303;Grazer Platz;7300619;2018;7;9;5;3;5;2;0;1;1;0;0;0;0;0;795351,5498;5821418,003;13,34830182;52,46288383
203053;11;7;7020203;Kaiser-Wilhelm-Platz;7200409;2018;7;10;3;3;5;2;0;0;1;0;0;0;0;0;795621,4896;5824465,648;13,35496509;52,49005775
203054;11;7;7040405;Rathaus Tempelhof;7400927;2018;7;8;5;3;5;3;0;0;1;0;0;0;1;0;798635,5946;5820660,234;13,3958195;52,4543065
203055;11;6;6040810;Dahlem;6400844;2018;7;20;7;3;5;3;1;0;1;0;0;0;0;1;792681,3714;5821720,032;13,30937642;52,46702824
203056;11;7;7040405;Rathaus Tempelhof;7400927;2018;7;11;3;3;5;7;0;0;1;0;0;0;0;0;799381,4669;5821774,048;13,40776211;52,46388232
203057;11;1;1022201;Stephankiez;1200623;2018;7;8;5;3;5;2;0;0;1;0;1;0;0;0;795413,0988;5829564,874;13,35643146;52,53588105
203058;11;2;2030402;Wrangelkiez;2300419;2018;7;8;3;2;1;5;0;1;0;0;0;0;1;0;801556,7882;5825888,8;13,44340671;52,49956752
203059;11;12;12103219;Sch�fersee;12100204;2018;7;7;5;3;5;2;0;1;1;0;0;0;0;0;795051,0311;5832461,86;13,35368283;52,56204626
203060;11;1;1044103;Westliche M�llerstra�e                                                                              ;1400942;2018;7;20;7;3;6;4;0;0;0;1;0;0;1;1;795185,9517;5831034,453;13,35439809;52,54917766
203061;11;10;10030724;Oberfeldstra�e                                                                                      ;10300731;2018;7;7;3;2;6;4;0;0;1;1;0;0;0;0;809112,9798;5830206,115;13,5583793;52,53403085
203062;11;11;11051331;Karlshorst Nord;11501340;2018;7;18;6;3;2;7;0;0;1;0;1;0;0;0;807296,4479;5824563,225;13,52647338;52,48448598
203063;11;1;1011204;Leipziger Stra�e                                                                                    ;1100207;2018;7;7;5;3;0;3;0;0;1;0;1;0;0;0;798573,9759;5826871,667;13,40047821;52,51001774
203064;11;6;6030608;Schweizer Viertel;6300632;2018;7;17;6;3;2;2;0;1;1;0;0;0;0;0;791043,0357;5816474,952;13,2807585;52,42088055
203065;11;6;6020409;K�nigsberger Stra�e                                                                                 ;6200421;2018;7;11;3;3;0;1;0;0;0;0;1;0;0;0;793076,7988;5816633,605;13,31071916;52,42121748
203066;11;7;7020201;Bayerischer Platz;7200307;2018;7;14;6;3;3;6;0;0;1;0;1;0;0;0;794930,8441;5824691,018;13,34502211;52,49245161
203067;11;1;1011303;Alexanderplatzviertel;1100310;2018;7;6;5;3;5;3;0;1;0;0;0;0;1;0;799334,2321;5828610,671;13,41321168;52,52518867
203068;11;11;11041128;Sewanstra�e;11401135;2018;7;13;6;3;2;2;0;1;1;0;0;0;0;0;806411,0403;5825633,2;13,51445916;52,49457299
203069;11;2;2040502;Friedenstra�e;2400521;2018;7;2;3;3;0;1;2;1;0;0;0;0;0;0;800751,2754;5828477,226;13,43391524;52,52321277
203070;11;12;12214424;Scharnweberstra�e                                                                                   ;12200309;2018;7;6;5;3;1;5;0;1;1;0;0;0;1;0;793193,4781;5832622,342;13,32650038;52,56448832
203071;11;8;8041035;Blumenviertel;8401241;2018;7;18;2;3;0;1;0;1;0;0;0;0;0;0;803954,8931;5819036,122;13,47238353;52,43681794
203072;11;1;1011302;Oranienburger Stra�e                                                                                ;1100309;2018;7;0;5;3;1;5;2;1;0;0;1;0;0;0;798938,0522;5828950,996;13,40769538;52,52845655
203073;11;8;8020625;Handwerker-Siedlung;8200730;2018;7;13;6;3;1;1;0;0;1;0;0;0;0;0;801443,6238;5818689,295;13,43524075;52,43509903
203074;11;11;11030720;Herzbergstra�e;11300721;2018;7;10;2;2;5;2;0;0;1;0;0;0;1;0;804594,897;5829941,049;13,491734;52,53419883
203075;11;6;6040703;Nikolassee;6400737;2018;7;12;6;3;5;2;0;1;1;0;0;0;0;0;786748,7733;5817511,889;13,21867331;52,43244476
203076;11;8;8010303;Donaustra�e;8100314;2018;7;18;4;3;2;2;0;1;1;0;0;0;0;0;801025,7738;5823879,254;13,43379238;52,48184859
203077;11;2;2050801;Traveplatz;2500831;2018;7;12;4;3;6;4;0;0;1;1;0;0;0;0;802859,8413;5827208,36;13,46374422;52,51067302
203078;11;6;6020408;Lichterfelde S�d                                                                                    ;6200420;2018;7;10;6;3;5;3;0;0;1;0;1;0;0;0;792941,3226;5816526,982;13,30863927;52,42033416
203079;11;7;7050501;Rathausstra�e                                                                                       ;7501029;2018;7;10;2;3;1;5;0;0;1;0;0;0;0;0;797305,3559;5819448,64;13,37522258;52,44417088
203080;11;2;2010103;Moritzplatz;2100104;2018;7;10;6;3;1;5;0;1;1;0;0;0;0;0;799585,5207;5826100,842;13,41464503;52,50255389
203081;11;1;1022104;Emdener Stra�e                                                                                      ;1200520;2018;7;11;4;3;5;2;0;1;1;0;0;0;0;0;794554,2348;5829045,88;13,34334554;52,5316935
203082;11;1;1011303;Alexanderplatzviertel;1100310;2018;7;8;6;3;5;2;0;1;1;0;0;0;0;0;799130,7091;5828465,461;13,4100901;52,52399877
203083;11;10;10030724;Oberfeldstra�e                                                                                      ;10300731;2018;7;10;2;2;5;3;0;0;1;0;1;0;0;0;809655,7046;5830273,554;13,5664179;52,53432716
203084;11;9;9020501;Obersch�neweide West;9200510;2018;7;8;6;3;0;2;0;1;1;0;0;0;0;0;806598,9764;5822748,708;13,51456622;52,46861581
203085;11;1;1011301;Charit�viertel;1100308;2018;7;11;4;3;6;7;0;0;1;1;0;0;0;0;797169,5428;5829040,526;13,38178272;52,530226
203086;11;5;5030731;Gartenfelder Stra�e                                                                                 ;5300737;2018;7;9;2;3;3;6;0;0;1;0;0;1;0;0;787122,9262;5829381,398;13,23438657;52,53866709
203087;11;10;10010310;Alt-Marzahn;10100313;2018;7;15;4;3;2;6;0;0;1;0;0;0;0;0;808049,2423;5830868,809;13,54336072;52,54057204
203088;11;3;3071536;Teutoburger Platz;3701554;2018;7;14;6;3;5;2;0;1;1;0;0;0;0;0;799195,1814;5830030,784;13,41244637;52,53799415
203089;11;8;8041039;Frauenviertel;8401245;2018;7;9;2;3;0;6;0;0;0;0;0;0;1;0;806753,4745;5815625,995;13,51029756;52,40469261
203090;11;8;8041035;Blumenviertel;8401241;2018;7;7;6;3;6;2;0;0;1;1;0;0;0;0;804070,2321;5818534,295;13,4736186;52,43225602
203091;11;9;9020502;Obersch�neweide Ost;9200511;2018;7;15;4;3;2;6;0;1;0;0;0;0;1;0;807361,8671;5822342,485;13,52538737;52,46454652
203092;11;6;6020409;K�nigsberger Stra�e                                                                                 ;6200421;2018;7;14;4;3;2;6;0;0;1;0;1;0;0;0;793452,5624;5817170,147;13,31669972;52,4258261
203093;11;1;1022106;Elberfelder Stra�e                                                                                  ;1200522;2018;7;9;2;3;0;2;0;0;1;0;1;0;0;0;793815,5788;5828153,015;13,33169855;52,52408813