OBJECTID;LAND;BEZ;LOR;STRASSE;LOR_ab_2021;UJAHR;UMONAT;USTUNDE;UWOCHENTAG;UKATEGORIE;UART;UTYP1;ULICHTVERH;IstRad;IstPKW;IstFuss;IstKrad;IstGkfz;IstSonstig;USTRZUSTAND;LINREFX;LINREFY;XGCSWGS84;YGCSWGS84
203094;11;1;1011204;Leipziger Stra�e                                                                                    ;1100207;2018;7;14;4;3;6;4;0;1;0;1;0;0;0;0;797888,7856;5826658,555;13,39022119;52,50848205
203095;11;2;2030302;Lausitzer Platz;2300316;2018;7;7;6;3;1;5;0;1;1;0;0;0;0;0;801175,342;5826255,928;13,43813649;52,50306881
203096;11;7;7010104;Dennewitzplatz;7100206;2018;7;8;2;3;4;6;0;1;0;0;0;0;0;0;796844,4795;5824778,693;13,37320362;52,49220024
203097;11;12;12214125;Waldidyll/Flughafensee;12200412;2018;7;17;6;3;5;7;0;0;1;0;1;0;0;0;790806,7111;5834331,476;13,29288689;52,58109059
203098;11;7;7010102;Nollendorfplatz;7100102;2018;7;13;4;3;3;6;0;0;0;0;1;0;1;0;794983,6639;5825696,644;13,34668841;52,50143782
203099;11;5;5010339;Freiheit;5100317;2018;7;13;4;3;2;6;0;0;1;0;0;0;0;0;787525,164;5828058,013;13,23915621;52,52659017
203100;11;1;1033201;Brunnenstra�e                                                                                       ;1300834;2018;7;17;6;3;0;7;0;1;0;0;0;0;0;0;797797,6005;5830493,55;13,392316;52,54290776
203101;11;1;1022104;Emdener Stra�e                                                                                      ;1200519;2018;7;7;2;3;5;7;0;1;1;0;0;0;0;0;793590,7558;5829126,555;13,32925398;52,53293651
203102;11;1;1011302;Oranienburger Stra�e                                                                                ;1100309;2018;7;18;6;3;5;2;0;0;1;0;1;0;0;0;797999,6578;5828901,028;13,39385871;52,52852242
203103;11;10;10010311;Landsberger Tor;10100316;2018;7;13;4;3;5;2;0;1;1;0;0;0;0;0;810062,4087;5831666,791;13,57369485;52,54658143
203104;11;11;11010102;Dorf Wartenberg;11100101;2018;7;14;6;3;2;2;0;0;1;0;0;0;0;0;806169,0648;5834545,031;13,5191153;52,57457852
203105;11;8;8030829;Gropiusstadt Nord;8300934;2018;7;5;2;3;5;3;0;0;1;0;1;0;0;0;803159,2297;5818450,726;13,46018391;52,4320126
203106;11;7;7040403;Manteuffelstra�e                                                                                    ;7400823;2018;7;12;6;3;0;5;0;1;0;0;0;0;1;0;797287,3341;5821192,66;13,37651063;52,45981413
203107;11;11;11041023;Gensinger Stra�e;11401033;2018;7;17;2;3;6;7;0;0;1;1;0;0;0;0;806802,4701;5827518,893;13,5219441;52,51125305
203108;11;8;8010118;Silbersteinstra�e;8100104;2018;7;13;4;3;6;4;0;0;0;1;1;0;0;0;800825,9605;5822578,711;13,42968581;52,47030149
203109;11;1;1022102;Beusselkiez;1200518;2018;7;20;2;3;2;2;1;0;0;0;1;0;1;0;793546,1165;5829009,096;13,32849404;52,5319076
203110;11;12;12302108;M�rkisches Zentrum;12601134;2018;7;13;4;3;2;6;0;0;1;0;0;0;0;0;794113,6314;5836506,075;13,34348266;52,59880676
203111;11;5;5030730;Zitadellenweg;5300736;2018;7;11;6;2;0;2;0;1;1;0;0;0;0;0;785889,9298;5829232,206;13,21612804;52,53797775
203112;11;1;1011401;Invalidenstra�e                                                                                     ;1100415;2018;7;20;2;3;3;6;0;1;1;0;0;0;0;0;798339,8192;5829326,499;13,39923999;52,53215014
203113;11;7;7040403;Manteuffelstra�e                                                                                    ;7400823;2018;7;10;6;2;5;2;0;0;1;0;1;0;0;0;797316,5829;5822178,184;13,37781783;52,46863246
203114;11;2;2010102;Mehringplatz;2100103;2018;7;12;4;3;2;6;0;1;1;0;0;0;0;0;798470,7738;5825552,375;13,39777941;52,4982485
203115;11;6;6010102;Schlo�stra�e                                                                                        ;6100102;2018;7;12;4;3;6;2;0;0;1;1;0;0;0;0;793643,5804;5820604,216;13,32251841;52,45650903
203116;11;11;11030720;Herzbergstra�e;11300721;2018;7;9;6;3;2;2;0;0;1;0;0;0;0;0;805197,8494;5828967,97;13,49970245;52,52514043
203117;11;1;1011103;L�tzowstra�e                                                                                        ;1100103;2018;7;17;2;3;5;3;0;0;1;0;1;0;0;0;795327,6884;5826172,717;13,35216411;52,50551938
203118;11;2;2040701;Andreasviertel;2400623;2018;7;11;4;2;5;3;0;1;0;0;0;0;1;0;800274,0306;5827632,433;13,4261396;52,51590364
203119;11;11;11020513;Orankesee;11200512;2018;7;9;4;3;5;7;0;0;1;0;0;0;0;0;803231,1548;5830234,174;13,47195763;52,53758645
203120;11;6;6010205;S�dende;6100205;2018;7;7;6;2;5;2;0;1;0;0;0;1;0;0;795313,4474;5819983,031;13,34647342;52,4500408
203121;11;4;4041241;Breite Stra�e;4400832;2018;7;17;2;3;5;2;0;1;1;0;0;0;0;0;791622,1445;5822439,606;13,29445728;52,47404562
203122;11;4;4020314;Messegel�nde;4200311;2018;7;1;6;3;9;1;2;0;1;0;0;0;0;0;789934,7209;5825099,385;13,27199712;52,49878948
203123;11;3;3061228;Erich-Weinert-Stra�e;3601245;2018;7;17;2;3;5;2;0;0;1;0;0;0;0;0;800303,7185;5831589,668;13,4301511;52,55135709
203124;11;9;9051701;Hirschgarten;9501736;2018;7;9;4;3;2;6;0;0;1;0;0;0;0;0;812930,2138;5821375,652;13,60618054;52,45272226
203125;11;9;9020501;Obersch�neweide West;9200510;2018;7;16;2;3;2;2;0;0;1;0;0;1;0;0;806410,8704;5822983,523;13,51202141;52,47082584
203126;11;3;3030405;Karow Nord                                                                                          ;3300411;2018;7;21;6;3;5;3;1;1;0;0;0;0;0;1;803759,6805;5839301,749;13,48803449;52,61856056
203127;11;3;3020209;Niedersch�nhausen;3200206;2018;7;15;2;3;5;3;0;1;1;0;0;0;0;0;798074,1058;5834704,588;13,40016386;52,58050261
203128;11;4;4030623;Ernst-Reuter-Platz;4300622;2018;7;14;2;3;5;2;0;1;1;0;0;0;0;0;793310,2339;5827215,865;13,32344502;52,51595909
203129;11;1;1011105;N�rdlicher Landwehrkanal                                                                            ;1100102;2018;7;8;4;2;5;2;0;0;1;0;1;0;0;0;796166,9714;5826503,645;13,36478787;52,50803091
203130;11;7;7040401;Neu-Tempelhof;7400721;2018;7;19;6;2;6;4;0;1;0;1;0;0;0;0;797884,473;5823868,09;13,38766249;52,4834712
203131;11;6;6020304;Kaiser-Wilhelm-Stra�e                                                                               ;6200314;2018;7;14;2;3;1;5;0;1;1;0;0;0;0;0;794731,3128;5818047,932;13,33622546;52,43300773
203132;11;2;2010104;Wassertorplatz;2100106;2018;7;20;6;3;5;2;1;0;1;0;0;0;0;0;799071,4734;5825609,753;13,40665346;52,49843396
203133;11;8;8020727;Buckow Mitte;8200832;2018;7;7;4;2;2;2;0;0;1;0;1;0;0;0;801518,0603;5817603,427;13,43535334;52,425325
203134;11;8;8041038;Wa�mannsdorfer Chaussee;8401244;2018;7;7;4;3;7;7;0;0;1;0;0;0;0;0;805552,0111;5816109,035;13,49313187;52,40969367
203135;11;9;9051702;B�lschestra�e;9501737;2018;7;13;2;3;5;3;0;0;1;0;1;0;0;0;814524,0165;5821053,373;13,62925414;52,44891972
203136;11;8;8010301;Reuterkiez;8100311;2018;7;20;6;3;1;5;0;1;1;0;0;0;0;0;800607,251;5824419,714;13,42813537;52,48692348
203137;11;11;11030720;Herzbergstra�e;11300721;2018;7;13;2;3;2;6;0;0;0;0;0;0;1;0;804224,2068;5829847,651;13,48620032;52,53356877
203138;11;1;1011105;N�rdlicher Landwehrkanal                                                                            ;1100102;2018;7;9;4;3;0;5;0;1;1;0;0;0;0;0;796705,6063;5826841,482;13,3730021;52,5107666
203139;11;4;4030929;Hindemithplatz;4501040;2018;7;13;2;3;1;5;0;1;1;0;0;0;0;0;792341,0137;5825888,26;13,30803639;52,50457784
203140;11;8;8010508;Wei�e Siedlung;8100520;2018;7;22;4;3;5;2;2;0;1;0;0;0;0;0;803196,5835;5822714,564;13,46460223;52,47020862
203141;11;2;2030301;Oranienplatz;2300417;2018;7;19;6;3;2;4;1;1;0;1;0;0;0;0;800093,4984;5825671,844;13,42171974;52,49842948
203142;11;4;4030620;Alt-Lietzow;4300619;2018;7;12;2;3;6;7;0;0;1;1;0;0;0;0;792235,4288;5827265,665;13,30769469;52,51698252
203143;11;4;4010103;Paul-Hertz-Siedlung;4100102;2018;7;19;4;3;5;2;0;0;1;0;0;0;0;0;791427,1738;5829179,256;13,29749416;52,53457011
203144;11;11;11030721;R�digerstra�e;11300722;2018;7;15;2;3;2;6;0;0;1;0;0;0;0;0;803413,4752;5828617,351;13,47316194;52,52299382
203145;11;8;8041037;Alt-Rudow;8401243;2018;7;18;6;3;2;6;0;0;1;0;0;0;0;0;805421,179;5818371,026;13,49327901;52,43004015
203146;11;5;5010339;Freiheit;5100317;2018;7;11;2;3;2;6;0;0;1;0;0;0;0;0;787091,442;5828152,221;13,23286191;52,52766338
203147;11;2;2020204;Urbanstra�e;2200210;2018;7;18;4;3;5;2;0;1;1;0;0;0;0;0;798843,5331;5825088,206;13,40283777;52,49388386
203148;11;8;8010404;Rixdorf;8100415;2018;7;14;2;3;5;3;0;0;1;0;0;0;1;0;802161,2793;5823376,831;13,4500072;52,4767182
203149;11;8;8041040;Waltersdorfer Chaussee Ost;8401246;2018;7;9;6;3;5;3;0;1;1;0;0;0;0;0;806799,9996;5817066,059;13,51229898;52,41757304
203150;11;9;9041402;Siedlung K�mmereiheide;9401432;2018;7;18;2;2;5;3;0;1;0;0;1;0;0;0;812132,1758;5820446,148;13,59360638;52,44484887
203151;11;2;2020204;Urbanstra�e;2200210;2018;7;17;5;3;5;3;0;1;1;0;0;0;0;0;798537,8412;5824746,845;13,39804259;52,49099129
203152;11;3;3050923;Wei�enseer Spitze;3500934;2018;7;17;4;3;0;2;0;1;1;0;0;0;0;0;801109,5664;5831520,624;13,44193776;52,55029338
203153;11;9;9051901;Dammvorstadt;9501939;2018;7;17;5;3;5;3;0;1;1;0;0;0;0;0;809933,694;5821624,267;13,56245654;52,45665741
203154;11;7;7030303;Grazer Platz;7300619;2018;7;17;2;2;5;3;0;0;1;0;1;0;1;0;794956,4508;5821604,103;13,34266762;52,46476552
203155;11;11;11040926;Weitlingstra�e;11400929;2018;7;14;4;3;5;7;0;0;1;0;0;0;0;0;805293,3428;5827144,78;13,49943273;52,50874676
203156;11;6;6040804;Krumme Lanke;6400838;2018;7;16;2;2;0;1;0;1;0;0;0;0;0;0;788197,5537;5819834,18;13,24192758;52,45250421
203157;11;1;1011105;N�rdlicher Landwehrkanal                                                                            ;1100102;2018;7;15;4;3;1;5;0;1;1;0;0;0;1;0;796854,4312;5826771,448;13,37512615;52,51005784
203158;11;2;2050801;Traveplatz;2500831;2018;7;22;5;3;5;3;2;0;1;0;1;0;0;0;802865,0717;5827469,16;13,46405838;52,51300763
203159;11;4;4030828;Savignyplatz;4300624;2018;7;16;2;3;1;5;0;1;1;0;0;0;0;0;792758,896;5826109,013;13,31436961;52,50633276
203160;11;12;12214424;Scharnweberstra�e                                                                                   ;12200309;2018;7;19;5;3;5;3;0;1;1;0;0;0;0;0;793266,6359;5832584,56;13,32754319;52,56411022
203161;11;9;9010101;Elsenstra�e                                                                                         ;9100101;2018;7;22;4;2;1;5;2;1;1;0;0;0;0;0;801877,8615;5825072,084;13,4473821;52,4920697
203162;11;7;7070702;Alt-Lichtenrade/T�pchiner Weg;7601443;2018;7;22;4;2;1;5;2;1;1;0;0;0;0;0;800047,4222;5814326,324;13,41085286;52,39675858
203163;11;12;12301206;L�bars;12500929;2018;7;19;5;3;4;6;0;0;0;0;0;0;1;0;794335,2268;5838386,232;13,34841715;52,61554084
203164;11;2;2040701;Andreasviertel;2400623;2018;7;10;2;3;1;6;0;1;1;0;0;1;0;0;800617,5627;5827206,051;13,43080175;52,51189262
203165;11;11;11030721;R�digerstra�e;11300725;2018;7;18;5;3;4;6;0;0;1;0;0;0;0;0;804990,9107;5827740,07;13,49553589;52,5142512
203166;11;3;3030715;Heinersdorf;3300516;2018;7;19;4;2;1;5;0;1;1;0;0;0;0;0;800368,4664;5833524,117;13,43285401;52,56866023
203167;11;11;11010103;Dorf Falkenberg;11100102;2018;7;17;4;2;5;2;0;1;1;0;0;0;0;0;807845,2335;5833947,888;13,54321726;52,56828158
203168;11;1;1033102;Gesundbrunnen;1300733;2018;7;18;5;3;1;7;0;1;1;0;0;0;0;0;797119,9316;5831802,761;13,38352405;52,55501322
203169;11;4;4020313;K�nigin-Elisabeth-Stra�e;4200311;2018;7;20;1;2;1;5;0;1;1;0;0;0;0;0;790484,4419;5826120,481;13,28096319;52,50765136
203170;11;5;5010311;Eiswerder;5100313;2018;7;18;5;3;5;2;0;0;1;0;1;0;0;0;785503,7984;5830281,688;13,21135235;52,54758967
203171;11;11;11051330;Karlshorst West;11501339;2018;7;21;4;1;5;2;2;1;0;0;0;0;1;0;807282,1195;5825410,039;13,52704379;52,49208331
203172;11;11;11051331;Karlshorst Nord;11501340;2018;7;18;5;3;1;1;0;0;1;0;1;0;0;0;807390,5961;5824269,692;13,52758484;52,48180231
203173;11;4;4010101;Jungfernheide;4100101;2018;7;14;1;3;0;6;0;0;1;0;1;0;0;0;791178,205;5829731,228;13,29431765;52,53965154
203174;11;12;12214423;Mellerbogen;12200308;2018;7;21;5;3;2;6;1;0;1;0;0;0;0;0;792787,2271;5833870,677;13,32162614;52,57589766
203175;11;11;11020514;Gro�e-Leege-Stra�e;11200513;2018;7;10;3;3;2;6;0;0;1;0;0;0;0;0;805073,3448;5830657,42;13,49942348;52,54035167
203176;11;1;1011302;Oranienburger Stra�e                                                                                ;1100309;2018;7;13;1;3;0;3;0;1;1;0;0;0;0;0;798532,5204;5828982,531;13,40176352;52,52896144
203177;11;1;1011105;N�rdlicher Landwehrkanal                                                                            ;1100102;2018;7;20;3;3;6;7;0;0;0;1;1;0;0;0;796711,9723;5826463,787;13,37275895;52,50737747
203178;11;1;1022206;L�neburger Stra�e                                                                                   ;1200628;2018;7;20;5;3;0;2;0;0;1;0;0;0;1;0;796255,7922;5828499,007;13,36786952;52,52586919
203179;11;7;7010104;Dennewitzplatz;7100206;2018;7;13;1;3;5;3;0;1;1;0;0;0;0;0;796686,9797;5824718,254;13,37083681;52,49174409
203180;11;2;2040701;Andreasviertel;2400521;2018;7;21;5;2;5;3;2;1;1;0;0;0;0;0;800719,271;5827886,036;13,43291048;52,51793144
203181;11;3;3040614;Pankow Zentrum                                                                                      ;3400721;2018;7;21;3;3;3;6;1;0;1;0;0;0;1;0;798226,5816;5833057,906;13,40092657;52,56565897
203182;11;4;4030931;Breitscheidplatz;4501042;2018;7;20;3;3;5;7;0;0;1;0;1;0;0;0;793944,7929;5826056,994;13,33174601;52,5052288
203183;11;1;1011103;L�tzowstra�e                                                                                        ;1100103;2018;7;19;5;3;0;2;0;1;1;0;1;0;0;0;795273,1052;5826037,167;13,35124204;52,50433381
203184;11;9;9020701;Adlershof West;9200715;2018;7;13;1;3;6;2;0;0;1;1;0;0;0;0;808649,0611;5819158,87;13,54133294;52,43528943
203185;11;6;6030605;Botanischer Garten;6300629;2018;7;18;5;2;5;2;0;1;1;0;0;0;0;0;791864,063;5819147,303;13,29513047;52,44440102
203186;11;4;4051654;Wilhelmsaue;4501150;2018;7;17;3;3;5;2;0;1;1;0;0;0;0;0;793786,9975;5823969,516;13,3275868;52,48660052
203187;11;2;2010102;Mehringplatz;2100102;2018;7;13;1;3;5;3;0;0;1;0;0;0;0;0;798181,1801;5826512,935;13,39438623;52,50701702
203188;11;5;5010312;Kurstra�e                                                                                           ;5100314;2018;7;16;5;2;5;3;0;1;1;0;0;0;0;0;784896,6918;5830127,147;13,2022908;52,54652192
203189;11;5;5020419;Magistratsweg;5200423;2018;7;13;1;3;5;3;0;1;1;0;0;0;0;0;782292,7713;5828505,812;13,16261547;52,53334
203190;11;12;12103218;Teichstra�e;12100205;2018;7;12;3;3;0;2;0;1;1;0;0;0;0;0;794514,3339;5834270,442;13,34739433;52,57854932
203191;11;4;4031032;Halensee;4500937;2018;7;13;1;3;4;6;0;1;0;0;0;0;0;0;790738,3973;5825037,491;13,28374882;52,49780702
203192;11;6;6040810;Dahlem;6400844;2018;7;6;3;3;5;3;0;1;1;0;0;0;0;0;791952,3783;5821445,809;13,29843582;52,46495989
203193;11;1;1022206;L�neburger Stra�e                                                                                   ;1200628;2018;7;17;5;3;0;3;0;0;1;0;1;0;0;0;795730,1955;5828197,826;13,35987691;52,52345472
203194;11;1;1022103;Westhafen;1200517;2018;7;17;5;2;2;6;0;0;1;0;1;0;0;0;795114,3713;5829603,287;13,35207409;52,53638724
203195;11;4;4030828;Savignyplatz;4300624;2018;7;12;1;3;2;6;0;0;1;0;1;0;0;0;792881,2077;5826105,215;13,31616321;52,50623306
203196;11;3;3040614;Pankow Zentrum                                                                                      ;3400725;2018;7;17;5;3;5;3;0;1;0;0;0;0;1;0;800051,5246;5835720,446;13,43017971;52,58852115
203197;11;2;2050803;Stralauer Kiez;2500835;2018;7;7;3;3;0;2;0;0;1;0;0;0;0;0;803012,8015;5825741,269;13,46465609;52,49743872
203198;11;1;1022104;Emdener Stra�e                                                                                      ;1200519;2018;7;11;1;3;1;5;0;0;1;0;0;0;1;0;793898,1734;5828888,812;13,33356284;52,53063961
203199;11;7;7010104;Dennewitzplatz;7100205;2018;7;0;3;3;0;2;2;0;1;0;0;0;0;0;796046,354;5825344,573;13,36198534;52,49770632
203200;11;6;6030605;Botanischer Garten;6300629;2018;7;17;5;3;5;3;0;0;1;0;0;0;0;0;792444,4769;5819760,799;13,30418287;52,44959083
203201;11;4;4061757;Forst Grunewald;4200207;2018;7;10;1;3;2;6;0;0;1;0;1;0;0;0;785042,4274;5822546,188;13,19794054;52,47847485
203202;11;1;1033203;Humboldthain Nordwest                                                                               ;1300836;2018;7;17;5;3;2;6;0;0;1;0;0;0;0;0;796354,4786;5830051,367;13,37070396;52,53973088
203203;11;2;2010102;Mehringplatz;2100102;2018;7;11;3;3;2;6;0;1;1;0;0;0;0;0;798184,0033;5826495,196;13,39441182;52,50685646
203204;11;3;3030715;Heinersdorf;3300516;2018;7;12;3;3;0;1;0;1;1;0;0;0;0;0;800736,2086;5833304,187;13,43806409;52,56648594
203205;11;10;10020412;Alte Hellersdorfer Stra�e;10200417;2018;7;17;5;3;2;6;0;0;1;0;0;1;0;0;812059,1586;5831806,766;13,6031772;52,54669579
203206;11;11;11010205;Falkenberg West;11100204;2018;7;10;1;3;8;1;0;0;0;0;1;0;0;0;806024,0536;5833596,073;13,51610657;52,56615537
203207;11;1;1011204;Leipziger Stra�e                                                                                    ;1100207;2018;7;16;5;3;2;6;0;1;1;0;0;0;0;0;797651,1335;5826931,59;13,38697405;52,5110592
203208;11;8;8030830;Gropiusstadt S�d;8300935;2018;7;9;1;3;1;5;0;1;1;0;0;0;0;0;802327,543;5818068,172;13,44764208;52,42904396
203209;11;4;4030621;Spreestadt;4300620;2018;7;20;3;2;5;7;0;0;1;0;1;0;0;0;793530,1025;5827902,459;13,32728171;52,52199578
203210;11;2;2050802;Boxhagener Platz;2500833;2018;7;1;1;2;1;5;2;1;1;0;0;0;1;0;802729,7683;5827034,761;13,46167554;52,50918927
203211;11;4;4041241;Breite Stra�e;4400832;2018;7;15;5;2;5;2;0;1;0;0;0;1;0;0;791292,634;5822046,13;13,28927604;52,47069392
203212;11;1;1011201;Wilhelmstra�e                                                                                       ;1100207;2018;7;16;1;3;5;3;0;1;1;0;0;0;0;0;797894,0086;5826569,565;13,39021828;52,50768151
203213;11;1;1011103;L�tzowstra�e                                                                                        ;1100103;2018;7;18;7;3;5;2;0;0;1;0;1;0;0;0;795188,4344;5825887,539;13,34986555;52,50303833
203214;11;5;5020417;Staakener Stra�e                                                                                    ;5200420;2018;7;20;3;3;5;2;0;1;1;0;0;0;0;0;783584,6007;5828663,21;13,18174373;52,53408063
203215;11;12;12103218;Teichstra�e;12100205;2018;7;15;5;3;2;6;0;0;1;0;0;0;1;0;794216,0896;5835422,628;13,34402857;52,5890391
203216;11;6;6010103;Markelstra�e                                                                                        ;6100103;2018;7;18;7;3;3;6;0;1;1;0;0;0;0;0;793401,0439;5821330,572;13,31959764;52,46315085
203217;11;4;4031032;Halensee;4500937;2018;7;15;5;3;6;2;0;0;1;1;0;0;0;0;790950,8457;5824821,173;13,28668058;52,4957545
203218;11;11;11030618;Fennpfuhl West;11300619;2018;7;19;3;2;6;4;0;0;1;1;0;0;0;0;803240,5216;5828767,81;13,47075774;52,52443857
203219;11;11;11010205;Falkenberg West;11100204;2018;7;15;5;3;5;2;0;1;1;0;0;0;0;0;805961,5771;5833712,714;13,51529527;52,56723585
203220;11;5;5010207;Darbystra�e                                                                                         ;5100209;2018;7;17;7;3;5;2;0;0;1;0;1;0;0;0;783699,8798;5830176,597;13,18473109;52,54758989
203221;11;5;5010209;An der Kappe;5100211;2018;7;16;7;3;2;6;0;1;0;0;0;0;0;0;782804,9347;5830383,577;13,17174452;52,54991108
203222;11;8;8041035;Blumenviertel;8401241;2018;7;15;5;3;8;1;0;0;0;0;1;0;0;0;804773,0931;5817840,829;13,48329313;52,42564953
203223;11;1;1044103;Westliche M�llerstra�e                                                                              ;1400942;2018;7;17;3;3;2;6;0;0;1;0;0;0;0;0;794668,5398;5830854,291;13,34662959;52,54784279
203224;11;1;1022205;Zillesiedlung;1200627;2018;7;18;3;2;6;4;0;0;1;1;0;0;0;0;796054,3341;5828512,187;13,36492041;52,52609677
203225;11;12;12214424;Scharnweberstra�e                                                                                   ;12200309;2018;7;16;7;3;2;2;0;0;1;0;1;0;0;0;793475,7359;5832424,19;13,33047731;52,56255994
203226;11;2;2010102;Mehringplatz;2100102;2018;7;15;5;3;5;3;0;1;1;0;0;0;0;0;798310,5519;5825628,188;13,3954941;52,49901567
203227;11;6;6030610;Lichterfelde West                                                                                   ;6300634;2018;7;13;7;3;0;2;0;0;1;0;1;0;0;0;791976,7429;5818997,684;13,29665288;52,44299953
203228;11;6;6030610;Lichterfelde West                                                                                   ;6300634;2018;7;18;3;3;0;5;0;1;1;0;0;0;0;0;792138,7688;5818785,191;13,29884416;52,441008
203229;11;12;12231102;Frohnau;12400721;2018;7;12;7;3;5;3;0;1;1;0;0;0;0;0;790149,3562;5842633,257;13,29049619;52,65586564
203230;11;8;8010303;Donaustra�e;8100314;2018;7;18;3;3;5;2;0;0;1;0;0;0;0;0;801013,5565;5823907,694;13,43363869;52,48211024
203231;11;5;5010206;G�tersloher Weg;5100208;2018;7;17;5;3;2;6;0;0;1;0;0;0;0;0;782175,6646;5830050,866;13,16220589;52,54725422
203232;11;6;6010210;Bismarckstra�e                                                                                      ;6100210;2018;7;12;7;3;1;5;0;1;1;0;0;0;0;0;795102,0833;5820958,93;13,34423468;52,45890329
203233;11;2;2010103;Moritzplatz;2100104;2018;7;9;3;3;5;2;0;1;0;0;0;0;1;0;799327,485;5826227,317;13,41096859;52,50382916
203234;11;5;5020628;Graetschelsteig;5200528;2018;7;10;7;3;0;2;0;1;1;0;0;0;0;0;783922,6358;5826614,423;13,18496465;52,5155349
203235;11;8;8020620;Tempelhofer Weg;8200725;2018;7;7;3;2;1;1;0;0;0;0;1;1;1;0;801123,1515;5819590,56;13,43135284;52,44335394
203236;11;2;2020203;Viktoriapark;2200208;2018;7;15;5;2;5;1;0;1;1;0;0;0;0;0;797831,1672;5824902,726;13,38780445;52,4927746
203237;11;9;9020502;Obersch�neweide Ost;9200512;2018;7;10;7;3;5;2;0;0;1;0;1;0;0;0;808184,2537;5821880,076;13,53702752;52,45993919
203238;11;1;1033201;Brunnenstra�e                                                                                       ;1300834;2018;7;10;5;3;5;3;0;1;0;0;0;0;1;0;797890,5414;5831000,728;13,3941373;52,54740313
203239;11;9;9010402;Johannisthal Ost;9100408;2018;7;6;3;3;9;1;0;0;0;0;1;0;0;0;806361,3769;5820890,416;13,50937403;52,45209437
203240;11;7;7060604;Marienfelde S�d;7601340;2018;7;10;5;3;1;5;0;0;1;0;0;0;1;0;796126,148;5815934,625;13,35481207;52,41331007
203241;11;4;4030931;Breitscheidplatz;4501042;2018;7;14;7;3;5;2;0;1;1;0;0;0;0;0;793924,6472;5825795,981;13,33121963;52,5028998
203242;11;3;3071537;Kollwitzplatz;3701555;2018;7;8;5;3;5;3;0;1;1;0;0;0;0;0;799708,3189;5830076,499;13,42003075;52,53812195
203243;11;6;6010209;Feuerbachstra�e                                                                                     ;6100209;2018;7;11;3;3;5;3;0;0;1;0;0;0;0;0;794463,3775;5821339,256;13,33519698;52,46265724
203244;11;4;4051446;Preu�enpark;4501043;2018;7;13;7;3;1;5;0;1;1;0;0;0;0;0;792661,9247;5825312,053;13,31224448;52,49924027
203245;11;12;12103115;Breitkopfbecken;12100103;2018;7;17;3;3;3;6;0;0;1;0;0;0;0;0;796048,5272;5833927,878;13,36966359;52,57464611
203246;11;5;5040934;Alt-Gatow;5400942;2018;7;8;5;2;2;6;0;0;1;0;0;0;0;0;783736,1259;5824304,37;13,18025466;52,49491949
203247;11;7;7040405;Rathaus Tempelhof;7400927;2018;7;12;7;3;0;1;0;0;0;0;1;0;0;0;798450,2937;5821039,43;13,39343958;52,45780675
203248;11;4;4030620;Alt-Lietzow;4300619;2018;7;16;3;3;5;3;0;1;0;0;1;0;0;0;792447,589;5827189,603;13,31074556;52,51618692
203249;11;7;7030301;Friedenau;7300515;2018;7;13;7;2;9;1;0;0;0;0;1;0;0;0;793952,2053;5822259,665;13,32850549;52,47118355
203250;11;11;11010309;Zingster Stra�e West;11100308;2018;7;16;3;3;6;4;0;1;0;1;0;0;0;0;804924,0899;5833129,433;13,49949967;52,56259035
203251;11;11;11030720;Herzbergstra�e;11300721;2018;7;14;5;3;5;3;0;0;1;0;0;0;0;0;804291,4803;5829080,253;13,48648668;52,52665336
203252;11;5;5010209;An der Kappe;5100211;2018;7;0;7;3;0;1;2;0;0;0;1;0;0;0;781899,8352;5829476,502;13,15766146;52,54224703
203253;11;9;9010402;Johannisthal Ost;9100408;2018;7;7;5;3;5;2;0;1;1;0;0;0;0;0;806547,6051;5820533,124;13,51177802;52,44878779
203254;11;12;12103117;Letteplatz;12100101;2018;7;16;3;2;5;2;0;0;1;0;0;0;0;0;795785,9124;5832579,689;13,36459739;52,56270375
203255;11;3;3061126;Arnimplatz;3601140;2018;7;15;3;3;0;2;0;1;1;0;0;0;0;0;798410,9327;5831802,117;13,40250912;52,55430164
203256;11;1;1011203;Unter den Linden S�d;1100206;2018;7;13;5;2;2;6;0;0;0;0;1;1;0;0;797742,8369;5827564,159;13,38888731;52,51667937
203257;11;9;9051801;Rahnsdorf/Hessenwinkel;9501838;2018;7;19;7;2;2;7;0;0;1;0;0;0;0;0;820959,6314;5819480,909;13,72211955;52,43109119
203258;11;8;8010404;Rixdorf;8100416;2018;7;13;5;3;5;3;0;0;1;0;0;0;1;0;801422,2148;5823488,784;13,43925953;52,47813004
203259;11;9;9020802;K�llnische Vorstadt                                                                                 ;9200819;2018;7;15;3;3;5;2;0;1;0;0;0;0;1;0;809948,2465;5820448,737;13,56157918;52,44611435
203260;11;5;5010209;An der Kappe;5100211;2018;7;13;5;3;0;6;0;0;1;0;1;0;0;0;782308,417;5829451,279;13,1636488;52,54180932
203261;11;2;2020206;Graefekiez;2200213;2018;7;19;7;3;1;5;0;0;1;0;1;0;0;0;799589,9185;5824896,77;13,41362667;52,49175877
203262;11;6;6030609;Augustaplatz;6300633;2018;7;6;5;3;1;7;0;0;1;0;0;0;0;0;793207,5982;5818349,565;13,31414158;52,43653068