OBJECTID;LAND;BEZ;LOR;STRASSE;LOR_ab_2021;UJAHR;UMONAT;USTUNDE;UWOCHENTAG;UKATEGORIE;UART;UTYP1;ULICHTVERH;IstRad;IstPKW;IstFuss;IstKrad;IstGkfz;IstSonstig;USTRZUSTAND;LINREFX;LINREFY;XGCSWGS84;YGCSWGS84
204442;11;5;5030731;Gartenfelder Stra�e                                                                                 ;5300737;2018;8;8;5;3;5;2;0;0;1;0;0;0;0;0;786963,6512;5829594,783;13,23222891;52,54066411
204443;11;7;7010102;Nollendorfplatz;7100102;2018;8;14;2;3;5;3;0;1;1;0;0;0;0;0;794976,7162;5825071,059;13,3460323;52,49583364
204444;11;4;4030621;Spreestadt;4300620;2018;8;8;5;3;5;2;0;1;1;0;0;0;0;0;793197,3236;5827784,433;13,32228695;52,52111677
204445;11;4;4041238;Kissinger Stra�e;4400830;2018;8;7;5;3;0;3;0;1;1;0;0;0;0;0;791676,3441;5823237,905;13,29595125;52,48117339
204446;11;4;4020310;Park Ruhwald;4200308;2018;8;13;2;3;2;6;0;0;1;0;0;0;0;0;790196,5966;5827301,566;13,27776395;52,51839311
204447;11;10;10010309;Springpfuhl;10100312;2018;8;7;5;3;5;3;0;1;1;0;0;0;0;0;808579,9956;5830163,197;13,5505067;52,53394823
204448;11;4;4051448;Schaperstra�e;4501045;2018;8;12;2;3;2;6;0;0;1;0;1;0;0;0;793981,7107;5825089,063;13,33143388;52,4965319
204449;11;9;9010402;Johannisthal Ost;9100409;2018;8;7;5;3;5;2;0;0;1;0;1;0;0;0;806938,6018;5820089,112;13,51710539;52,44458904
204450;11;1;1011301;Charit�viertel;1100308;2018;8;6;5;3;0;7;0;1;0;0;0;0;0;0;797336,9665;5828986,868;13,38419555;52,52965373
204451;11;2;2040701;Andreasviertel;2400521;2018;8;12;2;3;5;2;0;1;1;0;0;0;0;0;800718,0341;5827873,451;13,43288093;52,51781931
204452;11;4;4010101;Jungfernheide;4100101;2018;8;22;4;3;5;3;2;0;1;0;0;0;0;0;789756,1916;5829873,961;13,27353374;52,54168918
204453;11;2;2050801;Traveplatz;2500830;2018;8;5;5;2;3;2;0;1;0;0;0;1;0;0;802145,725;5827550,494;13,45356431;52,51413557
204454;11;12;12214422;Klixstra�e                                                                                          ;12200310;2018;8;12;2;3;5;3;0;0;1;0;0;0;0;0;792212,4193;5833126,473;13,31251217;52,56953511
204455;11;4;4041136;Hagenplatz;4400728;2018;8;14;4;3;5;2;0;0;1;0;0;0;0;0;790688,312;5822694,722;13,28096969;52,47683056
204456;11;1;1011303;Alexanderplatzviertel;1100310;2018;8;5;5;2;6;4;2;0;0;1;1;0;0;0;799464,8571;5828806,894;13,41530803;52,52687577
204457;11;5;5030730;Zitadellenweg;5300735;2018;8;10;5;3;5;2;0;1;1;0;0;0;0;0;786437,8609;5831100,392;13,22579598;52,55443955
204458;11;8;8020620;Tempelhofer Weg;8200624;2018;8;7;2;3;5;2;0;1;1;0;0;0;0;0;801271,9332;5820509,119;13,43436357;52,45150534
204459;11;12;12224230;Heiligensee;12400618;2018;8;5;4;3;5;7;1;1;1;0;0;0;0;0;787059,9406;5838241,966;13,24113348;52,61813948
204460;11;7;7020204;Sch�neberger Insel;7200412;2018;8;7;2;3;5;7;0;1;1;0;0;0;0;0;796340,7636;5822929,405;13,36416215;52,4758967
204461;11;10;10030726;Alt-Biesdorf;10300733;2018;8;11;2;2;6;2;0;0;0;1;0;0;1;0;808912,2781;5827234,776;13,55267047;52,50751623
204462;11;12;12103219;Sch�fersee;12100204;2018;8;7;4;3;5;2;0;0;1;0;0;0;0;0;795613,5108;5833077,364;13,36250491;52,56725856
204463;11;3;3020307;Buchholz;3200309;2018;9;16;2;2;5;3;0;0;1;0;1;0;0;0;800130,8408;5837699,114;13,43314037;52,60621246
204464;11;5;5030833;Motardstra�e                                                                                        ;5300840;2018;8;6;5;3;3;6;1;0;1;0;0;0;0;0;788101,0989;5829360,326;13,24875101;52,53796189
204465;11;1;1011401;Invalidenstra�e                                                                                     ;1100415;2018;9;23;2;3;0;1;2;1;0;0;0;0;0;0;798302,5929;5829372,194;13,39873383;52,53258011
204466;11;4;4031032;Halensee;4500937;2018;9;17;2;3;5;2;0;0;1;0;1;0;0;0;790958,544;5824828,662;13,28680019;52,49581754
204467;11;7;7020201;Bayerischer Platz;7200307;2018;8;7;5;2;5;5;0;1;1;0;0;0;0;1;794848,0226;5823988,676;13,34318434;52,48620031
204468;11;6;6020301;Alt-Lankwitz;6200311;2018;8;15;5;3;5;3;0;0;1;0;0;0;1;1;796335,9946;5818291,689;13,35997634;52,43432589
204469;11;4;4010102;Pl�tzensee;4100101;2018;9;13;2;3;5;3;0;0;1;0;0;0;0;0;792501,5792;5830681,107;13,31461129;52,54745811
204470;11;3;3030716;M�rchenland;3300517;2018;8;9;5;2;4;1;0;0;1;0;0;0;0;1;802324,0961;5835353,709;13,46328872;52,58397595
204471;11;7;7050505;Hundsteinweg;7501134;2018;9;16;2;3;1;5;0;0;1;0;0;0;0;0;799186,9569;5817526,903;13,40110444;52,42591864
204472;11;6;6030504;Teltower Damm;6300528;2018;8;13;5;3;2;6;0;0;1;0;0;1;0;1;790611,1733;5815213,91;13,27333074;52,40980445
204473;11;8;8010508;Wei�e Siedlung;8100520;2018;9;14;2;3;8;1;0;0;0;0;1;0;0;0;802758,7491;5822966,75;13,45840515;52,47271178
204474;11;6;6040703;Nikolassee;6400737;2018;9;15;2;3;8;1;0;0;1;0;0;0;0;0;784601,2396;5819923,902;13,18922518;52,45519305
204475;11;11;11051229;Rummelsburg;11501238;2018;8;11;5;3;5;2;0;0;1;0;0;0;0;1;804077,6702;5825988,16;13,48051947;52,49905929
204476;11;6;6040701;Wannsee;6400735;2018;8;12;5;3;5;2;0;0;1;0;0;0;0;1;779431,306;5815033,806;13,10925267;52,41401069
204477;11;5;5010313;Ackerstra�e                                                                                         ;5100315;2018;8;11;5;2;2;6;0;0;1;0;0;0;0;1;784654,3592;5829705,038;13,19836502;52,54286398
204478;11;7;7040403;Manteuffelstra�e                                                                                    ;7400824;2018;9;13;2;3;5;3;0;1;0;0;0;0;0;0;797850,3133;5821887,113;13,38539191;52,46573261
204479;11;6;6010210;Bismarckstra�e                                                                                      ;6100210;2018;9;13;2;3;5;3;0;1;1;0;0;0;0;0;795250,214;5821079,374;13,34651504;52,45990299
204480;11;4;4010102;Pl�tzensee;4100101;2018;8;10;5;3;5;3;0;0;1;0;0;0;0;0;792115,5951;5830672,816;13,30892797;52,54759089
204481;11;3;3030405;Karow Nord                                                                                          ;3300411;2018;8;8;5;2;5;5;0;0;1;0;0;0;0;0;803670,0664;5839614,01;13,4870016;52,62140926
204482;11;5;5020523;Maulbeerallee;5200528;2018;9;13;2;2;1;5;0;1;1;0;0;0;0;0;782787,4367;5826749,041;13,16839467;52,51733175
204483;11;12;12302107;Schorfheidestra�e                                                                                   ;12601236;2018;8;9;5;3;9;1;0;0;1;0;0;0;0;1;793843,4148;5836157,826;13,33919551;52,59583105
204484;11;8;8010508;Wei�e Siedlung;8100520;2018;8;10;1;3;0;4;0;1;0;1;0;0;0;0;802951,3326;5822832,42;13,4611098;52,47140101
204485;11;4;4030415;Schlo�garten;4300619;2018;9;13;2;3;2;6;0;0;1;0;1;0;0;0;791695,3222;5827527,319;13,29998706;52,51961736
204486;11;4;4030931;Breitscheidplatz;4501042;2018;8;23;5;3;5;2;2;0;1;0;1;0;0;1;794324,6649;5825591,647;13,33691528;52,50085244
204487;11;6;6030610;Lichterfelde West                                                                                   ;6300634;2018;9;12;2;3;6;4;0;0;1;1;0;0;0;0;792427,2731;5818410,823;13,30274897;52,43749762
204488;11;2;2030301;Oranienplatz;2300314;2018;9;12;2;3;0;2;0;1;1;0;0;0;0;0;799901,5317;5825710,76;13,41893539;52,49888383
204489;11;2;2050802;Boxhagener Platz;2500833;2018;8;21;5;3;1;1;2;1;1;0;0;0;0;1;802087,5449;5827155,758;13,45235126;52,51062976
204490;11;9;9051801;Rahnsdorf/Hessenwinkel;9501838;2018;8;21;5;3;5;3;2;0;1;0;0;0;0;1;820379,5322;5819541,902;13,71367466;52,43197768
204491;11;4;4030621;Spreestadt;4300620;2018;9;11;2;3;2;7;0;0;1;0;1;0;0;0;793164,4619;5827771,672;13,32179276;52,52102004
204492;11;2;2020204;Urbanstra�e;2200210;2018;8;20;5;3;0;3;2;0;1;0;0;0;1;1;798490,3296;5825231,356;13,39777897;52,49536028
204493;11;3;3040512;Wilhelmsruh;3400619;2018;8;19;5;3;2;6;1;1;1;0;0;0;0;0;795792,5952;5835150,196;13,36698874;52,58574207
204494;11;5;5020417;Staakener Stra�e                                                                                    ;5200420;2018;9;10;2;3;5;3;0;0;1;0;0;0;0;0;782847,5618;5828575,215;13,17083179;52,53367465
204495;11;2;2040703;Wriezener Bahnhof/Entwicklungsgebiet;2400625;2018;9;10;2;3;5;2;0;1;0;0;0;1;0;0;801759,9411;5826240,973;13,44670947;52,50261179
204496;11;4;4030621;Spreestadt;4300620;2018;8;19;5;3;5;2;2;1;1;0;0;0;0;1;793406,9706;5827394,433;13,325024;52,51750784
204497;11;8;8041038;Wa�mannsdorfer Chaussee;8401244;2018;9;10;2;2;5;2;0;1;1;0;0;0;0;0;806240,2452;5816366,785;13,50345419;52,41161925
204498;11;1;1022106;Elberfelder Stra�e                                                                                  ;1200522;2018;9;9;2;3;5;3;0;1;1;0;0;0;0;0;794028,6231;5828245,738;13,33491166;52,52480448
204499;11;11;11051332;Karlshorst S�d;11501341;2018;9;5;2;3;3;6;2;1;1;0;0;0;0;0;807240,4675;5824212,893;13,52532873;52,48137775
204500;11;1;1011304;Karl-Marx-Allee;1100311;2018;8;18;5;3;2;6;0;0;1;0;1;0;0;1;799872,6449;5828568,921;13,42108642;52,52451859
204501;11;2;2010102;Mehringplatz;2100102;2018;9;8;2;3;1;5;0;1;1;0;0;0;0;0;797790,0978;5826442,539;13,38857814;52,50659961
204502;11;8;8020622;Parchimer Allee;8200727;2018;9;9;2;3;5;7;0;0;1;0;0;0;0;0;801305,9856;5819543,389;13,43399216;52,44283041
204503;11;5;5010101;Hakenfelde Nord;5100104;2018;8;18;5;3;6;4;0;0;1;1;0;0;0;1;785514,4899;5831784,293;13,21280199;52,56105613
204504;11;10;10010311;Landsberger Tor;10100316;2018;8;18;5;3;2;1;0;0;1;0;0;0;0;1;810337,1878;5830961,157;13,57707486;52,5401015
204505;11;2;2010101;Askanischer Platz;2100101;2018;9;8;2;2;3;6;0;1;0;0;0;0;0;0;797635,858;5826375,836;13,38625269;52,50608586
204506;11;2;2030302;Lausitzer Platz;2300315;2018;8;18;5;3;2;6;1;0;1;0;1;0;0;1;800393,2962;5825793,545;13,42623255;52,4993554
204507;11;4;4030930;George-Grosz-Platz;4501041;2018;9;8;2;3;0;3;0;1;0;0;1;0;0;0;793287,7061;5825643,309;13,32172836;52,50187389
204508;11;5;5030731;Gartenfelder Stra�e                                                                                 ;5300737;2018;9;8;2;2;5;2;0;0;1;0;1;0;0;0;787586,5642;5829935,258;13,24168325;52,54338822
204509;11;1;3071536;Teutoburger Platz;3701556;2018;8;17;5;3;0;3;0;1;1;0;0;0;0;1;799081,7838;5829023,418;13,40987296;52,52902687
204510;11;6;6030609;Augustaplatz;6300633;2018;9;8;2;3;5;2;0;1;0;0;0;1;0;0;793277,0318;5819083,822;13,31580438;52,4430759
204511;11;3;3061131;Falkplatz;3601142;2018;9;7;2;2;3;6;0;1;0;0;0;0;0;0;798947,1324;5830383,573;13,4091174;52,54129249
204512;11;3;3010102;Buch;3100103;2018;8;17;5;2;0;3;0;0;1;0;1;0;0;1;804591,8658;5840650,562;13,5015314;52,63018314
204513;11;1;1011204;Leipziger Stra�e                                                                                    ;1100207;2018;8;16;5;3;5;3;0;0;1;0;0;0;0;0;798204,7565;5826821,002;13,39500856;52,50976556
204514;11;9;9020501;Obersch�neweide West;9200510;2018;9;7;2;3;3;2;0;1;1;0;0;0;0;0;806506,3812;5822584,909;13,51305693;52,46719975
204515;11;1;1022206;L�neburger Stra�e                                                                                   ;1200628;2018;8;20;5;2;0;1;2;1;0;0;0;0;0;0;796476,8285;5828242,091;13,37088903;52,52344605
204516;11;2;2010103;Moritzplatz;2100104;2018;8;18;5;3;0;1;0;0;0;0;1;0;0;1;799057,605;5826304,987;13,40707412;52,50467335
204517;11;5;5020524;Weinmeisterhornweg;5200528;2018;8;17;5;3;0;1;0;0;0;0;1;0;0;1;783638,8622;5825885,993;13,18017311;52,50915129
204518;11;10;10010308;Marzahner Chaussee;10100311;2018;9;8;2;3;0;4;0;0;0;1;1;0;0;0;806797,9987;5830327,736;13,52446948;52,53642878
204519;11;12;12301203;Wittenau S�d                                                                                        ;12500930;2018;8;11;5;3;5;2;0;0;1;0;0;0;1;1;793042,954;5835174,589;13,32654192;52,58744885
204520;11;1;1011402;Arkonaplatz;1100416;2018;8;6;5;3;5;7;0;1;0;0;0;0;1;0;798566,5343;5829237,024;13,40249199;52,53122399
204521;11;5;5010314;Carl-Schurz-Stra�e                                                                                  ;5100316;2018;9;7;2;3;5;7;0;0;1;0;1;0;0;0;783640,4796;5829143,158;13,182975;52,53835485
204522;11;1;1033201;Brunnenstra�e                                                                                       ;1300834;2018;8;12;1;3;2;6;0;1;0;0;0;0;0;0;798096,1512;5830002,067;13,39626437;52,53833902
204523;11;2;2010104;Wassertorplatz;2100106;2018;9;7;2;3;5;2;0;0;1;0;0;0;0;0;799069,5462;5825613,812;13,40662879;52,4984714
204524;11;6;6010209;Feuerbachstra�e                                                                                     ;6100209;2018;8;13;4;3;0;3;0;0;1;0;0;0;1;0;794410,7655;5821496,964;13,33456393;52,46409937
204525;11;8;8020619;Buschkrugallee Nord;8200622;2018;9;7;2;3;5;3;0;1;1;0;0;0;0;0;801622,0301;5821707,844;13,44058267;52,46205677
204526;11;12;12103115;Breitkopfbecken;12100103;2018;9;7;2;3;2;6;0;1;1;0;0;0;0;0;795462,6285;5833856,232;13,36097917;52,57432227
204527;11;1;1044203;Leopoldplatz;1401048;2018;8;18;4;2;3;6;0;0;1;0;1;0;0;0;795315,4877;5831432,983;13,35665738;52,55267993
204528;11;10;10020414;Helle Mitte;10200421;2018;8;19;4;3;5;2;1;0;1;0;1;0;0;0;812195,1377;5830919,396;13,60434212;52,53866609
204529;11;5;5020523;Maulbeerallee;5200528;2018;9;7;2;3;5;2;0;1;1;0;0;0;0;0;782383,5078;5827030,947;13,16269701;52,52006876
204530;11;2;2030401;Reichenberger Stra�e;2300417;2018;8;22;4;3;5;3;2;1;1;0;0;0;0;0;800640,6218;5825686,59;13,42976847;52,49826054
204531;11;5;5010207;Darbystra�e                                                                                         ;5100209;2018;8;13;1;3;5;3;0;1;1;0;0;0;0;0;782816,5443;5830407,664;13,1719358;52,55012102
204532;11;3;3061430;Volkspark Prenzlauer Berg;3601450;2018;9;7;2;3;0;1;0;1;0;0;0;0;0;0;802275,917;5829279,136;13,45704797;52,52955718
204533;11;6;6010209;Feuerbachstra�e                                                                                     ;6100209;2018;8;20;4;3;0;7;1;0;1;0;1;0;0;0;794263,4238;5821694,461;13,33257553;52,46594921
204534;11;3;3061430;Volkspark Prenzlauer Berg;3601450;2018;9;6;2;3;5;2;0;1;1;0;0;0;0;0;802331,5254;5829224,894;13,45781589;52,52904017
204535;11;2;2030302;Lausitzer Platz;2300316;2018;9;5;2;2;6;2;2;0;1;1;0;0;0;1;800745,3027;5826524,786;13,43206287;52,50571584
204536;11;9;9010202;K�penicker Landstra�e;9100203;2018;8;20;4;3;5;2;2;0;1;0;0;0;0;0;804105,9097;5823594,816;13,47875032;52,47759269
204537;11;4;4030623;Ernst-Reuter-Platz;4300622;2018;9;6;2;3;4;1;0;0;1;0;0;0;0;1;793858,917;5826822,992;13,33116067;52,51214183
204538;11;12;12302211;L�barser Stra�e;12601031;2018;8;19;4;3;0;3;1;0;1;0;1;0;0;0;793745,1142;5837241,11;13,3387096;52,605595
204539;11;12;12224230;Heiligensee;12400617;2018;9;5;2;3;5;3;0;0;1;0;1;0;0;0;786362,8387;5836915,171;13,22971632;52,60661192
204540;11;1;1011301;Charit�viertel;1100308;2018;9;15;2;3;3;6;0;1;0;0;0;0;1;0;797618,4987;5828308,554;13,38772636;52,52341984
204541;11;3;3051017;Rennbahnstra�e;3501037;2018;8;17;4;3;5;2;0;0;1;0;0;0;0;0;802826,021;5832948,798;13,46847816;52,56214229
204542;11;1;1044203;Leopoldplatz;1401048;2018;9;17;2;3;5;3;0;1;1;0;0;0;0;0;795598,6333;5830994,917;13,36043137;52,54859949
204543;11;3;3061430;Volkspark Prenzlauer Berg;3601450;2018;8;19;4;2;6;2;0;0;0;1;0;1;0;0;802304,1759;5829214,09;13,45740413;52,5289585
204544;11;1;1022206;L�neburger Stra�e                                                                                   ;1200628;2018;8;18;4;3;6;4;0;0;1;1;0;0;0;0;796274,3576;5828509,754;13,36815195;52,52595544
204545;11;8;8010117;Schillerpromenade;8100103;2018;9;20;2;2;6;4;2;0;0;1;1;0;0;0;800703,8879;5822908,501;13,42819139;52,47332473
204546;11;9;9020602;Oberspree;9100409;2018;8;16;4;3;0;1;0;1;0;0;0;0;0;0;807278,4098;5820497,507;13,52246492;52,44805834
204547;11;1;1033101;Soldiner Stra�e                                                                                     ;1300732;2018;9;18;1;3;2;6;0;0;1;0;0;0;0;0;797664,742;5832844,03;13,39247014;52,56404933
204548;11;3;3030405;Karow Nord                                                                                          ;3300411;2018;8;16;4;3;2;2;0;0;1;0;0;0;0;0;803739,6659;5839254,873;13,48769672;52,61815163
204549;11;2;2010104;Wassertorplatz;2100106;2018;9;19;1;3;5;3;0;1;0;0;0;0;0;0;799441,043;5825659,768;13,41212629;52,49867962
204550;11;3;3061228;Erich-Weinert-Stra�e;3601245;2018;9;20;1;3;5;2;2;1;0;0;0;0;1;0;800193,6489;5830930,477;13,42793673;52,54550926
204551;11;7;7010102;Nollendorfplatz;7100102;2018;8;15;4;3;1;5;0;1;1;0;0;0;0;0;795000,4728;5825415,559;13,34668633;52,498909
204552;11;6;6020301;Alt-Lankwitz;6200311;2018;8;15;4;3;5;3;0;0;1;0;0;0;1;0;796470,6323;5818339,935;13,36199381;52,43468542
204553;11;1;1011301;Charit�viertel;1100308;2018;9;20;1;3;6;4;2;1;0;1;0;0;0;0;797544,0127;5828109,342;13,38645351;52,52167479
204554;11;11;11051330;Karlshorst West;11501339;2018;8;15;4;3;5;3;0;0;1;0;0;0;0;0;807086,5309;5824835,29;13,52364242;52,48704237
204555;11;6;6020410;Oberhofer Platz;6200422;2018;8;14;4;3;5;3;0;0;1;0;0;0;0;0;794316,62;5816909,457;13,32914135;52,42302502
204556;11;4;4030620;Alt-Lietzow;4300619;2018;8;14;4;3;5;2;0;1;1;0;0;0;0;0;791902,0853;5827433,701;13,30294354;52,51866744
204557;11;4;4030827;Karl-August-Platz;4300623;2018;9;18;1;3;5;7;0;0;0;0;1;0;1;0;792746,6192;5826674,859;13,31468691;52,51141198
204558;11;1;1011304;Karl-Marx-Allee;1100311;2018;9;5;1;3;5;2;2;0;1;0;0;0;0;0;799735,7023;5827564,429;13,41816886;52,51559021
204559;11;8;8020727;Buckow Mitte;8200832;2018;8;14;4;3;1;6;0;0;1;0;1;0;0;0;800766,3205;5816944,697;13,42373882;52,4198342
204560;11;9;9030903;K�lner Viertel;9300923;2018;9;10;1;3;5;3;0;0;1;0;1;0;0;0;808820,5502;5815656,088;13,54061496;52,40380052
204561;11;5;5030730;Zitadellenweg;5300736;2018;9;14;1;3;2;6;0;0;1;0;0;0;0;0;785740,3455;5829286,715;13,21397543;52,53854492
204562;11;9;9051901;Dammvorstadt;9501941;2018;8;14;4;3;5;2;0;1;1;0;0;0;0;0;812049,6506;5821314,216;13,59320697;52,45267506
204563;11;2;2020204;Urbanstra�e;2200210;2018;8;14;4;3;6;4;0;0;1;1;0;0;0;0;798902,9756;5825241,899;13,40384861;52,49522896
204564;11;8;8041037;Alt-Rudow;8401243;2018;9;14;1;3;5;3;0;1;0;0;0;0;0;0;805532,5148;5818568,594;13,495092;52,43174871
204565;11;4;4031032;Halensee;4500937;2018;8;14;4;3;0;2;0;0;1;0;0;0;1;0;791017,9721;5824861,863;13,28770211;52,4960835
204566;11;2;2010103;Moritzplatz;2100105;2018;8;13;4;3;5;3;0;0;1;0;0;0;0;0;799550,0015;5825855,056;13,41390222;52,50037029
204567;11;9;9010302;Sp�thsfelde;9100306;2018;9;15;1;3;5;3;0;0;0;0;1;0;1;0;805214,0149;5820581,059;13,49225964;52,44996352
204568;11;1;1033102;Gesundbrunnen;1300733;2018;9;14;1;3;6;7;0;1;0;1;0;0;0;0;797202,2269;5831350,846;13,38432977;52,55091745
204569;11;9;9010302;Sp�thsfelde;9100306;2018;8;12;4;3;5;3;0;1;1;0;0;0;0;0;803051,8557;5820920,869;13,46084958;52,45421207
204570;11;4;4030828;Savignyplatz;4300624;2018;9;13;1;2;5;7;0;0;1;0;0;0;0;1;792973,5423;5826097,513;13,31751297;52,50611444
204571;11;3;3061430;Volkspark Prenzlauer Berg;3601450;2018;8;12;4;3;5;3;0;1;1;0;0;0;0;0;802309,7269;5829229,594;13,45749981;52,52909438
204572;11;1;1044201;Reinickendorfer Stra�e                                                                              ;1401044;2018;9;3;1;3;0;7;2;1;0;0;0;0;0;0;796838,2716;5831499,071;13,37911028;52,55244458
204573;11;3;3040614;Pankow Zentrum                                                                                      ;3400721;2018;9;4;1;2;0;1;2;1;0;0;0;0;0;0;797527,2869;5833258,475;13,39081996;52,56783942
204574;11;1;1044201;Reinickendorfer Stra�e                                                                              ;1401045;2018;8;12;4;3;0;6;0;1;1;0;0;0;0;0;796883,7351;5831553,273;13,37982731;52,55290566
204575;11;2;2050601;Hausburgviertel;2500726;2018;9;12;7;3;5;3;0;1;1;0;0;0;0;0;801966,6973;5829025,696;13,45227333;52,52745697
204576;11;3;3040614;Pankow Zentrum                                                                                      ;3400721;2018;9;11;7;3;2;7;0;0;1;0;1;0;0;0;798389,9811;5833054,453;13,40332701;52,56553849
204577;11;12;12214125;Waldidyll/Flughafensee;12200414;2018;8;11;4;3;2;6;0;0;1;0;0;0;0;0;792039,1733;5831766,144;13,30876588;52,55743321
204578;11;6;6020410;Oberhofer Platz;6200422;2018;8;10;4;3;1;5;0;1;1;0;0;0;1;0;794361,5546;5817605,865;13,33041313;52,42924388
204579;11;1;1044201;Reinickendorfer Stra�e                                                                              ;1401043;2018;9;23;7;3;4;6;2;1;1;0;0;0;0;0;796161,3273;5830771,426;13,36850628;52,54629049
204580;11;6;6030501;Berlepschstra�e                                                                                     ;6300524;2018;8;10;4;2;1;5;0;1;0;0;0;1;0;0;787583,3167;5817011,925;13,23048493;52,42752408
204581;11;7;7070701;Kettinger Stra�e/Schillerstra�e                                                                     ;7601442;2018;8;9;4;2;6;4;0;0;1;1;0;0;0;0;798717,146;5816025,989;13,39287562;52,41272133
204582;11;3;3061126;Arnimplatz;3601140;2018;9;13;7;3;2;6;0;1;0;0;0;0;0;0;798327,548;5831438,307;13,40095597;52,55108627
204583;11;5;5010314;Carl-Schurz-Stra�e                                                                                  ;5100316;2018;8;17;1;3;5;2;0;0;1;0;0;0;1;0;784782,4388;5828810,215;13,19948158;52,53477409
204584;11;2;2020206;Graefekiez;2200213;2018;9;15;7;3;6;4;0;1;0;1;0;0;0;0;800305,5919;5824558,448;13,42383114;52,48833302
204585;11;1;1022207;Hansaviertel;1200629;2018;8;9;4;3;5;3;0;1;1;0;0;0;0;0;794875,4582;5827726,938;13,34689773;52,51969648
204586;11;1;1022105;Zwinglistra�e                                                                                       ;1200521;2018;9;18;7;3;4;5;0;0;1;0;1;0;0;0;793770,651;5828321,072;13,3311867;52,52561887
204587;11;4;4030518;Tegeler Weg;4300517;2018;8;9;4;3;6;4;0;1;0;1;0;0;0;0;791784,0587;5828216,793;13,30189604;52,52575089
204588;11;3;3071638;Winsstra�e;3701659;2018;8;8;4;3;0;1;0;0;0;0;1;0;0;0;799661,7174;5829001,895;13,41837691;52,52851548
204589;11;2;2040501;Barnimkiez;2400520;2018;9;19;7;3;0;6;1;1;1;0;0;0;0;0;800443,5871;5828720,914;13,42961395;52,52556663
204590;11;11;11010309;Zingster Stra�e West;11100308;2018;8;8;4;3;0;3;0;0;1;0;0;0;1;0;804694,5098;5833956,938;13,49688332;52,5701353
204591;11;1;1022106;Elberfelder Stra�e                                                                                  ;1200522;2018;8;8;4;3;5;2;0;0;1;0;1;0;0;0;794566,0883;5828341,696;13,34289588;52,52537457
204592;11;1;1022104;Emdener Stra�e                                                                                      ;1200520;2018;9;17;7;2;3;6;0;0;1;0;1;0;0;0;794554,8758;5829022,707;13,34333443;52,53148542
204593;11;11;11040926;Weitlingstra�e;11400931;2018;8;7;4;2;6;4;0;0;1;1;0;0;0;0;806597,9694;5826880,655;13,51835233;52,50564801
204594;11;2;2010103;Moritzplatz;2100105;2018;9;18;7;2;1;5;0;1;1;0;0;0;0;0;799049,9947;5825821,815;13,40652841;52,50034657
204595;11;3;3030711;Blankenburg;3300514;2018;8;7;4;3;5;2;0;1;1;0;0;0;0;0;801607,5757;5836135,8;13,45345726;52,59138343
204596;11;8;8010301;Reuterkiez;8100311;2018;9;12;7;3;3;3;0;0;1;0;0;0;0;0;800534,554;5824456,305;13,42710096;52,48729148
204597;11;7;7020203;Kaiser-Wilhelm-Platz;7200409;2018;9;15;7;3;1;5;0;1;1;0;0;0;0;0;795042,6274;5824337,858;13,34635108;52,48922537
204598;11;1;1011204;Leipziger Stra�e                                                                                    ;1100207;2018;8;6;4;3;5;2;0;0;1;0;1;0;0;0;798696,923;5827085,797;13,40247661;52,51186982
204599;11;4;4030620;Alt-Lietzow;4300619;2018;8;6;4;3;5;2;0;1;1;0;0;0;0;0;792765,5758;5827046,735;13,31529261;52,51473555
204600;11;9;9051901;Dammvorstadt;9501940;2018;8;2;4;2;9;7;2;0;1;0;0;0;0;0;811985,1889;5821552,484;13,59248402;52,45484706
204601;11;11;11051330;Karlshorst West;11501339;2018;9;16;7;3;6;4;0;1;1;1;0;0;0;0;806645,9509;5824892,861;13,51722721;52,48780597
204602;11;4;4030518;Tegeler Weg;4300517;2018;9;14;7;3;5;2;0;0;1;0;0;0;0;0;791387,5746;5828587,206;13,29639301;52,52928364
204603;11;2;2010103;Moritzplatz;2100104;2018;8;8;4;3;1;5;0;1;1;0;0;0;0;0;799134,9489;5826275,428;13,40818368;52,504366
204604;11;9;9020502;Obersch�neweide Ost;9200512;2018;9;18;7;3;3;6;0;0;1;0;0;0;1;0;808553,9719;5821644,514;13,54223417;52,45761947
204605;11;4;4051446;Preu�enpark;4501043;2018;9;10;7;3;5;3;0;0;1;0;1;0;0;0;792610,1024;5824956,951;13,31117128;52,49608467
204606;11;10;10030727;Biesdorf S�d                                                                                        ;10300734;2018;8;15;3;3;0;3;0;1;0;0;0;0;1;0;809819,4936;5826942,984;13,5657232;52,50438689
204607;11;8;8041037;Alt-Rudow;8401243;2018;9;13;7;2;0;1;0;1;0;0;0;0;0;0;805480,0172;5818455,558;13,49421895;52,43076493
204608;11;1;1011305;Heine-Viertel West;1100312;2018;8;15;3;3;0;6;0;1;0;0;0;0;0;0;799300,5612;5826875,172;13,41115557;52,509651
204609;11;2;2010103;Moritzplatz;2100104;2018;9;14;7;2;0;1;0;0;0;0;1;0;0;0;799424,6269;5826160,73;13,41233561;52,50317902
204610;11;4;4030621;Spreestadt;4300620;2018;9;9;7;3;7;7;0;0;0;0;0;0;1;0;793835,5879;5827267,6;13,3312105;52,51614008
204611;11;4;4051549;Rathaus Wilmersdorf;4501146;2018;8;17;3;3;1;7;0;1;1;0;0;0;0;0;792511,4739;5823978,724;13,30886381;52,48736797
204612;11;4;4010103;Paul-Hertz-Siedlung;4100102;2018;8;16;3;3;0;4;0;0;0;1;1;0;0;0;791625,1039;5829739,924;13,30089602;52,53949052