OBJECTID;LAND;BEZ;LOR;STRASSE;LOR_ab_2021;UJAHR;UMONAT;USTUNDE;UWOCHENTAG;UKATEGORIE;UART;UTYP1;ULICHTVERH;IstRad;IstPKW;IstFuss;IstKrad;IstGkfz;IstSonstig;USTRZUSTAND;LINREFX;LINREFY;XGCSWGS84;YGCSWGS84
205295;11;10;10010309;Springpfuhl;10100312;2018;9;14;3;2;0;1;0;0;0;0;1;0;0;0;807832,8845;5829074,335;13,53851882;52,52461237
205296;11;1;1011303;Alexanderplatzviertel;1100310;2018;9;9;6;3;5;2;0;1;1;0;0;0;0;0;799109,9674;5828466,007;13,40978578;52,52401505
205297;11;4;4051655;Babelsberger Stra�e;4501153;2018;9;17;2;3;0;2;0;1;1;0;0;0;0;0;793862,1702;5823227,816;13,32803687;52,47991105
205298;11;2;2010102;Mehringplatz;2100102;2018;9;15;5;3;3;6;0;0;1;0;1;0;0;0;798449,7945;5826550,691;13,39836606;52,50720857
205299;11;6;6010206;Stadtpark;6100206;2018;9;15;5;3;5;3;0;0;1;0;0;0;0;0;795186,9149;5819513,445;13,34420196;52,44589957
205300;11;9;9010301;Baumschulenstra�e;9100304;2018;9;22;2;3;0;3;2;1;1;0;0;0;0;0;804598,516;5822054,97;13,48457523;52,46351704
205301;11;4;4030827;Karl-August-Platz;4300623;2018;9;15;5;3;5;2;0;1;1;0;0;0;0;0;792718,1154;5826110,239;13,31377156;52,50636563
205302;11;7;7030301;Friedenau;7300517;2018;9;17;5;3;2;4;0;1;0;1;0;0;0;0;793895,1799;5822936,441;13,32826472;52,47728124
205303;11;1;1011302;Oranienburger Stra�e                                                                                ;1100309;2018;9;8;5;3;2;6;0;0;1;0;0;0;0;0;798350,9065;5829034,289;13,39914071;52,52952481
205304;11;1;1022203;L�becker Stra�e                                                                                     ;1200625;2018;9;22;2;3;1;5;2;0;1;0;1;0;0;0;794689,6452;5828838,64;13,34515228;52,52976255
205305;11;8;8020728;Buckow Ost;8200833;2018;9;9;5;3;3;6;0;0;0;0;1;1;0;1;801639,8715;5817432,405;13,43698515;52,42372493
205306;11;3;3040508;Rosenthal;3400618;2018;9;7;5;3;0;2;1;1;1;0;0;0;0;0;796288,4498;5836456,541;13,37545467;52,59718211
205307;11;1;1011103;L�tzowstra�e                                                                                        ;1100103;2018;9;10;5;3;2;6;0;0;1;0;0;1;0;1;795326,6061;5826155,474;13,35213291;52,5053654
205308;11;1;1011203;Unter den Linden S�d;1100206;2018;9;15;2;3;2;6;0;1;1;0;0;0;0;0;797578,0096;5827309,166;13,38623736;52,51448362
205309;11;3;3050923;Wei�enseer Spitze;3500934;2018;9;14;2;3;5;3;0;0;1;0;1;0;0;0;800994,2017;5831899,754;13,44058517;52,55375532
205310;11;5;5020417;Staakener Stra�e                                                                                    ;5200420;2018;9;18;4;3;5;3;0;1;1;0;0;0;0;0;781915,3426;5828603,557;13,15714885;52,53441178
205311;11;1;1033201;Brunnenstra�e                                                                                       ;1300834;2018;9;14;2;3;5;2;0;1;1;0;0;0;0;0;798051,1222;5830032,63;13,39562983;52,53863761
205312;11;12;12301203;Wittenau S�d                                                                                        ;12500930;2018;9;21;5;3;5;2;2;0;1;0;0;0;0;0;792859,2166;5835169,997;13,32383353;52,58750663
205313;11;8;8041037;Alt-Rudow;8401243;2018;9;13;2;3;5;2;0;1;1;0;0;0;0;0;805576,7445;5817406,151;13,49467858;52,42130547
205314;11;1;1022204;Thomasiusstra�e                                                                                     ;1200626;2018;9;16;4;3;2;7;0;0;1;0;0;0;0;0;794788,8489;5828310,646;13,34614234;52,52497583
205315;11;3;3050923;Wei�enseer Spitze;3500934;2018;9;7;4;3;1;5;0;1;1;0;0;0;0;0;800467,761;5831752,481;13,43271056;52,55272596
205316;11;10;10010308;Marzahner Chaussee;10100311;2018;9;8;4;3;5;3;0;1;1;0;0;0;0;0;807140,711;5828478,622;13,52779838;52,5196639
205317;11;8;8020727;Buckow Mitte;8200832;2018;9;13;2;3;5;3;0;1;1;0;0;0;0;0;800950,1121;5816269,985;13,42582659;52,41368539
205318;11;2;2020203;Viktoriapark;2200209;2018;9;19;4;3;5;5;1;0;1;0;1;0;0;0;797118,4242;5824077,358;13,37660138;52,48576445
205319;11;2;2050601;Hausburgviertel;2500726;2018;9;19;4;3;6;4;1;1;0;1;0;0;0;0;801856,6447;5828437,662;13,45012225;52,52224735
205320;11;10;10040933;Mahlsdorf S�d                                                                                       ;10400940;2018;9;16;5;3;5;3;0;1;1;0;0;0;0;0;812120,1359;5825970,641;13,59859773;52,49436241
205321;11;1;1011105;N�rdlicher Landwehrkanal                                                                            ;1100102;2018;9;13;2;3;2;6;0;0;0;0;1;0;1;0;796193,8214;5826743,009;13,36539532;52,510162
205322;11;7;7060604;Marienfelde S�d;7601339;2018;9;18;4;3;5;2;0;1;1;0;0;0;0;0;795532,534;5816090,734;13,34624755;52,41503031
205323;11;4;4030415;Schlo�garten;4300412;2018;9;19;2;3;5;3;2;1;1;0;0;0;0;0;790794,1572;5827391,898;13,28662474;52,51888461
205324;11;3;3010102;Buch;3100103;2018;9;13;2;3;2;7;0;0;1;0;1;0;0;0;804506,8546;5840922,588;13,5005299;52,63266878
205325;11;10;10020517;Adele-Sandrock-Stra�e                                                                               ;10200524;2018;9;18;4;3;1;7;0;1;1;0;0;0;0;0;813063,4962;5830710,427;13,61690693;52,53629541
205326;11;6;6040703;Nikolassee;6400737;2018;9;12;5;3;5;2;0;1;1;0;0;0;0;0;786863,0935;5817434,342;13,22028372;52,43168954
205327;11;3;3020307;Buchholz;3200309;2018;9;7;4;3;2;6;0;0;1;0;0;0;0;0;800703,1577;5838651,745;13,44243201;52,61443463
205328;11;2;2020203;Viktoriapark;2200209;2018;9;23;4;2;0;5;2;0;0;0;1;0;1;0;797235,0524;5824509,464;13,37869926;52,48957436
205329;11;8;8010117;Schillerpromenade;8100103;2018;9;11;2;2;5;2;0;0;1;0;1;0;0;0;800621,2862;5823111,399;13,4271618;52,47518884
205330;11;3;3071537;Kollwitzplatz;3701555;2018;9;7;4;3;0;7;0;0;1;0;0;0;0;0;799601,3407;5830087,556;13,41846813;52,53827987
205331;11;6;6030503;Zehlendorf Mitte                                                                                    ;6300526;2018;9;18;5;3;2;6;0;1;1;0;0;0;0;0;789267,9735;5817479,598;13,25559756;52,43082889
205332;11;4;4030724;Lietzensee;4300415;2018;9;11;2;3;1;5;0;0;1;0;0;0;1;0;791235,4939;5826056,896;13,29194235;52,50668089
205333;11;12;12103117;Letteplatz;12100101;2018;9;7;4;2;1;5;0;1;0;0;0;0;1;0;796695,3456;5832979,266;13,37833172;52,5657907
205334;11;4;4051447;Ludwigkirchplatz;4501044;2018;9;10;4;3;2;7;0;1;1;0;0;0;0;0;793192,7462;5824715,368;13,31951657;52,49360628
205335;11;11;11010308;Zingster Stra�e Ost;11100307;2018;9;7;4;3;1;5;0;1;1;0;0;0;0;0;805032,6534;5834143,991;13,50202916;52,57162236
205336;11;2;2050803;Stralauer Kiez;2500835;2018;9;19;2;3;6;4;1;0;0;1;1;0;0;0;802385,7037;5826087,192;13,45576075;52,50088704
205337;11;3;3040614;Pankow Zentrum                                                                                      ;3400725;2018;9;7;4;3;5;3;0;1;0;0;0;0;0;0;799302,4879;5835045,836;13,41854686;52,58288706
205338;11;3;3040513;Sch�nholz;3400620;2018;9;16;4;3;5;3;0;1;1;0;0;0;0;0;796624,5271;5834171,231;13,37835607;52,57651386
205339;11;9;9010401;Johannisthal West;9100407;2018;9;9;2;3;6;2;0;0;1;1;0;0;0;0;805817,2609;5819648,791;13,50025543;52,44127093
205340;11;4;4051447;Ludwigkirchplatz;4501044;2018;9;14;4;2;5;2;0;1;0;0;1;0;0;0;793156,2301;5824516,293;13,31880508;52,49184125
205341;11;4;4010101;Jungfernheide;4100101;2018;9;9;2;3;5;3;0;1;0;0;0;0;1;0;789701,8694;5829564,278;13,27246494;52,53894171
205342;11;1;1022106;Elberfelder Stra�e                                                                                  ;1200522;2018;9;5;5;3;5;3;2;1;1;0;0;0;0;0;793702,5636;5828015,272;13,3299159;52,52291422
205343;11;2;2050801;Traveplatz;2500831;2018;9;18;2;2;1;5;1;1;1;0;0;0;0;0;802712,5179;5827352,607;13,46171122;52,51204766
205344;11;2;2040701;Andreasviertel;2400623;2018;9;7;4;2;6;4;0;1;0;1;0;0;0;0;800940,8266;5827598,834;13,43590604;52,51523498
205345;11;1;1022104;Emdener Stra�e                                                                                      ;1200520;2018;9;13;4;3;7;7;0;1;0;0;0;0;0;0;794575,9308;5828503,156;13,34318358;52,52681663
205346;11;4;4030519;Kaiserin-Augusta-Allee;4300518;2018;9;10;5;3;0;1;0;0;0;0;1;0;0;0;792248,5645;5828243,639;13,30874702;52,52574275
205347;11;9;9010202;K�penicker Landstra�e;9100203;2018;9;9;2;3;6;2;0;0;0;1;0;0;1;0;804102,9733;5823591,894;13,47870455;52,47756813
205348;11;1;1011101;St�lerstra�e                                                                                        ;1100101;2018;9;13;4;2;1;5;0;1;1;0;0;0;0;0;794995,9456;5825948,843;13,34709224;52,50369198
205349;11;8;8010211;Flughafenstra�e;8100206;2018;9;11;4;3;3;6;0;1;1;0;0;0;0;0;800919,3438;5823852,625;13,43220584;52,48166857
205350;11;1;1011302;Oranienburger Stra�e                                                                                ;1100309;2018;9;9;2;3;1;5;0;1;1;0;0;0;1;0;798098,0289;5828455,546;13,39490514;52,52447548
205351;11;1;1044101;Rehberge;1400938;2018;9;7;2;2;5;3;0;1;0;0;1;0;0;0;794183,9571;5830382,933;13,33908636;52,54387928
205352;11;1;7010101;Wittenbergplatz/Viktoria-Luise-Platz;7100101;2018;9;11;4;3;5;2;0;1;1;0;0;0;0;0;794697,5918;5826032,693;13,34278362;52,50460486
205353;11;9;9020701;Adlershof West;9200715;2018;9;7;2;2;5;3;0;1;1;0;0;0;0;0;807878,8101;5819181,516;13,53005916;52,43592646
205354;11;1;1011302;Oranienburger Stra�e                                                                                ;1100309;2018;9;14;4;2;0;1;0;1;0;0;0;0;0;0;798528,8233;5829003,601;13,4017281;52,52915233
205355;11;9;9010101;Elsenstra�e                                                                                         ;9100101;2018;9;7;2;3;5;3;0;0;1;0;1;0;0;0;802156,9748;5824740,756;13,4511802;52,48894556
205356;11;6;6020302;Komponistenviertel Lankwitz;6200312;2018;9;11;4;3;5;3;0;1;1;0;0;0;0;0;794339,7641;5819040,842;13,33135704;52,4421196
205357;11;4;4051446;Preu�enpark;4501043;2018;9;18;2;3;5;3;1;1;1;0;0;0;0;0;792557,2322;5824695,033;13,3101647;52,49376498
205358;11;5;5020625;Borkumer Stra�e                                                                                     ;5200629;2018;9;12;2;3;3;6;0;0;1;0;1;0;0;0;784052,4285;5828718,539;13,1886696;52,53433309
205359;11;4;4030930;George-Grosz-Platz;4501041;2018;9;9;4;3;5;3;0;1;1;0;0;0;0;0;793127,9119;5825402,941;13,31916941;52,49980495
205360;11;4;4030518;Tegeler Weg;4300517;2018;9;18;4;3;5;7;0;1;1;0;0;0;0;0;791981,0049;5828211,183;13,30478587;52,52559515
205361;11;4;4031032;Halensee;4500938;2018;9;8;5;3;2;6;0;0;1;0;0;0;0;0;792130,4445;5824997,536;13,30416152;52,49670546
205362;11;1;1011101;St�lerstra�e                                                                                        ;1100101;2018;9;18;2;2;5;3;0;0;0;0;1;0;1;0;795121,0726;5826500,043;13,34941899;52,50856542
205363;11;3;3061126;Arnimplatz;3601141;2018;9;18;4;3;2;6;0;0;1;0;1;0;0;0;799194,1859;5831774,898;13,41400283;52,55362796
205364;11;12;12103219;Sch�fersee;12100204;2018;9;13;4;2;5;2;0;0;1;0;1;0;0;0;795586,479;5833147,048;13,36216934;52,56789788
205365;11;1;1011302;Oranienburger Stra�e                                                                                ;1100309;2018;9;9;4;3;0;1;0;1;0;0;0;0;0;0;799040,1691;5828959,88;13,40920419;52,52848017
205366;11;2;2050601;Hausburgviertel;2500726;2018;9;18;2;3;2;6;0;0;1;0;1;0;0;0;802130,0478;5828455,354;13,45415574;52,5222545
205367;11;6;6030610;Lichterfelde West                                                                                   ;6300634;2018;9;17;2;3;5;2;0;0;1;0;1;0;0;0;791931,999;5819058,29;13,2960494;52,44356675
205368;11;1;1044101;Rehberge;1400937;2018;9;18;4;3;5;2;0;1;1;0;0;0;0;0;794304,9251;5831741,814;13,34206941;52,55599536
205369;11;7;7020203;Kaiser-Wilhelm-Platz;7200409;2018;9;17;2;3;1;1;0;0;1;0;1;0;0;0;795629,2334;5824184,541;13,35482944;52,48753365
205370;11;1;1022104;Emdener Stra�e                                                                                      ;1200520;2018;9;14;6;3;6;4;0;0;1;1;0;0;0;0;794136,1908;5828462,347;13,33668422;52,52668823
205371;11;10;10010311;Landsberger Tor;10100316;2018;9;16;2;3;5;2;0;0;0;0;1;0;1;0;810130,8738;5830977,981;13,57405824;52,54036972
205372;11;12;12103219;Sch�fersee;12100204;2018;9;8;4;2;6;2;0;0;1;1;0;0;0;0;795057,3735;5832793,315;13,35407089;52,56501402
205373;11;3;3050919;Gustav-Adolf-Stra�e;3500932;2018;9;17;4;3;2;3;0;0;1;0;0;0;0;0;801994,5711;5832819,081;13,45613169;52,56144143
205374;11;8;8010211;Flughafenstra�e;8100206;2018;9;16;2;3;6;7;0;0;1;1;0;0;0;0;801033,9862;5823774,523;13,43381838;52,48090532
205375;11;3;3071639;B�tzowstra�e;3701660;2018;9;17;2;3;3;6;0;1;1;0;0;0;0;0;800487,537;5829704,886;13,43114918;52,534362
205376;11;1;1011302;Oranienburger Stra�e                                                                                ;1100309;2018;9;8;4;3;6;4;0;1;0;1;0;0;0;0;798630,2608;5828827,241;13,40306057;52,52751595
205377;11;8;8010212;Rollberg;8100207;2018;9;17;4;3;3;6;0;1;1;0;0;0;0;0;801308,0226;5823558,311;13,43764604;52,47881624
205378;11;9;9020501;Obersch�neweide West;9200510;2018;9;6;5;3;3;6;0;0;1;0;1;0;0;0;806745,604;5822981,634;13,51693213;52,47062106
205379;11;10;10010310;Alt-Marzahn;10100313;2018;9;16;2;3;6;7;0;1;0;1;0;0;0;0;808518,8161;5831109,118;13,5504858;52,54245999
205380;11;1;1022104;Emdener Stra�e                                                                                      ;1200520;2018;9;16;4;3;0;2;0;1;1;0;0;0;0;0;794569,3907;5828430,19;13,34302281;52,52616607
205381;11;12;12302107;Schorfheidestra�e                                                                                   ;12601236;2018;9;13;4;3;5;7;0;0;1;0;0;0;1;0;793942,7807;5836168,201;13,34066748;52,59587036
205382;11;10;10040828;Kaulsdorf Nord                                                                                      ;10400835;2018;9;16;4;3;5;3;0;1;1;0;0;0;0;0;812418,4335;5829677,224;13,60645633;52,52740694
205383;11;6;6020306;Lankwitz S�d                                                                                        ;6200317;2018;9;15;2;3;5;7;0;1;1;0;0;0;0;0;795737,263;5816792,865;13,34986949;52,42121392
205384;11;6;6040810;Dahlem;6400844;2018;9;14;5;3;5;3;0;1;1;0;0;0;0;0;792358,6948;5820779,376;13,30381599;52,45876815
205385;11;7;7060604;Marienfelde S�d;7601341;2018;9;15;2;3;1;5;0;0;1;0;0;0;0;0;798180,84;5815133,789;13,38421934;52,40501604
205386;11;2;2030302;Lausitzer Platz;2300315;2018;9;8;4;3;5;3;0;1;0;0;0;0;0;0;800771,5825;5825870,722;13,43185811;52,4998388
205387;11;3;3030711;Blankenburg;3300514;2018;9;19;5;3;5;3;2;0;1;0;0;0;0;0;801043,8068;5836015,015;13,4450503;52,59061315
205388;11;9;9020802;K�llnische Vorstadt                                                                                 ;9200819;2018;9;15;2;3;2;2;0;0;1;0;0;0;0;0;810524,6154;5820012,13;13,56962674;52,4418746
205389;11;6;6040810;Dahlem;6400844;2018;9;23;4;3;2;6;2;0;1;0;0;0;1;0;791186,204;5820098,638;13,28601461;52,45329126
205390;11;8;8010213;K�rnerpark;8100208;2018;9;13;4;3;5;3;0;1;1;0;0;0;0;0;801249,8031;5822883,806;13,43618213;52,47280258
205391;11;3;3061429;Greifswalder Stra�e;3601449;2018;9;16;4;3;2;6;0;0;1;0;1;0;0;0;801912,7379;5830353,788;13,45268666;52,53939052
205392;11;1;1011306;Heine-Viertel Ost;1100313;2018;9;23;2;3;3;6;2;1;0;0;1;0;0;0;799934,6007;5826626,042;13,42024552;52,50706972
205393;11;7;7040403;Manteuffelstra�e                                                                                    ;7400823;2018;9;15;4;3;5;2;0;1;1;0;0;0;0;0;797317,2669;5821758,52;13,37745394;52,46487022
205394;11;1;1044103;Westliche M�llerstra�e                                                                              ;1400942;2018;9;21;4;3;5;2;2;0;1;0;0;0;0;0;794898,4468;5831077,485;13,35020851;52,54971914
205395;11;1;1011202;Unter den Linden Nord;1100206;2018;9;11;2;3;0;2;0;1;1;0;0;0;0;0;797199,138;5827496,139;13,38083762;52,5163662
205396;11;11;11040926;Weitlingstra�e;11400931;2018;9;8;4;3;5;2;0;1;0;0;0;0;1;0;806295,1049;5826843,631;13,51386999;52,50548628
205397;11;4;4061757;Forst Grunewald;4200207;2018;9;17;4;3;3;6;0;1;1;0;0;0;0;0;785229,7825;5824204,838;13,2021112;52,49324854
205398;11;5;5010206;G�tersloher Weg;5100208;2018;9;23;1;3;5;3;2;0;1;0;0;0;1;0;781438,3904;5830724,088;13,15193252;52,55367208
205399;11;8;8030830;Gropiusstadt S�d;8300935;2018;9;21;4;3;5;2;2;0;1;0;0;0;0;0;802290,779;5817836,915;13,44689398;52,42699146
205400;11;8;8010301;Reuterkiez;8100312;2018;9;21;1;3;5;3;2;1;1;0;0;0;0;0;801096,5671;5824349,407;13,43525635;52,48602367
205401;11;8;8020622;Parchimer Allee;8200726;2018;9;8;4;3;5;2;0;1;0;0;0;0;1;0;801257,5551;5819683,411;13,43340802;52,44411216
205402;11;6;6030504;Teltower Damm;6300528;2018;9;17;1;2;3;6;0;1;0;0;0;0;0;0;790056,5376;5815898,31;13,26579265;52,41623451
205403;11;12;12214424;Scharnweberstra�e                                                                                   ;12200309;2018;9;16;1;3;5;3;0;0;1;0;0;0;0;0;793366,2087;5833033,548;13,32940502;52,56808149
205404;11;9;9010301;Baumschulenstra�e;9100304;2018;9;20;4;3;5;5;2;0;1;0;0;0;0;0;804505,3961;5821911,618;13,48307801;52,46228411
205405;11;1;1044103;Westliche M�llerstra�e                                                                              ;1400942;2018;9;22;5;3;1;5;2;1;1;0;0;0;1;0;794960,1901;5831091,228;13,35112867;52,5498089
205406;11;9;9051901;Dammvorstadt;9501941;2018;9;8;4;3;2;6;0;0;1;0;0;0;1;0;811474,5908;5821169,87;13,58463723;52,45170946
205407;11;2;2020205;Chamissokiez;2200211;2018;9;8;4;3;5;7;0;1;1;0;0;0;0;0;799194,0271;5824236,711;13,40722047;52,4860594
205408;11;4;4030931;Breitscheidplatz;4501042;2018;9;15;1;3;2;7;0;0;1;0;1;0;0;0;793883,8498;5825512,038;13,33036973;52,50037637
205409;11;3;3020209;Niedersch�nhausen;3200205;2018;9;15;4;3;2;7;0;0;1;0;1;0;0;0;797307,5283;5834998,53;13,38914748;52,5835568
205410;11;1;1033201;Brunnenstra�e                                                                                       ;1300834;2018;9;15;1;3;3;6;0;1;0;0;1;0;0;0;798241,6277;5830912,208;13,39922004;52,54641758
205411;11;7;7060601;Marienfelder Allee Nordwest;7601236;2018;9;16;4;2;5;3;0;0;1;0;1;0;0;0;797198,5778;5817147,325;13,37161046;52,4235997
205412;11;3;3061131;Falkplatz;3601142;2018;9;13;1;3;5;3;0;0;1;0;0;0;1;0;798880,506;5830395,914;13,40814901;52,54143966
205413;11;8;8010115;Hasenheide;8100102;2018;9;13;1;3;5;3;0;1;0;0;1;0;0;0;799224,766;5823833,38;13,40730976;52,48242726
205414;11;5;5010311;Eiswerder;5100313;2018;9;15;4;2;6;4;0;0;1;1;0;0;0;0;785451,2707;5830612,739;13,2108644;52,55058534
205415;11;9;9020701;Adlershof West;9200715;2018;9;13;1;2;5;2;0;0;1;0;0;0;0;0;807697,7972;5818374,036;13,52666175;52,4287915
205416;11;1;1022202;Heidestra�e                                                                                         ;1200624;2018;9;12;1;3;3;6;0;0;1;0;0;0;0;0;795688,6464;5829759,568;13,36065539;52,53747688
205417;11;7;7060604;Marienfelde S�d;7601341;2018;9;7;4;3;5;3;0;1;1;0;0;0;0;0;797600,9441;5815579,753;13,37611636;52,40932919
205418;11;1;1033102;Gesundbrunnen;1300733;2018;9;15;4;2;5;5;0;0;1;0;1;0;0;0;797562,1877;5831289,077;13,38956763;52,55016726
205419;11;8;8010214;Glasower Stra�e;8100209;2018;9;11;5;3;2;6;0;0;1;0;0;0;1;0;801031,2937;5822164,631;13,43232595;52,46647685
205420;11;2;2050802;Boxhagener Platz;2500833;2018;9;12;1;3;5;3;0;0;1;0;0;0;0;0;802901,6711;5827090,423;13,46425137;52,50959274
205421;11;4;4041240;Messelpark;4400831;2018;9;15;4;3;0;3;0;1;1;0;0;0;0;0;790988,1139;5821910,977;13,28468774;52,46964457
205422;11;8;8040933;Vogelviertel S�d;8401139;2018;9;13;4;3;5;3;0;1;1;0;0;0;0;0;803027,0524;5819381,443;13,45908933;52,4404279
205423;11;6;6030608;Schweizer Viertel;6300632;2018;9;11;1;3;2;6;0;0;1;0;0;0;0;0;792584,6423;5817189,636;13,30398879;52,42646562
205424;11;4;4020314;Messegel�nde;4200311;2018;9;10;1;2;0;1;0;0;0;0;1;0;0;0;790268,7572;5825486,454;13,27724141;52,50208203
205425;11;9;9010101;Elsenstra�e                                                                                         ;9100101;2018;9;8;4;3;0;2;0;1;0;0;1;0;0;0;802210,107;5824891,637;13,45209717;52,4902685
205426;11;12;12224229;Konradsh�he/Tegelort;12400616;2018;9;9;1;3;5;3;0;0;1;0;0;0;0;0;786242,7451;5834757,951;13,22608291;52,58733448
205427;11;7;7020203;Kaiser-Wilhelm-Platz;7200409;2018;9;8;1;3;6;4;0;0;1;1;0;0;0;0;795123,03;5824343,799;13,34753707;52,48923516
205428;11;7;7040403;Manteuffelstra�e                                                                                    ;7400823;2018;9;17;3;3;2;6;0;1;1;0;0;0;0;0;797255,2713;5820695,808;13,37559775;52,45537778
205429;11;6;6030608;Schweizer Viertel;6300632;2018;9;7;3;3;1;5;1;1;0;0;0;0;1;0;790674,2704;5816292,534;13,27519251;52,41944113
205430;11;12;12231101;Hermsdorf;12400723;2018;9;7;5;3;5;3;0;1;1;0;0;0;0;0;791806,1587;5839580,502;13,31222304;52,62761086
205431;11;9;9020501;Obersch�neweide West;9200510;2018;9;12;1;3;2;2;0;0;1;0;0;0;0;0;806237,6597;5823210,261;13,50968753;52,47295507
205432;11;8;8041039;Frauenviertel;8401245;2018;9;13;3;3;1;5;0;0;1;0;0;0;0;0;806529,4513;5815442,561;13,50684686;52,40317403
205433;11;2;2010104;Wassertorplatz;2100106;2018;9;16;5;2;5;3;0;0;1;0;1;0;0;0;798592,2944;5825573,955;13,39958356;52,49837546
205434;11;4;4030518;Tegeler Weg;4300517;2018;9;21;3;3;0;6;2;0;1;0;1;0;0;0;792008,0055;5828225,918;13,30519567;52,52571279
205435;11;8;8041036;Zittauer Stra�e;8401242;2018;9;10;7;3;2;6;0;0;1;0;0;0;0;0;805124,8009;5817442,843;13,48808663;52,42188648
205436;11;1;1011203;Unter den Linden S�d;1100206;2018;9;19;3;3;0;3;1;0;1;0;1;0;0;0;797581,0476;5827219,196;13,38620154;52,51367549
205437;11;3;3061126;Arnimplatz;3601141;2018;9;10;5;3;5;5;0;1;1;0;0;0;0;0;798860,3956;5831348,775;13,40871073;52,54999166
205438;11;2;2050804;Stralauer Halbinsel;2500836;2018;9;6;7;3;5;2;0;1;1;0;0;0;0;0;803209,7013;5825584,093;13,46740461;52,49592063
205439;11;1;1011306;Heine-Viertel Ost;1100313;2018;9;22;3;3;0;3;2;0;1;0;1;0;0;0;800063,0659;5826416,932;13,42194416;52,50512475
205440;11;1;1044203;Leopoldplatz;1401048;2018;9;18;3;3;0;1;0;1;0;0;0;0;0;0;795608,5657;5831715,143;13,36121867;52,55505024
205441;11;1;1044203;Leopoldplatz;1401048;2018;9;5;7;3;0;4;2;0;1;1;0;0;0;0;795605,5228;5831712,183;13,36117128;52,55502536
205442;11;1;1011301;Charit�viertel;1100308;2018;9;9;7;3;0;2;0;0;1;0;1;0;0;0;797053,0313;5828175,414;13,37929737;52,52253475
205443;11;2;2030301;Oranienplatz;2300417;2018;9;18;3;3;6;4;0;0;1;1;0;0;0;0;800005,0952;5825671,288;13,42042087;52,4984731
205444;11;10;10020416;B�hlener Stra�e                                                                                     ;10200423;2018;9;11;7;3;2;2;0;1;1;0;0;0;1;0;812887,5869;5831169,425;13,61475402;52,54050949
205445;11;1;1011101;St�lerstra�e                                                                                        ;1100101;2018;9;9;6;3;0;7;0;0;1;0;1;0;0;0;795237,5657;5826610,302;13,35122825;52,50949077
205446;11;5;5010101;Hakenfelde Nord;5100104;2018;9;11;7;3;5;3;0;0;1;0;0;0;0;0;785748,7164;5831746,987;13,21621573;52,56059878
205447;11;4;4051447;Ludwigkirchplatz;4501044;2018;9;18;3;2;5;3;0;0;1;0;1;0;0;0;793216,0878;5825193,791;13,32028051;52,49788263
205448;11;4;4051447;Ludwigkirchplatz;4501044;2018;9;18;3;3;0;5;0;1;1;0;0;0;0;0;793420,6711;5825195,285;13,32328686;52,49778606
205449;11;3;3050920;Wei�er See;3500933;2018;9;10;7;3;2;6;0;0;1;0;0;0;0;0;802377,8855;5832587,463;13,46155808;52,55915275
205450;11;2;2020203;Viktoriapark;2200208;2018;9;17;3;3;3;6;0;0;1;0;1;0;0;0;797459,0739;5824926,621;13,38236134;52,49319169
205451;11;6;6020410;Oberhofer Platz;6200422;2018;9;9;4;3;5;3;0;0;1;0;0;0;0;0;794142,5544;5816686,329;13,32639275;52,42111834
205452;11;1;1033102;Gesundbrunnen;1300733;2018;9;14;3;2;5;2;0;1;1;0;0;0;0;0;797661,1443;5831882,627;13,39155491;52,5554336
205453;11;4;4041241;Breite Stra�e;4400832;2018;9;14;3;3;1;5;0;1;1;0;0;0;0;0;791344,5664;5822420,798;13,29036566;52,47402514
205454;11;12;12103117;Letteplatz;12100101;2018;9;8;3;3;5;2;0;1;1;0;0;0;0;0;795769,4805;5832572,027;13,36434886;52,56264401
205455;11;6;6010208;Bergstra�e                                                                                          ;6100208;2018;9;14;3;3;5;3;0;1;1;0;0;0;0;0;794115,5035;5820813,053;13,32962771;52,45812742
205456;11;12;12224230;Heiligensee;12400618;2018;9;18;5;3;4;6;0;1;0;0;0;0;0;0;787154,6934;5838088,202;13,24239572;52,61671087
205457;11;1;1011202;Unter den Linden Nord;1100206;2018;9;9;3;3;4;2;0;1;1;0;0;0;0;0;797199,138;5827496,139;13,38083762;52,5163662
205458;11;7;7030301;Friedenau;7300517;2018;9;18;4;3;9;1;0;0;0;0;1;0;0;0;793930,295;5822665,475;13,32854145;52,47483326
205459;11;1;1033102;Gesundbrunnen;1300733;2018;9;11;3;3;1;5;0;0;0;0;1;0;1;0;797476,3128;5831272,837;13,38829032;52,55006859
205460;11;3;3050923;Wei�enseer Spitze;3500934;2018;9;7;2;3;5;3;0;0;1;0;1;0;0;0;801159,6045;5831611,617;13,44275604;52,55108129
205461;11;3;3061332;Helmholtzplatz;3601346;2018;9;16;3;3;1;5;0;1;0;0;0;0;1;0;799233,4229;5831106,111;13,41397713;52,54761178
205462;11;1;1033202;Humboldthain S�d;1300835;2018;9;17;2;3;5;3;0;0;1;0;0;0;0;1;797787,5808;5830039,431;13,39176166;52,53884264