OBJECTID;LAND;BEZ;LOR;STRASSE;LOR_ab_2021;UJAHR;UMONAT;USTUNDE;UWOCHENTAG;UKATEGORIE;UART;UTYP1;ULICHTVERH;IstRad;IstPKW;IstFuss;IstKrad;IstGkfz;IstSonstig;USTRZUSTAND;LINREFX;LINREFY;XGCSWGS84;YGCSWGS84
206137;11;4;4041241;Breite Stra�e;4400832;2018;10;13;2;3;1;5;0;1;1;0;0;0;1;0;791633,1735;5822479,312;13,29465392;52,47439569
206138;11;6;6030608;Schweizer Viertel;6300632;2018;10;16;6;2;0;1;0;1;0;0;0;0;0;0;792651,2088;5817293,905;13,30505623;52,42736478
206139;11;6;6040805;Fischerh�ttenstra�e                                                                                 ;6400839;2018;10;8;2;3;0;3;0;1;0;0;0;0;1;0;787512,1264;5817717,845;13,23004776;52,43389063
206140;11;4;4030621;Spreestadt;4300620;2018;10;12;6;2;4;7;0;0;1;1;0;0;1;0;793510,0237;5827895,329;13,32698033;52,52194267
206141;11;2;2030301;Oranienplatz;2300314;2018;10;9;4;3;3;6;0;1;1;0;0;0;0;0;799843,0787;5825799,252;13,41815656;52,49970914
206142;11;8;8030829;Gropiusstadt Nord;8300934;2018;10;17;6;3;1;5;0;0;1;0;0;0;0;0;803202,7243;5818251,834;13,46064138;52,43020581
206143;11;2;2050602;Samariterviertel;2500727;2018;10;7;2;3;0;7;0;1;0;0;0;0;1;0;802657,5345;5827996,981;13,46148958;52,51785363
206144;11;12;12224230;Heiligensee;12400619;2018;10;9;4;3;5;3;0;1;1;0;0;0;0;0;787002,3527;5836494,733;13,23876959;52,60250526
206145;11;12;12301206;L�bars;12500929;2018;10;16;6;3;5;3;0;0;1;0;1;0;0;0;793978,1648;5837480,512;13,34235374;52,60761507
206146;11;2;2040502;Friedenstra�e;2400521;2018;10;9;4;3;5;2;0;1;0;0;0;0;1;0;801250,9189;5827845,047;13,44068485;52,51727064
206147;11;2;2020203;Viktoriapark;2200208;2018;10;7;2;2;5;2;0;1;1;0;0;0;0;0;797833,4594;5824902,044;13,3878375;52,49276723
206148;11;4;4020208;Kranzallee;4200206;2018;10;15;4;3;0;2;0;1;1;0;0;0;0;0;787288,089;5825684,431;13,23362169;52,50543456
206149;11;2;2040701;Andreasviertel;2400623;2018;10;13;6;3;1;5;0;1;1;0;0;0;1;0;800515,6256;5827053,366;13,42916631;52,51058022
206150;11;1;1044101;Rehberge;1400938;2018;10;8;2;3;2;6;0;0;1;0;0;0;0;0;793877,3503;5830084,696;13,33431428;52,54137123
206151;11;4;4041137;Flinsberger Platz;4400727;2018;10;8;2;2;0;2;0;1;1;0;0;0;0;0;791121,6798;5823172,289;13,28774946;52,48088113
206152;11;2;2050803;Stralauer Kiez;2500835;2018;10;18;4;3;0;6;1;0;1;0;1;0;0;0;803106,2131;5826102,34;13,46635649;52,50062309
206153;11;1;1022206;L�neburger Stra�e                                                                                   ;1200628;2018;10;9;2;3;6;4;0;1;0;1;0;0;0;0;796132,2075;5828453,132;13,36601233;52,52552511
206154;11;2;2010104;Wassertorplatz;2100106;2018;10;8;4;3;3;6;0;1;1;0;0;0;0;0;799881,9439;5825711,263;13,41864816;52,4988991
206155;11;6;6010205;S�dende;6100205;2018;10;13;6;2;5;3;0;0;1;0;1;0;0;0;795777,9051;5819921,51;13,3532335;52,44923822
206156;11;2;2010102;Mehringplatz;2100102;2018;10;10;2;3;2;6;0;0;1;0;0;0;0;0;798365,0327;5826317,431;13,39691184;52,50516406
206157;11;2;2040701;Andreasviertel;2400623;2018;10;11;2;3;5;3;0;1;1;0;0;0;0;0;800602,4782;5827039,536;13,43042975;52,51040841
206158;11;7;7010102;Nollendorfplatz;7100102;2018;10;11;6;2;6;4;0;0;1;1;0;0;0;0;794993,2822;5825624,411;13,34676571;52,50078511
206159;11;12;12103115;Breitkopfbecken;12100103;2018;10;7;2;3;5;2;0;1;0;0;0;0;1;0;796305,1103;5833955,892;13,37346379;52,57475759
206160;11;1;1022101;Huttenkiez;1200517;2018;10;8;4;2;3;6;0;1;0;0;0;0;1;0;793524,0322;5829121,524;13,32826869;52,53292735
206161;11;4;4010101;Jungfernheide;4100101;2018;10;11;6;3;2;6;0;0;1;0;0;0;0;0;791271,3031;5830701,937;13,29653768;52,54830404
206162;11;1;1044102;Schillerpark;1400940;2018;10;13;2;3;5;3;0;0;1;0;0;0;0;0;795874,8228;5832063,799;13,36544525;52,55803102
206163;11;4;4051448;Schaperstra�e;4501045;2018;10;13;6;3;5;3;0;0;1;0;1;0;0;0;794177,8024;5825320,979;13,33451889;52,49850524
206164;11;3;3030716;M�rchenland;3300517;2018;10;7;4;3;5;2;0;1;1;0;0;0;0;0;802581,1176;5833487,672;13,46536777;52,56710825
206165;11;2;2010103;Moritzplatz;2100104;2018;10;7;2;2;0;7;0;1;0;0;0;0;0;0;799292,2261;5826221,478;13,41044543;52,50379617
206166;11;8;8010404;Rixdorf;8100415;2018;10;7;4;3;5;3;0;1;1;0;0;0;0;0;802008,6363;5823486,243;13,44786563;52,4777833
206167;11;1;1011105;N�rdlicher Landwehrkanal                                                                            ;1100102;2018;10;10;6;3;2;6;0;0;1;0;0;0;1;0;795289,0347;5826629,496;13,35200146;52,50963497
206168;11;10;10020622;Kaulsdorf Nord I                                                                                    ;10200629;2018;10;12;4;3;6;7;0;0;1;1;0;0;0;0;810822,9865;5828080,372;13,58152214;52,51400882
206169;11;9;9031001;Bohnsdorf;9301025;2018;10;7;2;3;8;1;0;0;1;0;0;0;0;0;811742,1343;5815834,725;13,58358904;52,4037461
206170;11;1;1011101;St�lerstra�e                                                                                        ;1100101;2018;10;19;4;3;5;2;2;1;0;0;0;0;1;0;795230,903;5826625,961;13,35114425;52,50963475
206171;11;11;11041128;Sewanstra�e;11401136;2018;10;10;6;3;5;2;0;1;1;0;0;0;0;0;806067,6611;5825798,939;13,50956934;52,49625105
206172;11;9;9041301;Kietzer Feld/Nachtheide                                                                             ;9401329;2018;9;17;1;3;5;3;1;0;1;0;0;0;0;0;811972,2391;5819341,263;13,59022953;52,43503881
206173;11;9;9041501;Altstadt Kietz;9401534;2018;9;20;1;2;3;6;2;0;1;0;1;0;0;0;811375,0654;5819790,34;13,58189179;52,43940348
206174;11;9;9051901;Dammvorstadt;9501939;2018;10;13;6;3;5;2;0;1;1;0;0;0;0;0;810938,5402;5821589,185;13,57716479;52,45577233
206175;11;6;6030503;Zehlendorf Mitte                                                                                    ;6300527;2018;9;12;1;3;6;4;0;1;0;1;0;0;0;0;791030,3241;5818743,803;13,28254683;52,44122799
206176;11;1;1011203;Unter den Linden S�d;1100206;2018;10;8;3;3;0;2;0;0;0;0;1;0;1;0;797576,537;5827318,311;13,3862239;52,5145664
206177;11;10;10010308;Marzahner Chaussee;10100311;2018;10;9;6;3;2;1;0;1;1;0;0;0;0;0;807670,9068;5830767,089;13,53770556;52,53987417
206178;11;4;4030726;Droysenstra�e;4500936;2018;9;10;1;3;0;7;0;0;0;0;1;0;0;0;791801,7716;5825398,504;13,29968508;52,50047592
206179;11;5;5010314;Carl-Schurz-Stra�e                                                                                  ;5100316;2018;10;12;6;2;5;2;0;0;1;0;0;0;0;1;783603,9096;5829148,571;13,18244186;52,53842241
206180;11;4;4030929;Hindemithplatz;4501040;2018;10;15;3;3;1;5;0;1;1;0;0;0;0;0;792473,7272;5825405,722;13,30956225;52,50018088
206181;11;8;8010213;K�rnerpark;8100208;2018;10;9;6;3;2;2;0;1;1;0;0;0;0;0;801634,1807;5822640,655;13,44160413;52,47041106
206182;11;1;1011301;Charit�viertel;1100308;2018;9;10;1;3;3;2;0;0;1;0;0;0;0;0;796913,7308;5829478,766;13,37841418;52,53429373
206183;11;7;7010102;Nollendorfplatz;7100102;2018;10;16;3;3;1;5;0;1;1;0;0;0;0;0;795188,8133;5825426,293;13,34946226;52,49890339
206184;11;5;5020417;Staakener Stra�e                                                                                    ;5200420;2018;10;12;6;3;0;7;0;0;1;0;1;0;0;1;783590,1978;5828867,528;13,18200038;52,53590967
206185;11;11;11010309;Zingster Stra�e West;11100308;2018;9;7;1;3;1;5;0;0;1;0;0;1;0;0;804479,96;5833365,092;13,49318421;52,56495097
206186;11;11;11030720;Herzbergstra�e;11300721;2018;10;9;6;2;5;3;0;0;1;0;1;0;0;0;804943,31;5828708,802;13,49572456;52,52296006
206187;11;6;6030503;Zehlendorf Mitte                                                                                    ;6300527;2018;10;16;3;2;1;5;0;0;1;0;0;0;0;0;790262,7265;5817529,572;13,27023131;52,43075002
206188;11;7;7010102;Nollendorfplatz;7100103;2018;9;0;1;3;0;1;2;1;1;0;0;0;0;0;795848,2948;5825208,893;13,35895578;52,49659746
206189;11;10;10040830;Kaulsdorf S�d                                                                                       ;10400837;2018;10;15;3;3;0;2;0;1;1;0;0;0;0;0;810598,9786;5825518,924;13,57584264;52,49118203
206190;11;1;1011301;Charit�viertel;1100308;2018;10;9;6;3;3;2;0;1;1;0;0;0;0;0;797514,5153;5828449,745;13,38632454;52,52474219
206191;11;1;1011402;Arkonaplatz;1100416;2018;10;22;3;3;5;2;2;1;1;0;0;0;0;0;798796,7892;5829172,435;13,40581824;52,53051887
206192;11;8;8010211;Flughafenstra�e;8100206;2018;9;20;1;3;5;3;2;1;1;0;0;0;0;0;801107,4839;5823535,043;13,43468112;52,47871828
206193;11;6;6010210;Bismarckstra�e                                                                                      ;6100210;2018;10;11;3;2;0;7;0;0;1;0;0;0;0;0;794948,4128;5821031,443;13,3420436;52,45963629
206194;11;1;1011202;Unter den Linden Nord;1100206;2018;10;8;6;3;5;3;0;1;1;0;0;0;0;0;797183,1136;5827555,094;13,38065483;52,5169034
206195;11;11;11020515;Landsberger Allee;11200514;2018;9;18;1;3;5;7;0;0;1;0;1;0;0;0;803614,4375;5830236,902;13,47759391;52,53739751
206196;11;8;8030829;Gropiusstadt Nord;8300934;2018;10;12;6;3;0;6;0;0;1;0;0;0;1;0;802750,8129;5818156,186;13,45392821;52,42959878
206197;11;11;11010205;Falkenberg West;11100204;2018;10;20;3;2;6;4;2;0;1;1;0;0;0;0;806326,4558;5833881,046;13,52081728;52,56853927
206198;11;9;9041301;Kietzer Feld/Nachtheide                                                                             ;9401329;2018;9;18;1;3;5;2;0;1;1;0;0;0;0;0;812411,47;5819585,114;13,5968975;52,43697337
206199;11;3;3040818;Pankow S�d                                                                                          ;3400828;2018;10;16;5;3;6;7;0;0;1;1;0;0;0;0;799792,4983;5832220,284;13,42320338;52,5572911
206200;11;7;7070703;John-Locke-Stra�e                                                                                   ;7601544;2018;10;7;2;3;3;6;0;1;1;0;0;0;1;0;799934,3164;5813196,92;13,40818479;52,38669685
206201;11;10;10020622;Kaulsdorf Nord I                                                                                    ;10200629;2018;10;7;2;3;5;2;0;0;1;0;1;0;0;0;810960,3656;5828189,684;13,58364221;52,51491011
206202;11;4;4051551;Brabanter Platz;4501148;2018;10;8;5;3;5;2;0;1;1;0;0;0;0;0;793338,0449;5823073,106;13,32020524;52,47880593
206203;11;2;2050803;Stralauer Kiez;2500835;2018;10;5;2;3;2;6;2;0;1;0;1;0;0;0;803020,5459;5825763,498;13,46479005;52,49763366
206204;11;2;2050801;Traveplatz;2500832;2018;10;16;5;3;5;2;0;1;1;0;0;0;0;0;803339,1163;5827193,011;13,47077075;52,51026915
206205;11;5;5010339;Freiheit;5100317;2018;10;4;2;2;4;6;2;0;1;0;0;1;0;0;786800,2382;5828396,408;13,22879179;52,53000595
206206;11;10;10030727;Biesdorf S�d                                                                                        ;10300734;2018;10;10;3;3;5;3;0;0;1;0;0;1;0;1;809788,6982;5827260,172;13,56556607;52,5072469
206207;11;8;8010301;Reuterkiez;8100310;2018;10;8;5;3;5;7;0;1;1;0;0;0;0;0;801021,9274;5824857,276;13,43461918;52,49061699
206208;11;9;9031001;Bohnsdorf;9301025;2018;10;14;2;2;5;3;0;1;1;0;0;0;0;0;811345,8701;5815650,184;13,57761137;52,40231774
206209;11;9;9041402;Siedlung K�mmereiheide;9401432;2018;10;6;3;3;5;3;2;1;1;0;0;0;0;0;812129,7713;5820784,397;13,59388711;52,44788143
206210;11;3;3071536;Teutoburger Platz;3701554;2018;10;14;2;3;0;1;0;1;0;0;0;0;0;0;799137,9554;5830315,739;13,41186168;52,54057975
206211;11;3;3061227;Humannplatz;3601243;2018;10;15;5;3;5;3;0;1;1;0;0;0;0;0;799500,6475;5831775,853;13,4185103;52,55346808
206212;11;5;5010314;Carl-Schurz-Stra�e                                                                                  ;5100316;2018;10;13;2;3;5;3;0;1;1;0;0;0;0;0;785067,4737;5829483,16;13,20424983;52,54065865
206213;11;1;1011301;Charit�viertel;1100308;2018;10;12;3;3;0;1;0;1;0;0;0;0;0;1;797445,3005;5828860,678;13,38567494;52,52846348
206214;11;5;5020419;Magistratsweg;5200423;2018;10;15;5;2;5;7;1;1;1;0;0;0;0;0;781744,116;5828438,504;13,15449122;52,53302038
206215;11;7;7030303;Grazer Platz;7300619;2018;10;18;2;3;7;7;2;1;0;0;0;0;0;1;795449,1245;5820988,39;13,34935361;52,45897988
206216;11;6;6020306;Lankwitz S�d                                                                                        ;6200317;2018;10;14;5;2;5;3;0;1;1;0;0;0;0;0;796184,5232;5817202,995;13,35679051;52,42464856
206217;11;4;4030929;Hindemithplatz;4501040;2018;10;13;2;3;5;3;0;1;0;0;0;0;1;1;792616,2848;5825438,431;13,3116851;52,50039769
206218;11;10;10040828;Kaulsdorf Nord                                                                                      ;10400835;2018;10;13;2;3;3;6;0;0;1;0;0;0;1;0;811367,3735;5828018,996;13,58946102;52,51314834
206219;11;5;5030832;Rohrdamm;5300841;2018;10;14;5;3;6;2;0;0;1;1;0;0;0;0;789520,076;5829468,591;13,26970861;52,53818048
206220;11;3;3061227;Humannplatz;3601244;2018;10;14;2;3;5;3;0;1;1;0;0;0;0;0;800083,2939;5831671,701;13,42698404;52,55221385
206221;11;4;4030931;Breitscheidplatz;4501042;2018;10;12;2;3;2;6;0;0;1;0;0;0;0;1;793926,1244;5825854,415;13,33129292;52,50342284
206222;11;11;11040926;Weitlingstra�e;11400929;2018;10;14;5;2;1;5;0;0;1;0;0;0;1;0;805160,331;5827132,611;13,4974678;52,50871211
206223;11;3;3020307;Buchholz;3200308;2018;10;11;2;3;6;7;0;0;1;1;0;0;0;1;799283,0897;5837438,627;13,42042355;52,60434502
206224;11;2;2040703;Wriezener Bahnhof/Entwicklungsgebiet;2400625;2018;10;12;2;3;5;3;0;0;1;0;0;0;1;0;801372,1036;5826522,23;13,44126756;52,50534707
206225;11;1;1011201;Wilhelmstra�e                                                                                       ;1100205;2018;10;11;2;3;5;2;0;1;1;0;0;0;0;1;797455,5821;5826836,803;13,38401634;52,51031621
206226;11;12;12214125;Waldidyll/Flughafensee;12200412;2018;10;18;5;3;0;1;2;0;0;0;1;0;0;1;791121,9942;5833978,182;13,29721659;52,57775479
206227;11;4;4051447;Ludwigkirchplatz;4501044;2018;10;11;2;2;5;2;0;0;1;0;1;0;0;0;793348,1588;5824653,191;13,32174439;52,49296538
206228;11;10;10020622;Kaulsdorf Nord I                                                                                    ;10200629;2018;10;11;2;3;0;1;0;0;0;0;1;0;0;1;811126,2274;5829171,005;13,58699629;52,52360949
206229;11;1;1011204;Leipziger Stra�e                                                                                    ;1100207;2018;10;11;2;3;0;6;0;0;1;0;0;0;1;0;798696,923;5827085,797;13,40247661;52,51186982
206230;11;1;1011402;Arkonaplatz;1100416;2018;10;10;5;3;0;1;0;1;0;0;0;0;0;0;798522,385;5829137,794;13,40175397;52,53035871
206231;11;3;3061228;Erich-Weinert-Stra�e;3601245;2018;10;11;2;3;5;7;0;1;1;0;0;0;0;0;800565,9485;5831408,4;13,43384291;52,54958772
206232;11;4;4041133;G�terbahnhof Grunewald;4400725;2018;10;10;2;2;5;3;0;1;1;0;0;0;0;0;790561,4899;5825208,311;13,2812992;52,49943266
206233;11;7;7050503;Eisenacher Stra�e                                                                                   ;7501031;2018;10;20;5;3;0;1;2;0;0;0;1;0;0;1;798094,6683;5820488,126;13,38772899;52,453059
206234;11;5;5020625;Borkumer Stra�e                                                                                     ;5200629;2018;10;8;5;2;5;3;0;0;1;0;0;0;0;0;784482,999;5828546,079;13,19485274;52,53256222
206235;11;7;7040405;Rathaus Tempelhof;7400927;2018;10;17;2;3;5;3;1;0;1;0;0;0;1;0;799132,856;5821713,213;13,40405907;52,46347317
206236;11;1;1022103;Westhafen;1200517;2018;10;8;5;3;5;3;0;1;0;0;0;0;1;0;794876,8454;5829526,328;13,34851396;52,53582592
206237;11;8;8010301;Reuterkiez;8100312;2018;10;11;2;3;5;3;0;1;1;0;0;0;0;0;801450,8388;5823878,197;13,44003178;52,48160463
206238;11;10;10010308;Marzahner Chaussee;10100311;2018;10;16;2;3;2;6;0;0;1;0;0;0;0;0;806737,7457;5830281,514;13,52354125;52,53604845
206239;11;1;1044101;Rehberge;1400937;2018;10;8;5;3;1;5;0;1;1;0;0;0;0;0;794263,176;5831383,828;13,34113805;52,55280883
206240;11;1;1011303;Alexanderplatzviertel;1100310;2018;10;8;2;3;0;1;0;0;0;0;1;0;0;0;799285,8649;5828934,144;13,41279202;52,52811466
206241;11;7;7070705;Franziusweg/Rohrbachstra�e                                                                          ;7601546;2018;10;11;2;3;5;3;0;0;1;0;0;0;1;0;798556,4256;5814413,429;13,38908202;52,39835412
206242;11;3;3050925;Komponistenviertel Wei�ensee;3500936;2018;10;8;5;3;5;3;0;0;1;0;0;0;0;0;802276,195;5831441,959;13,4590196;52,54894221
206243;11;6;6030605;Botanischer Garten;6300629;2018;10;11;2;2;5;2;0;0;1;0;1;0;0;0;791750,377;5819297,245;13,29359348;52,44580593
206244;11;1;1011201;Wilhelmstra�e                                                                                       ;1100205;2018;10;16;2;3;5;3;0;0;1;0;1;0;0;1;796970,1271;5826857,901;13,37690304;52,51076983
206245;11;6;6040807;Zehlendorf Eiche                                                                                    ;6400841;2018;10;10;2;3;5;2;0;1;1;0;0;0;0;0;789997,0912;5819165,06;13,26775417;52,44555361
206246;11;2;2020205;Chamissokiez;2200211;2018;10;8;5;3;6;7;0;0;1;1;0;0;0;0;798280,7875;5824575,326;13,39411426;52,48959435
206247;11;5;5030730;Zitadellenweg;5300736;2018;10;10;2;3;2;6;0;0;1;0;0;0;0;0;785439,52;5829252,649;13,20952274;52,53839715
206248;11;2;2020205;Chamissokiez;2200211;2018;10;7;5;3;3;6;0;1;1;0;0;0;0;0;797789,4387;5824596,965;13,38691838;52,49005657
206249;11;5;5010314;Carl-Schurz-Stra�e                                                                                  ;5100316;2018;10;9;2;3;5;3;0;1;1;0;0;0;0;0;785066,9298;5829482,029;13,20424086;52,54064879
206250;11;1;1022205;Zillesiedlung;1200627;2018;10;8;2;3;5;1;0;0;1;0;1;0;0;0;795984,5511;5828712,859;13,36407343;52,52793349
206251;11;1;1033201;Brunnenstra�e                                                                                       ;1300834;2018;10;9;2;3;5;2;0;0;1;0;0;0;0;0;798076,9492;5829991,689;13,39597278;52,53825649
206252;11;3;3061227;Humannplatz;3601243;2018;10;6;5;2;0;3;0;0;1;0;1;0;0;0;799828,901;5831538,031;13,42312256;52,55115582
206253;11;7;7030303;Grazer Platz;7300619;2018;10;9;2;3;5;3;0;1;0;0;0;0;0;0;794874,8387;5822203,823;13,34199978;52,47018571
206254;11;4;4020310;Park Ruhwald;4200308;2018;10;16;2;3;5;2;0;0;1;0;0;0;0;1;790356,5201;5827320,641;13,28013087;52,51847899
206255;11;1;1011304;Karl-Marx-Allee;1100311;2018;10;6;5;2;5;3;2;0;1;0;1;0;0;0;799745,7634;5827565,992;13,41831809;52,51559869
206256;11;2;2040703;Wriezener Bahnhof/Entwicklungsgebiet;2400625;2018;10;18;5;3;3;6;1;0;0;0;1;1;0;0;801756,2229;5826234,952;13,4466494;52,50255987
206257;11;4;4010103;Paul-Hertz-Siedlung;4100102;2018;10;16;2;3;2;6;0;0;1;0;0;0;0;1;791218,9306;5829148,391;13,29440566;52,53440472
206258;11;3;3061126;Arnimplatz;3601140;2018;10;15;5;3;5;2;2;1;1;0;0;0;0;0;798417,3869;5831797,886;13,40260023;52,55426017
206259;11;3;3050925;Komponistenviertel Wei�ensee;3500936;2018;10;9;2;3;4;2;0;1;1;0;0;0;0;0;801703,147;5831084,887;13,45026967;52,54605944
206260;11;4;4030827;Karl-August-Platz;4300623;2018;10;11;5;3;2;3;0;0;1;0;0;0;0;0;792735,2686;5826109,727;13,31402312;52,50635184
206261;11;2;2020203;Viktoriapark;2200209;2018;10;15;2;3;5;3;0;1;1;0;0;0;0;1;797117,1263;5823986,167;13,37650104;52,48494773
206262;11;1;1011304;Karl-Marx-Allee;1100311;2018;10;9;2;3;6;4;0;1;0;1;0;0;0;0;799698,4752;5827820,864;13,41785289;52,5179092
206263;11;2;2020204;Urbanstra�e;2200210;2018;10;12;4;3;5;2;0;1;1;0;0;0;0;0;798581,8366;5825148,429;13,39904854;52,49456691
206264;11;4;4020311;Reichsstra�e;4200310;2018;10;9;2;3;1;5;0;1;1;0;0;0;0;0;789490,6837;5826609,401;13,26678731;52,51256288
206265;11;1;1011301;Charit�viertel;1100308;2018;10;8;2;3;0;3;0;1;1;0;0;0;0;0;797014,1778;5828941,838;13,37941096;52,52942605
206266;11;4;4030623;Ernst-Reuter-Platz;4300622;2018;10;12;2;3;2;6;0;1;1;0;0;0;0;0;793895,0944;5826218,155;13,33115817;52,50670029
206267;11;4;4030828;Savignyplatz;4300624;2018;10;18;4;3;1;5;1;1;1;0;0;0;0;0;792750,5338;5826271,404;13,31438957;52,50779303
206268;11;6;6020305;Gemeindepark Lankwitz;6200315;2018;10;14;2;2;5;3;0;1;0;0;0;0;1;0;795399,0983;5817607,145;13,3456302;52,42869613
206269;11;12;12214527;Alt-Tegel;12200515;2018;10;15;2;3;2;6;0;0;1;0;0;0;0;1;790284,0286;5835028,976;13,28580556;52,58762272
206270;11;8;8010510;Gewerbegebiet K�llnische Heide;8100521;2018;10;9;4;3;2;2;0;0;1;0;0;0;0;0;802650,4185;5822171,543;13,4560938;52,46564434
206271;11;10;10040931;Mahlsdorf Nord                                                                                      ;10400938;2018;10;6;2;2;2;6;1;0;1;0;0;0;0;0;813718,9096;5829945,819;13,62581686;52,52906703
206272;11;2;2010101;Askanischer Platz;2100101;2018;10;16;1;3;5;2;0;0;1;0;0;0;0;0;797622,139;5825581,659;13,38534133;52,49897447
206273;11;5;5030832;Rohrdamm;5300841;2018;10;15;2;2;0;6;0;0;1;0;1;0;0;1;789641,5801;5829290,544;13,27133989;52,5365197
206274;11;6;6010207;Mittelstra�e                                                                                        ;6100207;2018;10;14;2;2;5;3;0;0;1;0;1;0;0;1;793185,2739;5820002,579;13,31526458;52,45136155
206275;11;2;2040701;Andreasviertel;2400623;2018;10;17;4;3;5;3;0;1;0;0;1;0;0;0;800586,4061;5827585,07;13,43068638;52,51530704
206276;11;7;7040406;Germaniagarten;7400928;2018;10;16;4;3;5;2;0;1;1;0;0;0;0;0;800125,499;5821937,344;13,41882793;52,46493787
206277;11;6;6010206;Stadtpark;6100206;2018;10;14;2;3;2;6;0;0;1;0;0;0;0;1;794754,8146;5820066,24;13,33835042;52,45108821
206278;11;1;1011402;Arkonaplatz;1100416;2018;10;16;4;3;6;4;0;0;1;1;0;0;0;0;798637,3583;5829480,771;13,40375195;52,53337003
206279;11;8;8030831;Gropiusstadt Ost;8301036;2018;10;13;1;2;5;2;0;1;1;0;0;0;0;0;803726,0178;5817995,389;13,46808165;52,42761705
206280;11;5;5010314;Carl-Schurz-Stra�e                                                                                  ;5100316;2018;10;15;2;2;2;6;0;0;1;0;0;0;0;1;784790,4784;5828845,253;13,19962982;52,53508405
206281;11;3;3061429;Greifswalder Stra�e;3601449;2018;10;18;4;3;5;3;1;1;1;0;0;0;0;0;801940,6762;5830654,819;13,45337092;52,54207317
206282;11;4;4041343;Binger Stra�e;4400834;2018;10;14;2;3;2;6;0;0;1;0;0;0;0;1;792622,2724;5821816,632;13,30859365;52,4679259
206283;11;6;6030607;Goerzwerke;6300631;2018;10;11;1;2;1;7;0;0;1;0;1;0;0;0;791069,1847;5815854,473;13,28060224;52,41530392
206284;11;7;7070703;John-Locke-Stra�e                                                                                   ;7601544;2018;10;18;4;2;5;2;1;0;1;0;0;0;0;0;799776,2065;5813975,668;13,40656495;52,39376388
206285;11;5;5010314;Carl-Schurz-Stra�e                                                                                  ;5100316;2018;10;11;1;2;5;2;0;1;1;0;0;0;0;0;784795,2884;5828783,446;13,19964757;52,53452737
206286;11;7;7050503;Eisenacher Stra�e                                                                                   ;7501031;2018;10;14;2;3;2;6;0;0;0;0;0;1;1;1;799194,2855;5820014,242;13,40343822;52,44821049
206287;11;4;4030622;Richard-Wagner-Stra�e;4300621;2018;10;11;1;3;1;5;0;1;1;0;0;0;0;0;791937,888;5826921,564;13,30302031;52,51405708
206288;11;4;4030622;Richard-Wagner-Stra�e;4300621;2018;10;18;4;3;5;2;2;1;1;0;0;0;0;0;792748,8432;5826753,328;13,31478861;52,51211423
206289;11;4;4031032;Halensee;4500938;2018;10;11;1;2;5;2;0;0;1;0;1;0;0;0;791575,9236;5824877,69;13,29591144;52,49592759
206290;11;9;9020801;Spindlersfeld;9200818;2018;10;5;2;3;2;6;2;0;1;0;0;0;0;0;809759,8231;5820710,473;13,55905832;52,44856674
206291;11;5;5030832;Rohrdamm;5300841;2018;10;19;4;3;1;5;2;0;1;0;0;1;0;0;789869,189;5829223,141;13,27462749;52,53579441
206292;11;3;3040513;Sch�nholz;3400620;2018;10;5;2;2;5;2;2;0;1;0;1;0;0;0;796758,765;5834005,184;13,38018259;52,57495227
206293;11;11;11010309;Zingster Stra�e West;11100308;2018;10;9;1;3;5;3;0;1;1;0;0;0;0;0;804842,8129;5833272,274;13,49843559;52,56391606
206294;11;11;11030721;R�digerstra�e;11300722;2018;10;13;2;3;2;6;0;0;1;0;0;1;0;1;803910,7519;5828363,453;13,48023687;52,52044129
206295;11;9;9051901;Dammvorstadt;9501939;2018;10;16;4;3;0;6;0;0;0;0;1;0;0;0;810019,3283;5821597,136;13,56368761;52,4563657
206296;11;9;9041501;Altstadt Kietz;9401534;2018;10;9;1;2;6;4;0;1;0;1;0;0;0;0;811365,6332;5820119,781;13,5820604;52,44236114
206297;11;8;8020726;Buckow West;8200831;2018;10;14;2;2;2;6;0;0;1;0;0;0;1;1;799470,1289;5816347,728;13,40420122;52,41519392
206298;11;11;11030721;R�digerstra�e;11300724;2018;10;8;1;3;5;3;0;0;1;0;0;0;0;0;804606,6754;5827496,925;13,48966865;52,51228671
206299;11;4;4051446;Preu�enpark;4501043;2018;10;15;4;3;6;4;0;0;1;1;0;0;0;0;792834,2623;5824336,229;13,31391819;52,49039985
206300;11;5;5030730;Zitadellenweg;5300736;2018;10;6;1;3;1;1;1;0;1;0;0;0;0;0;786976,5763;5829853,464;13,23264244;52,54297653
206301;11;2;2040501;Barnimkiez;2400520;2018;10;17;2;2;6;4;1;0;1;1;0;0;0;0;800310,1399;5828432,038;13,42739199;52,52305087
206302;11;9;9041301;Kietzer Feld/Nachtheide                                                                             ;9401329;2018;10;16;4;3;0;1;0;1;0;0;0;0;0;0;811650,9186;5818578,63;13,58480745;52,42838763
206303;11;11;11010103;Dorf Falkenberg;11100102;2018;10;23;1;3;4;6;2;0;0;0;0;0;1;0;807889,1579;5833929,826;13,54384653;52,56809487
206304;11;1;1011203;Unter den Linden S�d;1100206;2018;10;16;2;3;0;1;0;0;0;0;1;0;0;0;797790,9977;5827261,865;13,38932442;52,51394338