OBJECTID;LAND;BEZ;LOR;STRASSE;LOR_ab_2021;UJAHR;UMONAT;USTUNDE;UWOCHENTAG;UKATEGORIE;UART;UTYP1;ULICHTVERH;IstRad;IstPKW;IstFuss;IstKrad;IstGkfz;IstSonstig;USTRZUSTAND;LINREFX;LINREFY;XGCSWGS84;YGCSWGS84
206640;11;3;3040513;Sch�nholz;3400620;2018;10;14;7;3;5;3;0;0;1;0;0;0;0;0;797405,349;5833975,287;13,38966898;52,57433133
206641;11;1;1033102;Gesundbrunnen;1300733;2018;11;10;5;2;6;4;0;0;0;1;0;0;1;0;797634,4497;5831852,939;13,39113571;52,55518206
206642;11;12;12231102;Frohnau;12400721;2018;10;1;7;2;9;1;2;0;1;0;0;0;0;1;790264,6168;5840640,799;13,29044366;52,63794213
206643;11;8;8010302;Bouch�stra�e;8100313;2018;11;10;5;2;6;4;0;0;1;1;0;0;0;0;801803,1353;5824377,197;13,44565551;52,48588265
206644;11;8;8010303;Donaustra�e;8100314;2018;10;14;7;3;1;5;0;1;1;0;0;0;0;0;801344,5018;5823843,745;13,43843952;52,48135452
206645;11;4;4041135;Hundekehle;4400729;2018;11;9;5;2;6;4;0;0;1;1;0;0;0;0;790547,609;5822546,406;13,27877462;52,47557575
206646;11;2;2050601;Hausburgviertel;2500726;2018;10;13;7;3;5;3;0;0;1;0;1;0;0;0;801763,1946;5828661,228;13,44895193;52,5243029
206647;11;9;9020701;Adlershof West;9200715;2018;11;9;5;2;3;6;0;0;1;0;0;1;1;0;807807,9607;5818114,321;13,52803791;52,42640191
206648;11;12;12214422;Klixstra�e                                                                                          ;12200310;2018;10;12;7;2;5;2;0;0;1;0;1;0;0;0;792251,0087;5833862,916;13,31372897;52,57611631
206649;11;4;4041342;Schlangenbader Stra�e;4400833;2018;11;9;5;2;1;5;0;1;1;0;0;0;0;0;792544,0793;5822709,013;13,30822847;52,4759678
206650;11;10;10040933;Mahlsdorf S�d                                                                                       ;10400940;2018;10;11;7;2;1;5;0;1;1;0;0;0;0;0;811469,9264;5824470,296;13,58764923;52,48128866
206651;11;12;12214527;Alt-Tegel;12200515;2018;10;8;7;3;5;3;0;0;1;0;0;0;0;0;789985,7018;5834781,796;13,28119805;52,58556588
206652;11;1;1011302;Oranienburger Stra�e                                                                                ;1100309;2018;11;9;5;3;5;2;0;1;1;0;0;0;0;0;797750,4382;5828572,567;13,38990169;52,52571436
206653;11;10;10030727;Biesdorf S�d                                                                                        ;10300734;2018;10;15;7;3;2;1;0;0;1;0;0;0;0;0;809551,9095;5826735,457;13,56160055;52,50267897
206654;11;6;6040810;Dahlem;6400844;2018;11;9;5;3;2;6;0;0;1;0;0;0;0;0;792691,3881;5821726,508;13,30952913;52,46708093
206655;11;2;2010102;Mehringplatz;2100102;2018;10;15;7;3;2;6;0;0;1;0;0;0;1;0;797938,8726;5826466,259;13,3907849;52,506731
206656;11;1;1011204;Leipziger Stra�e                                                                                    ;1100207;2018;11;8;5;3;3;6;0;1;1;0;0;0;0;0;797840,8765;5826947,969;13,38977634;52,51110245
206657;11;4;4030725;Amtsgerichtsplatz;4300416;2018;11;8;5;3;1;5;0;1;0;0;0;1;0;0;791382,0437;5826276,488;13,29428769;52,50857127
206658;11;5;5030731;Gartenfelder Stra�e                                                                                 ;5300737;2018;10;15;7;3;0;1;0;0;0;0;1;0;0;0;787611,5694;5829398,889;13,24158661;52,53856621
206659;11;12;12231101;Hermsdorf;12400722;2018;11;0;5;3;8;1;2;0;0;0;1;0;0;0;790393,7168;5839342,4;13,29120506;52,62623327
206660;11;7;7010102;Nollendorfplatz;7100102;2018;10;0;7;3;2;6;2;0;1;0;1;0;0;0;794908,8724;5825595,202;13,34549994;52,50056889
206661;11;10;10020622;Kaulsdorf Nord I                                                                                    ;10200629;2018;10;15;4;3;5;2;0;0;1;0;0;0;0;0;811313,1145;5828506,974;13,58912058;52,51755224
206662;11;1;1011303;Alexanderplatzviertel;1100310;2018;10;23;6;2;5;2;2;0;1;0;0;0;0;0;799471,7008;5828817,807;13,41541844;52,52696983
206663;11;4;4051448;Schaperstra�e;4501045;2018;10;17;4;3;6;4;1;1;0;1;0;0;0;0;793479,5382;5825116,239;13,32408189;52,49704579
206664;11;5;5010314;Carl-Schurz-Stra�e                                                                                  ;5100316;2018;10;18;6;2;5;2;2;0;0;0;1;0;0;0;784597,276;5829204,828;13,19709705;52,53840892
206665;11;1;1011301;Charit�viertel;1100308;2018;11;10;3;3;6;2;0;0;1;1;0;0;0;0;797248,0625;5829089,914;13,38298097;52,53062589
206666;11;1;1011303;Alexanderplatzviertel;1100310;2018;10;16;4;3;5;3;1;1;0;0;0;0;0;0;799147,7273;5827820,221;13,40975989;52,51820582
206667;11;1;1022105;Zwinglistra�e                                                                                       ;1200521;2018;11;11;3;3;1;1;0;0;1;0;0;0;0;0;794026,2767;5828317,934;13,33494101;52,52545294
206668;11;1;1011301;Charit�viertel;1100308;2018;10;19;4;3;1;5;2;1;1;0;0;0;1;0;797121,8224;5829237,189;13,38125709;52,53201487
206669;11;11;11030618;Fennpfuhl West;11300618;2018;11;12;3;3;2;6;0;0;1;0;0;0;0;0;802934,1507;5829121,616;13,46657807;52,52777997
206670;11;11;11010205;Falkenberg West;11100204;2018;10;18;6;3;6;2;1;0;1;1;0;0;0;0;806306,4989;5833875,429;13,52051856;52,56850016
206671;11;1;1011303;Alexanderplatzviertel;1100310;2018;11;12;3;3;5;2;0;1;0;0;0;0;1;0;798763,4184;5828040,039;13,40431038;52,52038685
206672;11;7;7060604;Marienfelde S�d;7601340;2018;10;18;4;3;6;4;2;0;0;1;1;0;0;0;796570,6232;5815868,793;13,36126963;52,41247932
206673;11;6;6030609;Augustaplatz;6300633;2018;11;7;3;3;1;5;0;1;1;0;0;0;0;0;792609,1678;5818400,564;13,30540817;52,43730836
206674;11;1;1011302;Oranienburger Stra�e                                                                                ;1100309;2018;10;17;6;3;0;3;1;1;1;0;0;0;0;0;797998,441;5828669,023;13,3936329;52,52644346
206675;11;12;12214424;Scharnweberstra�e                                                                                   ;12200309;2018;10;18;4;3;1;7;2;0;1;0;0;0;0;0;793320,9622;5832656,549;13,32840601;52,5647263
206676;11;1;1011201;Wilhelmstra�e                                                                                       ;1100205;2018;10;16;4;3;0;1;1;1;0;0;0;0;0;0;797375,2293;5826487,871;13,3825241;52,50723224
206677;11;6;6040810;Dahlem;6400844;2018;10;16;6;3;3;6;1;0;1;0;0;0;0;0;792674,1921;5821703,81;13,30925681;52,46688665
206678;11;5;5010208;Germersheimer Platz;5100210;2018;10;16;4;3;5;3;0;0;1;0;0;0;1;0;783704,9957;5830371,535;13,18497288;52,54933506
206679;11;9;9051702;B�lschestra�e;9501737;2018;11;8;3;3;5;2;0;1;0;0;0;0;1;0;814778,1129;5820870,978;13,63280888;52,44713907
206680;11;3;3051017;Rennbahnstra�e;3501038;2018;10;15;4;3;5;3;1;0;1;0;0;0;1;0;803400,366;5833106,531;13,47706927;52,56323627
206681;11;11;11030720;Herzbergstra�e;11300721;2018;10;15;6;3;3;6;0;0;1;0;0;0;0;0;806168,1285;5830150,939;13,51504905;52,53519849
206682;11;4;4030620;Alt-Lietzow;4300619;2018;11;13;3;3;0;1;0;0;0;0;1;0;0;0;792630,5533;5827088,437;13,31334522;52,51518185
206683;11;11;11051229;Rummelsburg;11501238;2018;10;15;4;3;5;2;0;0;1;0;0;0;1;0;804080,173;5825986,521;13,48055472;52,49904321
206684;11;4;4041240;Messelpark;4400831;2018;11;17;3;3;5;3;2;1;1;0;0;0;0;0;790741,892;5822658,91;13,28172515;52,47648098
206685;11;4;4030828;Savignyplatz;4300624;2018;10;15;6;3;2;6;0;0;1;0;0;0;0;0;793044,8461;5826099,849;13,31856257;52,50609709
206686;11;1;1044202;Sparrplatz;1401047;2018;11;10;3;2;5;2;0;1;0;0;0;1;0;0;795523,5396;5830731,071;13,35909235;52,54627509
206687;11;11;11020412;Hauptstra�e;11200411;2018;10;15;4;3;0;1;0;1;0;0;0;0;0;0;805126,208;5831400,105;13,5008827;52,54697829
206688;11;4;4041137;Flinsberger Platz;4400727;2018;11;17;3;2;5;2;2;1;1;0;0;0;0;0;791918,952;5823991,346;13,30017341;52,48779826
206689;11;12;12103115;Breitkopfbecken;12100103;2018;10;14;6;3;5;2;0;1;1;0;0;0;0;1;795333,1295;5833753,831;13,3589826;52,57347463
206690;11;12;12304313;Borsigwalde;12500825;2018;10;14;4;3;2;6;0;0;1;0;0;0;0;0;791669,6021;5834498,605;13,30573291;52,58212698
206691;11;2;7010104;Dennewitzplatz;7100206;2018;10;12;6;2;5;3;0;1;1;0;0;0;0;1;796890,4772;5824296,907;13,37344989;52,4878565
206692;11;3;3061227;Humannplatz;3601243;2018;11;9;3;3;6;4;0;0;1;1;0;0;0;0;799565,9887;5831665,209;13,41937133;52,55244041
206693;11;6;6040810;Dahlem;6400844;2018;10;10;6;2;6;2;0;0;1;1;0;0;0;0;790176,2744;5819768,894;13,27090772;52,45087208
206694;11;10;10040830;Kaulsdorf S�d                                                                                       ;10400837;2018;10;10;6;3;5;3;0;0;1;0;0;0;0;0;810504,0402;5824948,756;13,57391761;52,48612644
206695;11;5;5010207;Darbystra�e                                                                                         ;5100209;2018;10;14;4;3;5;2;0;0;1;0;0;0;0;0;783699,8798;5830176,597;13,18473109;52,54758989
206696;11;7;7030302;Cecilieng�rten;7300618;2018;10;14;4;3;6;4;0;0;1;1;0;0;0;0;794508,2492;5822327,151;13,33672747;52,47148903
206697;11;1;1011101;St�lerstra�e                                                                                        ;1100101;2018;10;8;6;3;5;2;0;1;1;0;0;0;1;0;795275,5407;5826388,874;13,35158975;52,50748529
206698;11;8;8040933;Vogelviertel S�d;8401139;2018;10;14;4;3;5;2;0;1;1;0;0;0;0;0;803570,4486;5818642,805;13,46638836;52,43350616
206699;11;1;1011303;Alexanderplatzviertel;1100310;2018;11;9;3;3;1;5;0;1;1;0;0;0;1;0;798752,2116;5828248,523;13,40433296;52,52226175
206700;11;6;6020303;Lankwitz Kirche                                                                                     ;6200313;2018;10;7;6;3;1;5;0;1;1;0;0;0;0;0;795471,8197;5818573,911;13,34755102;52,43732333
206701;11;7;7030303;Grazer Platz;7300619;2018;10;12;4;3;2;6;0;0;1;0;0;0;0;0;794662,995;5821785,936;13,33852107;52,46655389
206702;11;4;4020310;Park Ruhwald;4200308;2018;10;6;6;3;5;3;2;1;1;0;0;0;0;0;788152,4848;5827846,009;13,24819386;52,52435824
206703;11;7;7040403;Manteuffelstra�e                                                                                    ;7400823;2018;11;17;3;3;5;3;2;0;0;0;1;0;1;0;797031,5588;5820706,046;13,37232422;52,45559117
206704;11;1;1022206;L�neburger Stra�e                                                                                   ;1200628;2018;10;12;4;2;5;2;0;1;1;0;0;0;0;0;795540,1937;5828196,642;13,35708351;52,52354713
206705;11;2;2020204;Urbanstra�e;2200210;2018;11;9;3;3;5;3;0;1;1;0;0;0;0;0;798493,4594;5825222,911;13,39781737;52,49528287
206706;11;6;6040807;Zehlendorf Eiche                                                                                    ;6400841;2018;10;19;5;3;6;7;2;0;1;1;0;0;0;1;789723,043;5818453,69;13,26311647;52,43932119
206707;11;1;1033102;Gesundbrunnen;1300733;2018;11;15;3;3;5;3;0;1;1;0;0;0;0;0;797234,5611;5831333,237;13,38478949;52,55074197
206708;11;3;3020209;Niedersch�nhausen;3200205;2018;10;11;4;3;1;5;0;0;1;0;0;0;0;0;797312,5766;5835070,634;13,38928646;52,58420037
206709;11;1;1011305;Heine-Viertel West;1100312;2018;11;8;3;3;5;2;0;0;1;0;1;0;1;0;799457,0942;5827104,403;13,4136614;52,51161981
206710;11;6;6030608;Schweizer Viertel;6300632;2018;10;13;5;3;5;2;0;1;1;0;0;0;0;1;792236,3498;5816660,546;13,29841877;52,42190847
206711;11;10;10010308;Marzahner Chaussee;10100311;2018;10;11;4;3;3;6;0;0;1;0;0;1;0;0;807015,2481;5830437,698;13,52776406;52,53729194
206712;11;7;7010102;Nollendorfplatz;7100102;2018;10;0;5;3;6;2;2;0;1;1;0;0;0;0;795604,4982;5824976,706;13,35516898;52,49464818
206713;11;9;9020502;Obersch�neweide Ost;9200512;2018;11;15;3;3;3;6;0;1;0;0;0;0;0;0;809083,2901;5821554,88;13,54991666;52,45651711
206714;11;2;2020206;Graefekiez;2200213;2018;10;19;5;3;0;2;2;0;1;0;0;0;1;0;799757,8045;5824820,417;13,41602333;52,49098221
206715;11;4;4010101;Jungfernheide;4100101;2018;10;17;4;2;8;1;2;0;1;0;0;0;0;0;790446,8999;5829022,594;13,28294574;52,53368892
206716;11;7;7060601;Marienfelder Allee Nordwest;7601236;2018;11;8;3;2;5;3;0;0;1;0;1;0;0;0;796434,9863;5816546,745;13,35988173;52,41863013
206717;11;5;5020524;Weinmeisterhornweg;5200528;2018;10;19;5;3;0;6;2;0;1;0;0;0;0;0;783234,271;5826792,092;13,17499885;52,51748587
206718;11;7;7020202;Volkspark (Rudolf-Wilde-Park);7200308;2018;11;0;3;2;5;3;2;0;1;0;0;0;0;0;794997,291;5823604,388;13,34503614;52,48267478
206719;11;9;9020701;Adlershof West;9200715;2018;10;18;4;3;2;6;2;0;1;0;0;0;0;0;809077,3367;5818202,571;13,54672903;52,42647727
206720;11;6;6020302;Komponistenviertel Lankwitz;6200312;2018;11;15;3;3;6;4;0;0;1;1;0;0;0;0;794686,4243;5819219,088;13,33659965;52,44353079
206721;11;5;5010339;Freiheit;5100317;2018;10;17;5;3;5;2;1;1;1;0;0;0;0;1;787593,4164;5828011,728;13,24011947;52,52613919
206722;11;2;2020203;Viktoriapark;2200208;2018;10;17;4;3;5;3;2;1;1;0;0;0;0;0;797806,1351;5824909,417;13,38744282;52,49284823
206723;11;5;5010314;Carl-Schurz-Stra�e                                                                                  ;5100316;2018;11;15;3;3;0;2;0;0;1;0;1;0;0;0;784640,409;5829677,202;13,19813602;52,54262169
206724;11;9;9010101;Elsenstra�e                                                                                         ;9100101;2018;10;16;5;3;5;3;0;1;1;0;0;0;0;1;801492,9516;5824878,97;13,44155525;52,49055151
206725;11;8;8020622;Parchimer Allee;8200726;2018;11;8;3;3;2;6;0;0;1;0;0;0;0;0;801284,7951;5819667,27;13,43379303;52,44395248
206726;11;1;1022101;Huttenkiez;1200517;2018;10;16;4;3;5;7;0;0;1;0;1;0;0;0;792906,2961;5828291,829;13,31845679;52,52582179
206727;11;6;6030504;Teltower Damm;6300528;2018;11;8;3;3;5;3;0;0;1;0;0;0;0;0;790491,9328;5817121,397;13,27323856;52,42696895
206728;11;4;4051655;Babelsberger Stra�e;4501153;2018;10;15;5;3;3;6;0;1;1;0;0;0;0;1;794241,3416;5823115,308;13,33350473;52,47869831
206729;11;12;12301203;Wittenau S�d                                                                                        ;12500930;2018;10;11;4;3;6;4;0;0;0;1;0;1;0;0;792519,42;5834403,704;13,31815579;52,58082002
206730;11;5;5020419;Magistratsweg;5200423;2018;11;7;3;3;2;2;0;0;1;0;0;0;0;0;781988,4591;5828455,586;13,1580984;52,53304718
206731;11;12;12224230;Heiligensee;12400618;2018;10;15;5;2;5;2;0;1;1;0;0;0;0;0;786686,862;5838549,796;13,23590475;52,62109628
206732;11;11;11040926;Weitlingstra�e;11400931;2018;10;9;4;3;2;6;0;0;1;0;0;0;0;0;806680,7737;5826930,265;13,51961419;52,50604608
206733;11;1;1033201;Brunnenstra�e                                                                                       ;1300834;2018;10;15;5;3;5;7;0;0;1;0;0;0;0;0;797697,11;5830676,781;13,39100277;52,54460509
206734;11;9;9030902;Wohngebiet II;9300922;2018;11;7;3;3;6;4;0;0;1;1;0;0;0;0;807923,7693;5815853,512;13,52765578;52,40607487
206735;11;12;12224229;Konradsh�he/Tegelort;12400616;2018;10;15;5;3;5;3;0;0;1;0;0;0;0;1;786548,8736;5833207,969;13,22924919;52,57327685
206736;11;5;5030731;Gartenfelder Stra�e                                                                                 ;5300737;2018;10;9;4;3;0;6;0;0;1;0;1;0;0;0;788009,8582;5829641,592;13,24765327;52,54053179
206737;11;8;8010115;Hasenheide;8100102;2018;11;7;3;3;5;3;0;1;1;0;0;0;0;0;799829,505;5823660,859;13,41603316;52,48054915
206738;11;7;7040403;Manteuffelstra�e                                                                                    ;7400823;2018;10;14;5;3;5;3;0;0;1;0;0;0;0;1;796915,0717;5822288,994;13,37202312;52,46984413
206739;11;10;10030726;Alt-Biesdorf;10300733;2018;11;7;3;2;5;3;0;1;1;0;0;0;0;0;809226,2232;5827224,945;13,55727229;52,50725028
206740;11;1;1022202;Heidestra�e                                                                                         ;1200624;2018;10;14;4;3;6;7;0;1;0;1;0;0;0;0;795654,5979;5829729,608;13,36012819;52,53722678
206741;11;11;11010101;Dorf Malchow;11100101;2018;11;6;3;3;2;6;1;1;1;0;0;0;0;0;803966,096;5834704,204;13,48685377;52,57723991
206742;11;7;7010102;Nollendorfplatz;7100102;2018;10;14;5;3;5;3;0;1;1;0;0;0;0;1;795419,2281;5825754,495;13,35313781;52,50172079
206743;11;1;1011202;Unter den Linden Nord;1100206;2018;10;7;4;2;0;2;0;1;1;0;0;0;0;0;797150,8707;5827684,258;13,38029642;52,51807878
206744;11;11;11030721;R�digerstra�e;11300724;2018;10;7;4;3;5;2;0;1;1;0;0;0;0;0;804508,5343;5827512,331;13,48824105;52,51247958
206745;11;12;12214125;Waldidyll/Flughafensee;12200414;2018;10;14;5;3;2;6;0;0;1;0;0;0;0;1;791915,5716;5831522,884;13,30673392;52,55531872
206746;11;7;7050503;Eisenacher Stra�e                                                                                   ;7501031;2018;10;6;4;3;5;3;0;1;1;0;0;0;0;0;798887,085;5820519,128;13,39938322;52,4529042
206747;11;10;10030724;Oberfeldstra�e                                                                                      ;10300731;2018;11;14;3;3;0;7;0;0;0;0;0;0;1;0;809588,3223;5828537,925;13,5638118;52,51881141
206748;11;1;1044203;Leopoldplatz;1401048;2018;10;14;5;3;3;6;0;0;1;0;0;0;0;1;795225,5774;5831346,424;13,35525817;52,55195274
206749;11;4;4030931;Breitscheidplatz;4501042;2018;10;19;4;3;1;6;2;1;1;0;0;0;0;0;793671,448;5825896,925;13,32758914;52,50394105
206750;11;8;8010302;Bouch�stra�e;8100313;2018;10;9;4;3;0;3;0;0;0;0;1;0;1;0;801769,3956;5824483,721;13,44525658;52,48685609
206751;11;5;5010310;Eckschanze;5100312;2018;10;2;4;3;1;5;2;0;1;0;0;0;1;0;784544,7559;5830946,041;13,19781659;52,55404804
206752;11;1;1022104;Emdener Stra�e                                                                                      ;1200520;2018;10;13;5;3;5;2;0;0;1;0;0;0;0;1;794542,9713;5829066,179;13,34319796;52,53188155
206753;11;9;9020502;Obersch�neweide Ost;9200512;2018;10;18;3;3;5;2;2;0;1;0;0;0;1;1;809403,3081;5821504,626;13,55456482;52,45588569
206754;11;11;11030824;Frankfurter Allee S�d;11300826;2018;10;13;5;3;5;3;0;0;1;0;0;0;1;0;804523,2852;5826980,945;13,48797158;52,50770876
206755;11;6;6040810;Dahlem;6400844;2018;11;14;3;3;1;5;0;1;0;0;0;0;1;0;792369,7665;5820997,377;13,30416941;52,46071657
206756;11;8;8010212;Rollberg;8100207;2018;10;17;3;2;5;3;1;0;1;0;0;1;0;1;800975,871;5823491,379;13,43270963;52,47839945
206757;11;1;1011402;Arkonaplatz;1100416;2018;11;17;3;3;2;6;2;0;1;0;0;0;1;0;798860,0211;5829658,675;13,40718478;52,53484264
206758;11;3;3071536;Teutoburger Platz;3701554;2018;10;13;5;3;1;1;0;1;1;0;0;0;0;1;798951,171;5829983,066;13,40881643;52,53770033
206759;11;7;7060601;Marienfelder Allee Nordwest;7601236;2018;11;6;2;3;5;3;2;1;1;0;0;0;0;0;797231,2503;5817338,208;13,37225914;52,42529305
206760;11;8;8040933;Vogelviertel S�d;8401139;2018;10;16;3;3;5;3;0;0;1;0;0;0;0;1;803300,1077;5818518,26;13,462311;52,43253982
206761;11;2;2030301;Oranienplatz;2300314;2018;11;23;2;3;1;5;2;1;1;0;0;0;0;0;799918,2005;5826002,174;13,41944264;52,50148674
206762;11;5;5030730;Zitadellenweg;5300736;2018;10;13;5;3;5;2;0;1;1;0;0;0;0;1;786253,4108;5829129,419;13,22138408;52,53686537
206763;11;10;10010102;Havemannstra�e                                                                                      ;10100103;2018;10;16;3;3;5;3;1;0;1;0;1;0;0;0;809134,5322;5833828,91;13,56206858;52,56648476
206764;11;7;7040404;Marienh�he;7400826;2018;10;15;3;3;1;5;0;0;1;0;0;0;0;0;796441,7781;5819787,893;13,36285502;52,44768087
206765;11;3;3061430;Volkspark Prenzlauer Berg;3601450;2018;10;13;5;3;2;6;0;0;1;0;0;0;0;1;802348,7705;5829231,954;13,45807575;52,52909388
206766;11;8;8010301;Reuterkiez;8100312;2018;10;15;3;3;5;2;0;1;1;0;0;0;0;1;801559,55;5824033,807;13,4417685;52,48293937
206767;11;11;11051229;Rummelsburg;11501238;2018;11;20;2;3;6;4;2;1;0;1;0;0;0;0;803337,3535;5826308,532;13,46993897;52,50234272
206768;11;4;4030519;Kaiserin-Augusta-Allee;4300518;2018;10;12;5;3;5;2;0;1;0;0;0;0;1;1;792311,4441;5828248,046;13,3096751;52,52574855
206769;11;8;8010213;K�rnerpark;8100208;2018;10;15;3;3;1;5;0;1;1;0;0;0;0;1;801090,6231;5822356,969;13,43337021;52,46816814
206770;11;12;12301203;Wittenau S�d                                                                                        ;12500926;2018;10;12;5;3;0;4;0;0;0;1;1;0;0;1;793522,7098;5836114,523;13,33443601;52,59561606
206771;11;1;1011104;K�rnerstra�e                                                                                        ;1100104;2018;11;15;2;3;6;7;0;0;1;1;0;0;0;0;796081,114;5825575,058;13,36270078;52,49975355
206772;11;1;1022206;L�neburger Stra�e                                                                                   ;1200628;2018;10;14;3;3;2;6;0;0;1;0;0;0;0;0;795960,5803;5828340,729;13,36338989;52,52461071
206773;11;1;1011402;Arkonaplatz;1100416;2018;11;19;2;3;1;5;2;1;0;0;0;0;1;0;798735,2242;5829988,831;13,40564715;52,53787043
206774;11;10;10010308;Marzahner Chaussee;10100311;2018;10;12;5;2;3;6;0;1;1;0;0;0;0;1;807159,7557;5829120,09;13,52867056;52,52540205
206775;11;1;1033203;Humboldthain Nordwest                                                                               ;1300836;2018;11;18;2;3;2;6;1;0;1;0;0;0;0;0;796461,8236;5829949,81;13,37219148;52,53876214
206776;11;4;4030623;Ernst-Reuter-Platz;4300622;2018;10;11;5;3;6;2;0;0;1;1;0;0;0;1;793684,1566;5826066,533;13,32792544;52,50545467
206777;11;4;4030828;Savignyplatz;4300624;2018;11;9;2;3;3;6;0;0;1;0;0;0;0;0;792971,606;5826014,451;13,31741142;52,50537086
206778;11;10;10020622;Kaulsdorf Nord I                                                                                    ;10200629;2018;10;14;3;3;6;4;0;0;1;1;0;0;0;0;811035,0461;5829168,941;13,58565473;52,52364301
206779;11;1;1011304;Karl-Marx-Allee;1100311;2018;11;9;2;3;3;6;0;1;1;0;0;0;0;0;799696,0133;5827861,62;13,41785343;52,51827586
206780;11;1;1011203;Unter den Linden S�d;1100206;2018;10;10;5;3;6;4;0;0;1;1;0;0;0;1;797824,3056;5827052,304;13,38962625;52,51204673
206781;11;4;4030930;George-Grosz-Platz;4501041;2018;11;9;2;3;1;5;0;1;1;0;0;0;0;0;793129,6227;5825436,957;13,31922448;52,50010896
206782;11;8;8010404;Rixdorf;8100415;2018;11;9;2;3;2;6;0;0;1;0;0;0;0;0;801661,2822;5823751,708;13,44300681;52,48035468
206783;11;1;1044201;Reinickendorfer Stra�e                                                                              ;1401045;2018;10;12;5;3;3;6;0;0;1;0;0;1;0;1;797030,0737;5831894,563;13,3822847;52,55588513
206784;11;9;9020702;Adlershof Ost;9200716;2018;10;14;3;3;2;2;0;0;1;0;0;0;0;0;809084,9706;5819474,822;13,54801693;52,43787484
206785;11;2;2050802;Boxhagener Platz;2500833;2018;10;12;5;3;0;1;0;1;0;0;0;0;0;1;802789,1976;5826949,856;13,4624713;52,50839529
206786;11;2;2020203;Viktoriapark;2200209;2018;10;13;3;3;1;5;0;1;1;0;0;0;0;0;797117,7419;5824092,294;13,37660468;52,48589871
206787;11;5;5010339;Freiheit;5100317;2018;11;10;2;3;2;5;0;0;1;0;0;0;0;0;787795,3299;5828224,951;13,24327206;52,52794429
206788;11;7;7030301;Friedenau;7300517;2018;10;11;5;3;5;7;0;0;1;0;1;0;0;1;794565,5605;5822580,413;13,33779242;52,47372849
206789;11;3;3030715;Heinersdorf;3300516;2018;10;13;3;3;5;1;0;0;0;0;0;0;1;0;800647,968;5834077,779;13,43746737;52,57346847
206790;11;4;4051655;Babelsberger Stra�e;4501153;2018;10;8;5;3;5;7;0;0;1;0;1;0;0;1;794182,4082;5823750,669;13,3332001;52,48442576
206791;11;3;3061228;Erich-Weinert-Stra�e;3601245;2018;11;11;2;3;1;7;0;1;1;0;0;0;0;0;800815,9382;5830898,101;13,43705646;52,54487584
206792;11;3;3020210;Herthaplatz;3200207;2018;10;13;3;3;5;2;0;0;0;0;0;1;1;0;800127,7916;5836221,293;13,43175588;52,59296825
206793;11;10;10040828;Kaulsdorf Nord                                                                                      ;10400835;2018;11;11;2;3;5;3;0;0;1;0;0;0;0;0;812422,7083;5829359,773;13,60622091;52,52455979
206794;11;12;12304313;Borsigwalde;12500930;2018;10;8;5;3;5;2;0;0;1;0;0;1;0;1;792353,6654;5834071,66;13,31542362;52,57793247
206795;11;6;6020303;Lankwitz Kirche                                                                                     ;6200313;2018;10;13;3;3;2;6;0;0;1;0;0;0;0;0;795738,4155;5818889,309;13,35174048;52,44000659
206796;11;1;1011302;Oranienburger Stra�e                                                                                ;1100309;2018;11;12;2;3;5;7;0;0;1;0;0;0;0;0;797645,3691;5828758,437;13,38852392;52,52743782
206797;11;1;1022106;Elberfelder Stra�e                                                                                  ;1200522;2018;10;8;5;3;5;2;0;1;1;0;0;0;0;1;794139,1485;5828274,167;13,33656123;52,52499972
206798;11;10;10040933;Mahlsdorf S�d                                                                                       ;10400940;2018;10;13;3;3;5;2;0;1;1;0;0;0;0;0;812947,4641;5826137,45;13,61090097;52,49538351
206799;11;3;3040512;Wilhelmsruh;3400619;2018;10;8;5;3;5;2;0;1;0;0;0;0;1;1;796044,5817;5835726,686;13,37121235;52,5907726
206800;11;12;12214125;Waldidyll/Flughafensee;12200412;2018;10;12;3;3;5;3;0;0;1;0;0;0;0;0;791740,8797;5833983,59;13,30632862;52,57747183
206801;11;3;3061228;Erich-Weinert-Stra�e;3601245;2018;11;14;2;3;6;4;0;0;1;1;0;0;0;0;800165,4287;5830966,779;13,42755463;52,54585019
206802;11;5;5030833;Motardstra�e                                                                                        ;5300840;2018;10;8;5;2;5;7;0;0;1;0;1;0;0;0;789357,0031;5828847,048;13,26676976;52,53269484
206803;11;11;3061430;Volkspark Prenzlauer Berg;3601450;2018;10;12;3;3;5;7;0;0;1;0;0;0;1;0;802523,1849;5829304,355;13,46070487;52,52964605
206804;11;4;4030620;Alt-Lietzow;4300619;2018;10;8;5;3;0;3;0;1;1;0;0;0;0;1;792631,5243;5827088,004;13,3133591;52,51517745