OBJECTID;LAND;BEZ;LOR;STRASSE;LOR_ab_2021;UJAHR;UMONAT;USTUNDE;UWOCHENTAG;UKATEGORIE;UART;UTYP1;ULICHTVERH;IstRad;IstPKW;IstFuss;IstKrad;IstGkfz;IstSonstig;USTRZUSTAND;LINREFX;LINREFY;XGCSWGS84;YGCSWGS84
206805;11;7;6020411;Sch�tte-Lanz-Stra�e                                                                                 ;6200423;2018;11;14;2;3;8;1;0;0;1;0;0;0;0;0;795451,06;5816108,321;13,34506862;52,41523195
206806;11;4;4020310;Park Ruhwald;4200308;2018;10;8;5;2;2;2;0;0;1;0;0;0;1;1;790239,855;5828086,821;13,27908494;52,52540996
206807;11;1;1022201;Stephankiez;1200623;2018;10;12;3;3;5;3;0;0;1;0;0;0;0;0;795090,8255;5828857,187;13,35106556;52,52971179
206808;11;1;1044203;Leopoldplatz;1401048;2018;11;15;2;2;5;3;0;1;0;0;0;0;0;0;795187,8717;5831357,949;13,35471392;52,55207649
206809;11;3;3030716;M�rchenland;3300517;2018;10;8;5;3;4;1;0;0;1;0;0;0;0;1;803177,7044;5835428,849;13,47591774;52,58417442
206810;11;8;8010301;Reuterkiez;8100312;2018;11;16;2;3;0;3;1;0;1;0;0;0;1;0;801705,9466;5824250,919;13,44411427;52,48480451
206811;11;4;4030931;Breitscheidplatz;4501042;2018;10;11;3;3;5;7;0;0;1;0;1;0;0;0;793973,0143;5825793,497;13,33192796;52,50285148
206812;11;6;6020302;Komponistenviertel Lankwitz;6200312;2018;11;18;2;3;0;2;2;0;0;0;0;0;1;0;795052,127;5819045,092;13,34181092;52,4417738
206813;11;1;1044202;Sparrplatz;1401047;2018;10;7;5;3;5;2;0;1;1;0;0;0;0;1;795356,4847;5830374,937;13,3563193;52,54317325
206814;11;9;9010202;K�penicker Landstra�e;9100203;2018;10;11;3;3;1;5;0;0;1;0;0;0;1;0;804474,5435;5823787,321;13,48433713;52,47911266
206815;11;10;10010310;Alt-Marzahn;10100315;2018;10;6;5;3;6;2;1;0;1;1;0;0;0;1;809827,4955;5830992,887;13,56961314;52,54067586
206816;11;9;9010401;Johannisthal West;9100407;2018;10;10;3;3;3;6;0;1;0;0;0;1;0;0;806362,6699;5821018,539;13,50951053;52,45324193
206817;11;10;10040933;Mahlsdorf S�d                                                                                       ;10400940;2018;10;6;5;3;0;3;1;0;1;0;1;0;0;1;812386,0116;5824305,255;13,60094047;52,47928645
206818;11;7;7060603;Marienfelde Nordost;7601238;2018;11;17;2;2;6;4;2;0;1;1;0;0;0;0;798105,6214;5817025,476;13,38480159;52,42201408
206819;11;12;12103219;Sch�fersee;12100204;2018;10;10;3;3;3;6;0;0;1;0;0;0;1;0;795058,7332;5832467,427;13,35380108;52,56209198
206820;11;7;7020201;Bayerischer Platz;7200307;2018;11;17;2;3;2;6;2;0;1;0;0;0;0;0;794942,0296;5824378,879;13,34491009;52,48964745
206821;11;5;5010206;G�tersloher Weg;5100208;2018;10;6;5;3;5;2;2;0;1;0;0;0;0;1;781547,29;5830701,787;13,15351557;52,55341583
206822;11;7;7060601;Marienfelder Allee Nordwest;7601236;2018;11;17;2;3;2;6;2;0;1;0;0;0;0;0;796603,0232;5816070,383;13,36192322;52,41426886
206823;11;1;1011302;Oranienburger Stra�e                                                                                ;1100309;2018;11;17;2;3;3;2;2;0;1;0;1;0;0;0;798502,0736;5829061,103;13,40138658;52,5296824
206824;11;3;3020209;Niedersch�nhausen;3200206;2018;10;5;5;3;5;2;2;1;1;0;0;0;0;1;798343,935;5834830,5;13,40424762;52,58148335
206825;11;6;6030608;Schweizer Viertel;6300632;2018;10;10;3;3;5;3;0;1;0;0;0;1;0;0;791635,9092;5816259,487;13,28926439;52,41863326
206826;11;6;6040808;H�ttenweg;6400842;2018;11;9;2;3;5;7;0;0;1;0;0;0;0;0;790123,583;5819660,883;13,27004071;52,4499317
206827;11;3;3030716;M�rchenland;3300517;2018;10;10;5;3;0;1;0;0;0;0;1;0;0;1;802230,3997;5833774,087;13,46047004;52,56987015
206828;11;2;2010103;Moritzplatz;2100105;2018;11;8;2;3;5;3;0;0;1;0;0;0;0;0;799560,3307;5825860,544;13,41405887;52,50041381
206829;11;10;10020414;Helle Mitte;10200421;2018;10;10;3;3;2;6;0;0;1;0;0;0;1;0;812227,1419;5830722,842;13,6046278;52,53688641
206830;11;6;6020306;Lankwitz S�d                                                                                        ;6200317;2018;11;7;2;2;6;4;0;0;1;1;0;0;0;0;796254,6887;5817010,163;13,35764862;52,42288198
206831;11;1;1011305;Heine-Viertel West;1100312;2018;10;18;4;3;1;5;0;1;1;0;0;0;0;0;799177,5179;5827041,384;13,40949737;52,51120835
206832;11;9;9010402;Johannisthal Ost;9100408;2018;10;9;3;3;5;3;0;1;1;0;0;0;0;0;806565,5057;5820150,026;13,51168905;52,44534428
206833;11;6;6010205;S�dende;6100205;2018;10;9;3;3;2;6;0;0;1;0;0;0;0;0;796061,3984;5819498,396;13,35701786;52,44529186
206834;11;4;4030930;George-Grosz-Platz;4501041;2018;10;10;4;3;5;2;0;1;1;0;0;0;0;0;793134,0862;5825609,133;13,3194416;52,50165006
206835;11;3;3010102;Buch;3100102;2018;10;7;3;3;5;3;0;1;0;0;1;0;0;0;804411,5766;5841174,284;13,49935831;52,63497795
206836;11;12;12231101;Hermsdorf;12400723;2018;11;6;2;3;6;7;0;1;1;1;0;0;0;0;792250,5885;5839442,438;13,31864834;52,62613426
206837;11;5;5010314;Carl-Schurz-Stra�e                                                                                  ;5100316;2018;10;16;4;3;1;5;0;0;1;0;0;0;0;0;784116,9611;5829181,34;13,19001413;52,53844896
206838;11;1;1044103;Westliche M�llerstra�e                                                                              ;1400942;2018;10;9;3;2;2;6;0;0;0;0;1;1;0;0;794502,4429;5830692,855;13,34404401;52,54648544
206839;11;8;8010214;Glasower Stra�e;8100209;2018;10;9;4;3;5;3;0;0;1;0;1;0;0;0;801353,1191;5822048,047;13,43694374;52,46525447
206840;11;12;12214527;Alt-Tegel;12200515;2018;11;16;2;3;6;2;0;0;1;1;0;0;0;0;790372,2495;5834885,678;13,28697852;52,58629099
206841;11;1;1011303;Alexanderplatzviertel;1100310;2018;10;8;3;3;0;5;0;1;0;0;0;0;1;1;799582,2153;5828468,853;13,41672824;52,52378128
206842;11;1;1011402;Arkonaplatz;1100416;2018;11;7;2;3;3;6;0;0;1;0;0;1;0;0;798159,3388;5829845,723;13,39705299;52,53690304
206843;11;7;7010102;Nollendorfplatz;7100102;2018;10;10;4;2;6;2;0;0;1;1;0;0;0;0;795199,1599;5825605,639;13,34977321;52,50050549
206844;11;8;8010510;Gewerbegebiet K�llnische Heide;8100521;2018;11;9;2;2;5;3;0;0;1;1;0;0;1;0;802224,0759;5822475,989;13,45011283;52,46860912
206845;11;4;4030931;Breitscheidplatz;4501042;2018;10;7;3;3;6;4;0;0;1;1;0;0;0;0;793601,2987;5825750,869;13,32642982;52,50266948
206846;11;12;12231101;Hermsdorf;12400722;2018;11;19;1;2;3;6;1;1;1;0;0;0;0;0;790997,5188;5839022,051;13,29981828;52,62303834
206847;11;9;9051901;Dammvorstadt;9501939;2018;10;10;4;3;2;6;0;0;1;0;0;0;0;1;809637,1514;5821499,943;13,55799094;52,45571131
206848;11;8;8041037;Alt-Rudow;8401243;2018;10;7;3;3;6;2;0;0;0;1;0;0;1;1;805809,1885;5817143,296;13,49784591;52,41881976
206849;11;1;1022204;Thomasiusstra�e                                                                                     ;1200626;2018;10;7;3;3;5;3;0;0;1;0;1;0;0;1;794809,8639;5828307,62;13,34644851;52,52493734
206850;11;12;12214125;Waldidyll/Flughafensee;12200412;2018;10;10;4;3;3;2;0;1;0;0;0;0;1;1;790745,6535;5834201,552;13,29187435;52,57995847
206851;11;4;4030621;Spreestadt;4300620;2018;10;6;3;3;0;5;2;0;1;0;1;0;0;1;793411,4335;5827860,365;13,32550055;52,5216823
206852;11;2;2040703;Wriezener Bahnhof/Entwicklungsgebiet;2500834;2018;11;17;1;3;3;6;1;0;1;0;0;0;0;0;801959,3142;5826795,799;13,45014098;52,50747443
206853;11;4;4051549;Rathaus Wilmersdorf;4501146;2018;10;23;3;3;5;3;2;0;1;0;0;0;0;1;793289,5105;5823932,709;13,3202489;52,48653804
206854;11;8;8010117;Schillerpromenade;8100102;2018;11;17;1;2;6;4;1;0;1;1;0;0;0;0;800494,804;5823185,864;13,42537226;52,4759259
206855;11;3;3020307;Buchholz;3200310;2018;10;18;4;3;5;2;1;1;1;0;0;0;0;0;799955,4316;5838348,462;13,43114649;52,61212947
206856;11;9;9020501;Obersch�neweide West;9200510;2018;10;6;3;3;5;3;1;1;1;0;0;0;0;1;806457,632;5822273,719;13,51205578;52,4644381
206857;11;3;3071536;Teutoburger Platz;3701554;2018;10;8;3;3;3;6;0;1;1;0;0;0;0;1;799063,6178;5830186,249;13,41065228;52,53945987
206858;11;3;3050920;Wei�er See;3500933;2018;10;21;3;3;4;6;2;0;1;0;0;0;1;0;802447,0566;5832546,054;13,46253759;52,55874319
206859;11;7;7050504;Imbrosweg;7501032;2018;11;16;1;3;5;2;0;0;1;0;0;0;1;0;800048,928;5820439,326;13,41635788;52,4515524
206860;11;11;11041022;Rosenfelder Ring;11401032;2018;10;20;3;3;6;7;1;0;1;1;0;0;0;0;806577,8333;5827754,103;13,51886106;52,51348734
206861;11;11;11010205;Falkenberg West;11100204;2018;10;18;4;3;2;6;1;0;1;0;0;0;0;0;805943,8642;5833670,564;13,51499588;52,56686804
206862;11;2;2040503;Richard-Sorge-Viertel;2400522;2018;11;14;1;2;5;3;0;1;1;0;0;0;0;0;801520,5859;5828544,607;13,44528107;52,52339184
206863;11;7;7060604;Marienfelde S�d;7601341;2018;10;19;3;3;2;6;2;0;1;0;0;0;0;1;797613,8582;5815547,95;13,37627739;52,40903708
206864;11;8;8010406;Treptower Stra�e Nord;8100419;2018;11;13;1;3;5;3;0;1;1;0;0;0;0;0;802148,2892;5824475,073;13,45081181;52,48656903
206865;11;1;1033101;Soldiner Stra�e                                                                                     ;1300730;2018;10;18;4;2;5;3;1;0;1;0;1;0;0;0;796116,9776;5832241,592;13,36916543;52,55949312
206866;11;6;6040809;Thielallee;6400843;2018;11;11;1;2;1;5;0;0;1;0;0;0;0;0;791660,168;5819425,66;13,29238206;52,4470053
206867;11;4;4030931;Breitscheidplatz;4501042;2018;10;19;3;3;5;7;2;0;1;0;0;0;0;1;793921,5728;5825713,874;13,331102;52,50216541
206868;11;1;1011301;Charit�viertel;1100308;2018;11;17;1;3;9;1;1;0;0;0;1;0;0;0;797056,2376;5828588,077;13,37971309;52,52623206
206869;11;4;4051446;Preu�enpark;4501043;2018;10;18;4;2;6;4;1;0;1;1;0;0;0;0;792592,3321;5824863,031;13,31082778;52,49525223
206870;11;1;1011305;Heine-Viertel West;1100312;2018;10;19;3;3;5;7;2;1;1;0;0;0;0;1;799665,4307;5827104,788;13,41672248;52,51150885
206871;11;7;7060603;Marienfelde Nordost;7601238;2018;10;18;4;3;1;5;1;1;1;0;0;0;1;0;798149,1716;5815838,969;13,3843831;52,41135452
206872;11;2;2020204;Urbanstra�e;2200210;2018;11;6;1;3;9;1;1;0;1;0;0;0;0;1;798296,3139;5825302,118;13,39499296;52,49610065
206873;11;1;1044201;Reinickendorfer Stra�e                                                                              ;1401043;2018;10;17;4;3;6;2;0;0;1;1;0;0;0;0;795864,3071;5831115,328;13,3644453;52,54953462
206874;11;2;2020205;Chamissokiez;2200211;2018;10;19;3;3;0;4;2;1;0;1;0;0;0;1;798099,6046;5824547,741;13,39142902;52,48944605
206875;11;7;7050501;Rathausstra�e                                                                                       ;7501029;2018;10;17;4;3;2;6;0;0;1;0;0;0;1;0;797569,9429;5819708,164;13,3793351;52,44635333
206876;11;1;1011306;Heine-Viertel Ost;1100313;2018;11;4;1;3;0;1;2;1;0;0;0;0;0;0;800478,012;5826700,311;13,42829504;52,50743641
206877;11;4;4030725;Amtsgerichtsplatz;4300416;2018;10;17;4;3;2;6;0;0;1;0;0;0;0;0;791914,7392;5826217,022;13,3020622;52,50775338
206878;11;6;6020303;Lankwitz Kirche                                                                                     ;6200313;2018;10;19;3;3;1;7;2;0;1;0;0;0;1;1;795310,9575;5818522,593;13,34514616;52,43695019
206879;11;3;3040513;Sch�nholz;3400620;2018;10;16;4;3;5;3;0;1;1;0;0;0;0;0;797412,3571;5833971,488;13,38976868;52,57429345
206880;11;12;12301206;L�bars;12500929;2018;11;3;1;3;9;1;2;0;1;0;0;0;0;0;795804,8424;5838392,897;13,37006623;52,61480265
206881;11;6;6010103;Markelstra�e                                                                                        ;6100103;2018;10;18;3;2;6;4;2;1;0;1;0;0;0;1;793624,8556;5821512,496;13,32304259;52,46466151
206882;11;3;3061126;Arnimplatz;3601141;2018;11;15;7;3;2;6;0;0;1;0;0;0;0;0;798795,7247;5831458,642;13,40785865;52,55101194
206883;11;11;11030720;Herzbergstra�e;11300721;2018;10;15;4;3;5;7;0;0;1;0;0;0;0;0;805403,2916;5829109,964;13,50285164;52,526298
206884;11;4;4030620;Alt-Lietzow;4300619;2018;11;20;7;2;5;3;2;0;1;0;1;0;0;0;792637,5682;5827414,078;13,31373472;52,51809735
206885;11;2;2050802;Boxhagener Platz;2500833;2018;10;18;3;3;5;2;2;0;1;0;0;0;0;1;802524,1806;5827271,217;13,45887045;52,51142265
206886;11;2;2010103;Moritzplatz;2100104;2018;11;15;7;3;5;3;0;0;1;0;1;0;0;0;799495,9599;5826143,168;13,4133676;52,50298245
206887;11;3;3040614;Pankow Zentrum                                                                                      ;3400721;2018;10;14;4;3;2;6;0;0;1;0;0;0;0;0;798131,2907;5833396,444;13,39982913;52,56874567
206888;11;4;4051448;Schaperstra�e;4501045;2018;10;17;3;3;5;2;2;1;1;0;0;0;0;1;794172,6292;5825316,703;13,33443912;52,4984697
206889;11;11;11030618;Fennpfuhl West;11300617;2018;10;14;4;3;3;6;0;0;1;0;0;1;0;0;803029,8326;5829529,084;13,46835557;52,53137886
206890;11;2;2050602;Samariterviertel;2500727;2018;11;14;7;2;0;1;0;1;0;0;0;0;0;0;802588,4299;5827711,333;13,46021448;52,51533174
206891;11;4;4030930;George-Grosz-Platz;4501041;2018;10;14;4;2;6;4;0;0;1;1;0;0;0;0;793116,5582;5825386,895;13,31898851;52,4996672
206892;11;4;4041136;Hagenplatz;4400728;2018;10;18;3;3;2;6;2;1;1;0;0;0;0;1;789884,0457;5823102,462;13,2695155;52,48091353
206893;11;1;1011102;Gro�er Tiergarten;1100102;2018;11;13;7;3;5;3;0;1;1;0;0;0;0;0;794105,7109;5826761,35;13,33473236;52,51145623
206894;11;4;4030828;Savignyplatz;4300624;2018;10;13;4;3;6;7;0;0;1;1;0;0;0;0;793315,2419;5826006,554;13,32245285;52,50511544
206895;11;4;4030827;Karl-August-Platz;4300623;2018;11;13;7;3;5;7;0;1;1;0;0;0;0;0;792708,8438;5826095,399;13,3136223;52,50623757
206896;11;5;5010314;Carl-Schurz-Stra�e                                                                                  ;5100316;2018;10;18;3;3;5;3;2;0;1;0;0;0;0;1;784666,6626;5828832,673;13,19779853;52,53503594
206897;11;6;6040807;Zehlendorf Eiche                                                                                    ;6400841;2018;11;11;7;3;5;3;0;1;1;0;0;0;0;0;790009,8477;5819155,712;13,26793322;52,44546304
206898;11;5;5010101;Hakenfelde Nord;5100101;2018;10;13;4;3;5;3;0;1;1;0;0;0;0;0;781917,2924;5831964,148;13,16003077;52,56454327
206899;11;3;3020210;Herthaplatz;3200207;2018;10;10;3;2;5;2;0;0;1;0;1;0;0;0;799006,7031;5835781,209;13,41485793;52,5896411
206900;11;2;2030302;Lausitzer Platz;2300316;2018;10;12;4;2;6;2;0;0;1;1;0;0;0;0;801153,3362;5825944,677;13,4375318;52,50029114
206901;11;1;1033202;Humboldthain S�d;1300835;2018;10;18;3;3;2;6;0;0;1;0;0;0;0;1;796990,6982;5830500,362;13,38045868;52,54340923
206902;11;1;1011201;Wilhelmstra�e                                                                                       ;1100205;2018;11;11;7;3;5;2;0;1;1;0;0;0;0;0;796960,7328;5826703,413;13,37662719;52,50939013
206903;11;1;1011302;Oranienburger Stra�e                                                                                ;1100309;2018;10;12;4;3;5;2;0;1;1;0;0;0;0;0;798680,9496;5828659,062;13,40365447;52,52598069
206904;11;2;2030301;Oranienplatz;2300314;2018;10;18;3;3;5;3;2;1;1;0;0;0;0;0;800040,9928;5826344,258;13,42155444;52,50448547
206905;11;2;2010101;Askanischer Platz;2100101;2018;11;10;7;3;5;2;0;1;1;0;0;0;0;0;797391,0783;5826179,859;13,38248179;52,50446262
206906;11;12;12231101;Hermsdorf;12400723;2018;10;12;4;3;6;7;0;1;0;1;0;0;0;0;792803,3244;5839410,99;13,32676307;52,6255547
206907;11;1;1044103;Westliche M�llerstra�e                                                                              ;1400942;2018;10;18;3;3;6;4;2;0;1;1;0;0;0;1;795030,4912;5831147,474;13,35221245;52,55027503
206908;11;1;1044103;Westliche M�llerstra�e                                                                              ;1400942;2018;10;12;4;3;6;4;0;0;1;1;0;0;0;0;795143,202;5831035,344;13,35377025;52,54920882
206909;11;1;1033101;Soldiner Stra�e                                                                                     ;1300732;2018;11;8;7;3;1;5;0;0;1;0;0;0;1;0;797518,0662;5832692,811;13,39017704;52,56277402
206910;11;7;7010104;Dennewitzplatz;7100205;2018;10;10;4;3;3;6;0;0;1;0;1;0;0;1;796359,7887;5824886,309;13,36618128;52,49342829
206911;11;5;5020626;Adamstra�e                                                                                          ;5200630;2018;10;12;3;3;2;6;0;0;1;0;1;0;0;0;783394,7383;5827657,377;13,17809466;52,52516086
206912;11;1;1044203;Leopoldplatz;1401048;2018;11;12;7;3;5;7;0;1;0;0;0;0;1;0;795602,9799;5831756,7;13,36117352;52,55542579
206913;11;10;10040830;Kaulsdorf S�d                                                                                       ;10400837;2018;10;11;4;3;5;3;0;0;1;0;0;0;1;1;810733,8855;5825026,794;13,57736439;52,48669503
206914;11;6;6020305;Gemeindepark Lankwitz;6200315;2018;11;12;6;3;0;7;0;0;0;0;0;0;1;0;795503,2308;5817520,472;13,34708073;52,42786291
206915;11;11;11030824;Frankfurter Allee S�d;11300826;2018;10;5;3;3;6;2;2;0;1;1;0;0;0;1;803847,3239;5827402,768;13,47842763;52,51186632
206916;11;8;8010117;Schillerpromenade;8100103;2018;11;17;6;2;5;2;0;0;1;0;1;0;0;0;800696,1267;5822918,167;13,42808618;52,47341564
206917;11;2;2040702;Weberwiese;2400624;2018;10;11;4;2;1;5;0;0;1;0;1;0;0;0;801793,8331;5827421,042;13,4482771;52,5131701
206918;11;6;6040809;Thielallee;6400843;2018;10;10;3;3;2;6;0;0;1;0;0;0;0;0;792206,2;5820496,468;13,30133037;52,45631346
206919;11;3;3020307;Buchholz;3200308;2018;10;8;3;3;5;3;0;0;1;0;0;0;1;1;799862,4833;5836934,029;13,42849638;52,59950296
206920;11;6;6030504;Teltower Damm;6300528;2018;10;8;4;3;0;3;0;0;0;0;1;1;0;1;789050,1856;5816686,242;13,25171746;52,42383115
206921;11;8;8010404;Rixdorf;8100417;2018;10;7;3;3;0;4;0;1;0;1;0;0;0;1;802525,6034;5823133,783;13,45513463;52,47433808
206922;11;2;2020204;Urbanstra�e;2200210;2018;11;20;6;3;2;6;2;0;1;0;0;0;0;0;798061,6964;5825430,85;13,39166242;52,49738275
206923;11;5;5010207;Darbystra�e                                                                                         ;5100209;2018;10;7;4;3;6;2;0;0;1;1;0;0;0;1;783468,138;5830709,183;13,18177735;52,55248578
206924;11;1;1033101;Soldiner Stra�e                                                                                     ;1300730;2018;10;14;3;3;5;2;0;1;0;0;0;1;0;0;796412,126;5831986,239;13,37327847;52,55704358
206925;11;5;5030731;Gartenfelder Stra�e                                                                                 ;5300737;2018;10;7;4;3;6;2;1;0;1;1;0;0;0;1;786991,4605;5829594,715;13,23263778;52,54064885
206926;11;4;4030827;Karl-August-Platz;4300623;2018;11;17;6;3;5;2;2;0;1;0;0;0;0;0;792718,9877;5826095,117;13,31377108;52,5062296
206927;11;1;1044202;Sparrplatz;1401046;2018;10;12;3;3;2;6;0;0;1;0;0;0;0;0;794633,7681;5829904,699;13,34527602;52,53934921
206928;11;2;2040703;Wriezener Bahnhof/Entwicklungsgebiet;2400625;2018;11;22;6;3;2;6;2;0;1;0;0;0;0;0;801319,8237;5826462,061;13,44044518;52,50483665
206929;11;6;6030605;Botanischer Garten;6300629;2018;10;16;2;3;1;5;0;1;1;0;0;0;0;0;792440,5066;5819625,998;13,3040066;52,44838448
206930;11;8;8020625;Handwerker-Siedlung;8200730;2018;10;6;4;3;6;2;2;0;1;1;0;0;0;1;802504,123;5818945,86;13,45102536;52,43681321
206931;11;2;2020202;Rathaus Yorckstra�e;2200208;2018;11;19;6;2;6;4;1;0;1;1;0;0;0;0;797556,3771;5825121,319;13,38396421;52,4948839
206932;11;10;10040828;Kaulsdorf Nord                                                                                      ;10400835;2018;10;5;2;3;5;2;2;1;1;0;0;0;0;0;811196,9289;5827957,089;13,58689958;52,51269083
206933;11;7;7050503;Eisenacher Stra�e                                                                                   ;7501031;2018;11;16;6;3;5;2;0;0;1;0;0;0;0;0;798346,7006;5820498,033;13,39143574;52,45301031
206934;11;10;10040828;Kaulsdorf Nord                                                                                      ;10400835;2018;10;5;4;2;5;3;2;1;1;0;0;0;0;1;811797,1697;5828680,927;13,59639421;52,51883456
206935;11;1;1022106;Elberfelder Stra�e                                                                                  ;1200522;2018;11;15;6;3;2;6;0;0;1;0;0;0;0;0;793706,5502;5828113,392;13,33006115;52,52379167
206936;11;9;9052001;K�penick Nord                                                                                       ;9502043;2018;10;17;2;3;6;2;2;0;1;1;0;0;0;1;811363,4414;5822557,072;13,58430053;52,46420415
206937;11;6;6010209;Feuerbachstra�e                                                                                     ;6100209;2018;11;15;6;3;5;2;0;1;1;0;0;0;0;0;794409,469;5821499,583;13,33454721;52,46412355
206938;11;11;11030720;Herzbergstra�e;11300721;2018;10;4;4;3;5;2;2;0;1;0;0;0;0;1;805136,6758;5829983,238;13,49973536;52,53427392
206939;11;1;1044201;Reinickendorfer Stra�e                                                                              ;1401045;2018;10;21;2;3;6;4;2;0;1;1;0;0;0;0;796421,9075;5831974,842;13,37341215;52,5569361
206940;11;1;1011302;Oranienburger Stra�e                                                                                ;1100309;2018;10;20;2;3;0;5;2;1;1;0;0;0;0;1;798429,7259;5829045,598;13,40030932;52,52958303
206941;11;8;8010406;Treptower Stra�e Nord;8100419;2018;10;9;3;3;5;3;0;1;0;0;0;0;0;0;802523,7954;5823955,855;13,45585387;52,48170734
206942;11;2;2020203;Viktoriapark;2200209;2018;10;20;2;3;1;5;2;0;1;0;0;0;0;1;797642,4398;5824022,592;13,38424678;52,48498812
206943;11;1;1044202;Sparrplatz;1401047;2018;11;15;6;3;5;3;0;0;1;0;0;0;0;0;795531,1665;5830752,33;13,35922342;52,54646152
206944;11;9;9020701;Adlershof West;9200715;2018;10;20;3;3;5;2;2;1;1;0;0;0;0;1;807402,5331;5818799,94;13,52272421;52,43277454
206945;11;2;2030401;Reichenberger Stra�e;2300417;2018;10;18;2;3;5;3;1;0;1;0;0;0;0;1;800640,6218;5825686,59;13,42976847;52,49826054
206946;11;3;3050923;Wei�enseer Spitze;3500934;2018;10;20;3;3;5;7;2;1;1;0;0;0;0;1;800860,1808;5832071,013;13,43876961;52,55536438
206947;11;8;8020620;Tempelhofer Weg;8200624;2018;11;14;6;3;2;6;0;0;1;0;0;0;0;0;801365,1723;5820308,851;13,43555078;52,44965889
206948;11;9;9051702;B�lschestra�e;9501737;2018;10;18;2;2;5;2;2;0;1;0;0;0;1;1;814593,0474;5822110,788;13,63126261;52,45835538
206949;11;1;1044101;Rehberge;1400938;2018;11;14;6;3;2;6;0;0;1;0;0;0;0;0;794098,0971;5830298,802;13,33774942;52,54317146
206950;11;1;1022105;Zwinglistra�e                                                                                       ;1200521;2018;10;22;3;3;5;7;2;0;1;0;1;0;0;1;793710,7653;5828426,384;13,33039954;52,52659521
206951;11;1;1022206;L�neburger Stra�e                                                                                   ;1200628;2018;11;19;6;3;5;3;2;0;1;0;0;0;0;0;796464,1401;5828248,98;13,3707087;52,52351469
206952;11;1;1022204;Thomasiusstra�e                                                                                     ;1200626;2018;10;18;2;3;3;6;1;0;1;0;0;1;0;1;794564,1855;5828301,83;13,34283261;52,52501823
206953;11;7;7010104;Dennewitzplatz;7100206;2018;11;9;6;3;0;2;0;1;0;0;1;0;0;0;796693,814;5824817,748;13,37102577;52,49263224
206954;11;9;9020502;Obersch�neweide Ost;9200511;2018;10;22;3;3;5;3;2;0;1;0;0;0;0;1;807080,1121;5822525,002;13,52142098;52,4663407
206955;11;12;12231101;Hermsdorf;12400723;2018;10;21;3;3;2;6;2;0;1;0;0;0;0;1;790822,9294;5839432,922;13,29760787;52,62681515
206956;11;4;4030519;Kaiserin-Augusta-Allee;4300518;2018;11;8;6;3;2;6;0;0;1;0;1;0;0;0;792085,0434;5828060,977;13,30618311;52,52419286
206957;11;9;9010401;Johannisthal West;9100407;2018;11;8;6;3;5;3;0;1;1;0;0;0;0;0;805814,4567;5819650,013;13,50021542;52,44128345
206958;11;12;12231101;Hermsdorf;12400722;2018;10;20;3;3;8;1;2;0;1;0;0;0;0;1;790533,4814;5837192,88;13,29137593;52,60688857
206959;11;6;6010101;Fichtenberg;6100101;2018;10;18;2;3;2;6;1;0;1;0;0;0;0;1;793284,9095;5821095,72;13,31768676;52,46110781
206960;11;11;11010309;Zingster Stra�e West;11100308;2018;10;20;3;3;6;2;2;0;1;1;0;0;0;1;804534,6146;5833829,222;13,49441412;52,56908013
206961;11;1;1033203;Humboldthain Nordwest                                                                               ;1300836;2018;10;18;2;3;0;5;1;0;1;0;1;0;0;1;796616,2912;5830127,659;13,37462111;52,54027231
206962;11;9;9010401;Johannisthal West;9100407;2018;11;3;6;3;9;1;2;0;1;0;0;0;0;1;805521,3648;5821501,445;13,49761025;52,45804086
206963;11;7;7050501;Rathausstra�e                                                                                       ;7501029;2018;10;19;3;3;5;7;2;0;1;0;0;0;0;1;797702,0176;5819245,741;13,38086067;52,44213628
206964;11;3;3030715;Heinersdorf;3300516;2018;10;17;2;3;2;6;1;0;1;0;0;0;0;1;801140,9349;5833195,756;13,44391883;52,56529035
206965;11;7;7070704;Nahariyastra�e                                                                                      ;7601545;2018;10;18;3;3;6;2;2;0;1;1;0;0;0;1;800651,8653;5814135,652;13,41953874;52,39471803
206966;11;8;8030831;Gropiusstadt Ost;8301037;2018;11;13;6;3;5;3;0;1;1;0;0;0;0;0;804698,1327;5817818,192;13,48217349;52,42548839
206967;11;1;1044202;Sparrplatz;1401046;2018;10;17;2;3;5;7;1;0;1;0;1;0;0;1;795114,7396;5830357,723;13,35274961;52,54314994
206968;11;4;4051448;Schaperstra�e;4501045;2018;11;12;6;2;2;6;0;0;1;0;0;0;0;0;793506,2389;5825346,238;13,32467675;52,49909328
206969;11;12;12103115;Breitkopfbecken;12100103;2018;10;18;3;2;6;4;2;0;1;1;0;0;0;1;796086,6092;5833932,585;13,3702281;52,57466759
206970;11;3;3040513;Sch�nholz;3400620;2018;10;16;2;3;2;6;2;0;1;0;0;0;0;1;797424,3811;5833964,97;13,38993974;52,57422845
206971;11;5;5010204;Griesingerstra�e                                                                                    ;5100206;2018;11;11;6;3;5;7;0;1;1;0;0;0;0;0;781740,399;5831180,02;13,15676218;52,55760401