OBJECTID;LAND;BEZ;LOR;STRASSE;LOR_ab_2021;UJAHR;UMONAT;USTUNDE;UWOCHENTAG;UKATEGORIE;UART;UTYP1;ULICHTVERH;IstRad;IstPKW;IstFuss;IstKrad;IstGkfz;IstSonstig;USTRZUSTAND;LINREFX;LINREFY;XGCSWGS84;YGCSWGS84
207140;11;2;2020203;Viktoriapark;2200207;2018;11;13;6;3;0;7;0;0;1;0;0;0;0;0;797230,0373;5824821,147;13,37890364;52,49237099
207141;11;8;8010117;Schillerpromenade;8100102;2018;11;15;1;3;0;1;0;0;1;0;0;0;0;1;800177,0048;5823644,637;13,42112016;52,48021285
207142;11;7;7010102;Nollendorfplatz;7100102;2018;11;19;1;3;8;1;2;0;1;0;0;0;0;1;795493,2876;5825553,796;13,3540476;52,49988158
207143;11;5;5030731;Gartenfelder Stra�e                                                                                 ;5300737;2018;11;19;2;3;5;2;1;0;1;0;0;0;0;0;788032,2053;5829373,052;13,24774907;52,5381124
207144;11;1;1033102;Gesundbrunnen;1300733;2018;11;18;6;3;2;6;2;0;1;0;0;0;0;0;797139,7304;5831385,825;13,38344206;52,55126509
207145;11;5;5010314;Carl-Schurz-Stra�e                                                                                  ;5100316;2018;11;16;2;3;5;2;1;1;1;0;0;0;0;0;783788,7148;5829112,407;13,18512849;52,53800195
207146;11;1;1033102;Gesundbrunnen;1300733;2018;11;17;6;3;3;6;2;1;1;0;0;0;0;0;797203,829;5831349,433;13,38435207;52,55090391
207147;11;10;10010308;Marzahner Chaussee;10100311;2018;11;17;6;3;2;6;2;0;1;0;0;0;0;0;806486,7421;5829658,825;13,51927801;52,53060901
207148;11;1;1011104;K�rnerstra�e                                                                                        ;1100104;2018;11;17;3;3;3;6;2;1;0;0;0;0;1;0;796428,1387;5825517,567;13,36774683;52,49904981
207149;11;2;2040502;Friedenstra�e;2400521;2018;11;7;3;3;5;2;0;0;1;0;1;0;0;1;800680,906;5828487,399;13,43289037;52,52334275
207150;11;8;8010118;Silbersteinstra�e;8100105;2018;11;8;6;3;0;2;0;1;1;0;0;0;0;0;801081,5918;5821967,616;13,43288637;52,46468323
207151;11;7;7030303;Grazer Platz;7300619;2018;11;18;5;3;1;5;2;1;1;0;0;0;0;0;795004,3665;5822160,669;13,34386295;52,46972893
207152;11;1;1044203;Leopoldplatz;1401049;2018;11;15;1;3;1;1;0;0;1;0;1;0;0;1;795755,1286;5831901,667;13,36354034;52,55664268
207153;11;7;7040405;Rathaus Tempelhof;7400927;2018;11;12;2;3;5;3;0;0;1;0;0;0;1;0;798837,1913;5821787,763;13,39978677;52,4643032
207154;11;11;11010310;M�hlengrund;11100309;2018;11;22;5;3;5;3;2;0;1;0;0;0;1;0;805792,946;5833214,063;13,51235545;52,56286157
207155;11;6;6010102;Schlo�stra�e                                                                                        ;6100102;2018;11;14;2;3;2;6;0;0;1;0;0;0;0;0;793523,7852;5820664,984;13,32081386;52,45711815
207156;11;12;12103117;Letteplatz;12100101;2018;11;17;1;3;5;2;2;0;1;0;0;0;0;1;795782,9008;5832578,345;13,3645519;52,56269335
207157;11;8;8010117;Schillerpromenade;8100102;2018;11;21;5;3;1;5;2;1;1;0;0;0;0;0;800520,2321;5823423,653;13,42595981;52,47804331
207158;11;6;6020303;Lankwitz Kirche                                                                                     ;6200313;2018;11;17;3;2;6;4;2;0;1;1;0;0;0;1;795400,3236;5818163,668;13,34613981;52,43368438
207159;11;4;4010101;Jungfernheide;4100101;2018;11;19;5;3;2;6;2;0;1;0;1;0;0;0;791325,1643;5830671,567;13,29730311;52,54800297
207160;11;1;1033102;Gesundbrunnen;1300733;2018;11;13;1;3;5;3;0;0;1;0;0;0;0;1;797357,655;5831192,29;13,38647336;52,54941137
207161;11;7;7050503;Eisenacher Stra�e                                                                                   ;7501031;2018;11;14;3;3;5;3;0;0;1;0;0;0;0;1;798356,543;5820515,56;13,39159581;52,45316205
207162;11;8;8010404;Rixdorf;8100417;2018;11;19;5;2;6;4;2;0;1;1;0;0;0;0;802557,3268;5823098,461;13,45556823;52,47400391
207163;11;8;8010302;Bouch�stra�e;8100313;2018;11;19;5;3;0;1;2;1;0;0;0;0;0;0;801856,9728;5824452,644;13,44651429;52,48652914
207164;11;2;2020203;Viktoriapark;2200209;2018;11;15;3;3;5;2;0;0;1;0;0;0;0;1;797757,768;5824034,423;13,38595072;52,4850313
207165;11;2;2010102;Mehringplatz;2100102;2018;11;14;5;3;3;6;0;0;1;0;1;0;0;0;798347,3878;5826262,921;13,3966038;52,5046851
207166;11;2;2050801;Traveplatz;2500831;2018;11;13;1;3;5;2;0;1;1;0;0;0;0;1;802856,7912;5827467,975;13,46393566;52,51300161
207167;11;4;4030417;Schlo�stra�e;4300414;2018;11;10;2;3;5;7;0;1;1;0;0;0;0;0;791183,1478;5826514,223;13,29157335;52,51080874
207168;11;8;8041037;Alt-Rudow;8401243;2018;11;13;5;2;6;4;0;1;0;1;0;0;0;0;806165,9757;5817736,86;13,50361909;52,42394014
207169;11;6;6020408;Lichterfelde S�d                                                                                    ;6200420;2018;11;6;2;3;5;2;1;0;1;0;0;0;0;1;792722,1583;5816229,975;13,30516582;52,41778879
207170;11;9;9030901;Dorf Altglienicke;9300920;2018;11;12;5;2;6;4;0;0;0;1;1;0;0;0;807550,8602;5815365,942;13,52174343;52,40191468
207171;11;1;1022106;Elberfelder Stra�e                                                                                  ;1200522;2018;11;16;3;3;5;3;1;0;1;0;0;0;0;1;793819,3656;5827955,998;13,33158015;52,52231993
207172;11;1;1011204;Leipziger Stra�e                                                                                    ;1100207;2018;11;19;5;2;3;6;1;0;1;0;1;0;0;0;798588,9441;5826884,862;13,40070995;52,51012782
207173;11;12;12214527;Alt-Tegel;12200515;2018;11;13;1;3;5;3;0;0;1;0;0;0;0;1;790053,5028;5835750,489;13,28304416;52,59421399
207174;11;2;2020203;Viktoriapark;2200208;2018;11;9;3;3;5;2;0;1;1;0;0;0;0;1;797280,9244;5824851,246;13,37967781;52,49261308
207175;11;7;7020201;Bayerischer Platz;7200307;2018;11;19;5;3;5;7;2;1;1;0;0;0;0;0;794942,5015;5824454,272;13,34498375;52,49032305
207176;11;4;4041136;Hagenplatz;4400728;2018;11;11;1;3;5;3;0;0;1;0;0;0;0;1;790300,0568;5822851,05;13,27540525;52,47843858
207177;11;4;4051446;Preu�enpark;4501043;2018;11;10;5;3;6;4;0;1;0;1;0;0;0;0;792488,9321;5824753,208;13,30921262;52,49432311
207178;11;3;3061441;Eldenaer Stra�e;3601453;2018;11;18;5;3;1;5;2;1;1;0;0;0;0;0;802473,9544;5828340,907;13,45910504;52,52103807
207179;11;3;3040614;Pankow Zentrum                                                                                      ;3400724;2018;11;19;1;3;0;6;2;0;1;0;1;0;0;0;799475,0993;5834658,681;13,42073704;52,57932189
207180;11;3;3061126;Arnimplatz;3601141;2018;11;10;5;3;5;3;0;1;1;0;0;0;0;0;798978,9139;5831613,163;13,41069151;52,55229646
207181;11;2;2050602;Samariterviertel;2500727;2018;11;18;5;3;2;6;2;0;1;0;0;0;0;0;802694,6542;5828227,811;13,46224499;52,51990194
207182;11;7;7020203;Kaiser-Wilhelm-Platz;7200409;2018;11;12;3;3;2;6;0;0;1;0;0;0;0;1;794995,1758;5824316,514;13,34563535;52,48905968
207183;11;5;5040935;Gro�-Glienicker Weg;5400942;2018;11;9;5;3;5;2;0;1;1;0;0;0;0;0;782220,1938;5820362,456;13,15464829;52,46036009
207184;11;5;5030731;Gartenfelder Stra�e                                                                                 ;5300737;2018;11;8;5;3;3;6;0;0;1;0;1;0;1;0;787099,5973;5829374,568;13,23403765;52,53861814
207185;11;5;5010314;Carl-Schurz-Stra�e                                                                                  ;5100316;2018;11;9;1;2;6;2;0;0;1;1;0;0;0;1;784806,7969;5828783,907;13,19981718;52,53452548
207186;11;1;1044101;Rehberge;1400938;2018;11;8;3;3;2;6;0;0;1;0;1;0;0;1;794469,4066;5830697,548;13,34356239;52,54654537
207187;11;1;1022104;Emdener Stra�e                                                                                      ;1200520;2018;11;8;5;3;0;2;0;1;1;0;0;0;0;0;794567,4728;5828660,589;13,34319874;52,52823248
207188;11;1;1044201;Reinickendorfer Stra�e                                                                              ;1401045;2018;11;18;5;3;2;6;2;0;1;0;0;0;0;0;796950,9991;5831899,742;13,3811264;52,55597467
207189;11;5;5020524;Weinmeisterhornweg;5200528;2018;11;8;5;3;2;6;0;0;1;0;0;0;1;0;782995,4356;5826088,05;13,17088965;52,51129719
207190;11;4;4051551;Brabanter Platz;4501148;2018;11;7;5;2;5;2;0;0;1;0;0;0;0;1;792822,2628;5823226,259;13,31276683;52,48045571
207191;11;12;12224230;Heiligensee;12400618;2018;11;7;3;3;2;6;0;0;1;0;0;0;0;1;787372,313;5837854,651;13,2453983;52,61450197
207192;11;7;7070704;Nahariyastra�e                                                                                      ;7601545;2018;11;7;5;3;6;4;0;0;1;1;0;0;0;0;800609,1173;5813893,725;13,41869538;52,39257296
207193;11;5;5010314;Carl-Schurz-Stra�e                                                                                  ;5100316;2018;11;17;5;3;5;2;2;1;1;0;0;0;0;0;783644,9236;5829307,542;13,18318068;52,53982643
207194;11;8;8010211;Flughafenstra�e;8100206;2018;11;7;5;2;1;5;0;1;1;0;0;0;0;0;800545,3154;5823757,496;13,42662893;52,48102187
207195;11;5;5020625;Borkumer Stra�e                                                                                     ;5200629;2018;11;7;5;3;5;3;1;1;1;0;0;0;0;0;784452,9133;5828665,06;13,19451223;52,53364472
207196;11;3;3061430;Volkspark Prenzlauer Berg;3601450;2018;11;10;3;3;5;3;0;0;1;0;0;1;0;1;802327,3278;5829201,085;13,45773255;52,5288291
207197;11;9;9041501;Altstadt Kietz;9401534;2018;11;6;5;3;2;6;2;0;1;0;0;0;0;0;810762,0305;5820317,188;13,57339211;52,44447357
207198;11;6;6010208;Bergstra�e                                                                                          ;6100208;2018;11;17;5;3;5;3;2;0;1;0;0;0;0;0;794767,9815;5820879,995;13,33926196;52,45837599
207199;11;9;9020701;Adlershof West;9200715;2018;11;9;1;3;5;3;0;1;0;0;0;0;1;1;808808,9339;5819002,66;13,54353293;52,43379923
207200;11;2;2030401;Reichenberger Stra�e;2300418;2018;11;8;2;3;6;4;1;0;1;1;0;0;0;0;801131,9447;5825209,972;13,43655342;52,49371762
207201;11;3;3051021;Buschallee;3501038;2018;11;16;5;3;5;2;2;1;1;0;0;0;0;0;803557,7666;5832295,112;13,47864204;52,5558761
207202;11;4;4020313;K�nigin-Elisabeth-Stra�e;4200311;2018;11;15;5;3;2;6;1;0;0;0;1;0;1;0;790480,7775;5826048,741;13,28084674;52,50701016
207203;11;10;10030727;Biesdorf S�d                                                                                        ;10300734;2018;11;16;5;3;5;2;2;1;1;0;0;0;0;0;809583,048;5824504,827;13,5599853;52,48267105
207204;11;9;9020702;Adlershof Ost;9200717;2018;11;7;3;3;5;3;1;1;1;0;0;0;0;1;809273,077;5819595,726;13,55088721;52,43885204
207205;11;4;4030725;Amtsgerichtsplatz;4300416;2018;11;10;5;3;0;1;0;0;0;0;1;0;0;0;791786,805;5826097,946;13,30007818;52,50675432
207206;11;4;4020208;Kranzallee;4200206;2018;11;9;1;3;6;7;0;1;0;1;0;0;0;1;788765,4823;5825875,092;13,2554936;52,50636396
207207;11;4;4030931;Breitscheidplatz;4501042;2018;11;17;2;2;6;4;2;0;1;1;0;0;0;0;793897,5135;5825895,036;13,33090847;52,50380239
207208;11;6;6040806;Fischtal;6400840;2018;11;16;5;2;5;2;2;0;1;0;1;0;0;1;788785,094;5819814,563;13,2505327;52,45201825
207209;11;6;6030503;Zehlendorf Mitte                                                                                    ;6300526;2018;11;14;2;2;6;4;1;1;0;1;0;0;0;0;789538,9643;5817826,836;13,25987301;52,43379867
207210;11;2;2040703;Wriezener Bahnhof/Entwicklungsgebiet;2400625;2018;11;2;1;3;5;7;2;0;1;0;0;0;0;0;801684,769;5826128,023;13,44550303;52,50164096
207211;11;4;4030417;Schlo�stra�e;4300414;2018;11;13;2;3;6;4;0;1;0;1;0;0;0;1;791681,6614;5827489,219;13,29975289;52,5192831
207212;11;2;2040703;Wriezener Bahnhof/Entwicklungsgebiet;2400625;2018;11;16;5;3;3;7;2;1;1;0;0;0;0;0;801714,046;5826170,451;13,44597147;52,50200507
207213;11;11;11030619;Fennpfuhl Ost;11300620;2018;11;8;2;3;5;2;0;1;0;0;0;1;0;1;804212,5136;5829070,692;13,48531752;52,52661174
207214;11;10;10040932;Alt-Mahlsdorf;10400939;2018;11;16;5;3;0;3;1;0;0;0;0;0;1;0;812276,0737;5827765,426;13,60257019;52,51035661
207215;11;4;4031032;Halensee;4500938;2018;11;19;3;3;0;2;2;1;1;0;0;0;0;1;791958,4694;5824809,268;13,30147044;52,49510969
207216;11;12;12302212;Rollbergesiedlung;12601032;2018;11;15;5;3;2;6;0;0;1;0;0;0;1;0;792564,7626;5837366,925;13,32144069;52,60735938
207217;11;4;4030415;Schlo�garten;4300412;2018;11;15;1;3;2;6;0;0;1;0;0;0;0;1;790602,28;5827358,7;13,28377585;52,51868928
207218;11;12;12214421;Reinickes Hof;12200307;2018;11;6;3;3;0;1;1;0;0;0;1;0;0;1;793538,668;5834139,084;13,33292084;52,57789896
207219;11;1;1033101;Soldiner Stra�e                                                                                     ;1300730;2018;11;15;5;3;2;2;0;0;1;0;0;0;0;0;796171,0636;5832274,523;13,36999033;52,5597589
207220;11;7;7050502;Fritz-Werner-Stra�e                                                                                 ;7501133;2018;11;12;1;3;0;7;0;0;0;0;1;0;0;1;797675,1302;5818585,83;13,37987852;52,43623547
207221;11;11;11030721;R�digerstra�e;11300723;2018;11;18;1;2;1;5;2;0;1;0;1;0;0;1;805062,6863;5828430,468;13,49722334;52,52039873
207222;11;11;11030720;Herzbergstra�e;11300721;2018;11;14;5;3;2;6;0;0;0;0;0;0;1;0;805197,2738;5828990,386;13,49971457;52,52534165
207223;11;7;7070706;Horstwalder Stra�e/Paplitzer Stra�e                                                                 ;7601547;2018;11;5;2;3;2;6;2;0;1;0;0;0;0;1;800275,4919;5812785,87;13,41281487;52,38282546
207224;11;3;3040614;Pankow Zentrum                                                                                      ;3400725;2018;11;18;5;3;5;2;2;0;1;0;0;0;0;0;799198,8192;5835154,9;13,41711983;52,58392165
207225;11;2;2020206;Graefekiez;2200213;2018;11;13;3;3;2;7;0;0;1;0;1;0;0;1;800112,3204;5824846,412;13,42125258;52,49102044
207226;11;2;2030301;Oranienplatz;2300314;2018;11;1;5;3;6;4;2;1;0;1;0;0;0;0;799931,8681;5826039,856;13,41967733;52,50181699
207227;11;2;2030302;Lausitzer Platz;2300316;2018;11;10;1;3;9;1;0;0;1;0;0;0;0;1;801631,9618;5826039,983;13,44464769;52,50088104
207228;11;5;5020625;Borkumer Stra�e                                                                                     ;5200629;2018;11;17;5;3;2;6;2;0;1;0;0;0;0;0;784392,8197;5828680,375;13,19364178;52,53381339
207229;11;4;4030415;Schlo�garten;4300412;2018;11;16;3;3;6;2;2;0;1;1;0;0;0;1;790799,0218;5827373,638;13,28668027;52,51871832
207230;11;6;6010207;Mittelstra�e                                                                                        ;6100207;2018;11;18;4;3;0;6;2;0;1;0;0;0;1;0;794218,1984;5820288,853;13,33067287;52,45337292
207231;11;11;11040925;Victoriastadt;11400927;2018;11;13;1;2;0;1;0;1;0;0;0;0;0;1;803709,336;5826292,916;13,47538806;52,50199585
207232;11;1;1044203;Leopoldplatz;1401049;2018;11;13;3;3;5;2;0;1;1;0;0;0;0;1;795899,65;5831965,086;13,3657224;52,55713266
207233;11;2;2030402;Wrangelkiez;2300419;2018;11;22;4;3;0;7;2;1;0;0;0;0;0;0;800988,7189;5825720,645;13,43491157;52,4983739
207234;11;7;7030303;Grazer Platz;7300619;2018;11;22;1;3;5;2;2;1;1;0;0;0;0;0;794664,2967;5821801,912;13,33855428;52,4666964
207235;11;11;11020412;Hauptstra�e;11200411;2018;11;21;4;2;0;1;2;1;0;0;0;0;0;0;805621,9271;5831618,278;13,50837118;52,54865576
207236;11;5;5020522;Pillnitzer Weg;5200526;2018;11;14;1;3;2;6;0;0;1;0;0;0;1;1;782348,5169;5827041,006;13,16219121;52,52017707
207237;11;11;11041027;Tierpark;11401034;2018;11;20;1;3;5;3;2;0;1;0;0;0;0;1;807525,4331;5827478,931;13,5325267;52,51048783
207238;11;8;8010301;Reuterkiez;8100311;2018;11;21;4;3;1;5;2;1;1;0;0;0;0;0;800623,0894;5824411,773;13,42836076;52,48684358
207239;11;6;6040809;Thielallee;6400843;2018;11;20;4;3;5;3;1;0;1;0;0;0;0;0;792356,8711;5820764,086;13,30377583;52,45863204
207240;11;7;7020204;Sch�neberger Insel;7200413;2018;11;12;3;2;0;1;0;1;0;0;0;0;0;1;795965,2898;5823869,268;13,35948428;52,48452541
207241;11;6;6030503;Zehlendorf Mitte                                                                                    ;6300527;2018;11;20;4;2;5;3;2;0;1;0;0;0;0;0;790701,881;5817774,72;13,27688558;52,43271464
207242;11;6;6030605;Botanischer Garten;6300629;2018;11;18;4;3;6;4;2;1;0;1;0;0;0;0;791857,0734;5819141,908;13,29502321;52,44435639
207243;11;9;9051901;Dammvorstadt;9501940;2018;11;19;7;2;6;4;2;0;1;1;0;0;0;0;811428,852;5821578,181;13,58434709;52,45539458
207244;11;7;7070701;Kettinger Stra�e/Schillerstra�e                                                                     ;7601442;2018;11;17;3;3;6;2;2;0;1;1;0;0;0;1;798701,8711;5816033,019;13,39265798;52,41279268
207245;11;5;5020626;Adamstra�e                                                                                          ;5200631;2018;11;17;4;3;6;2;2;0;1;1;0;0;0;0;785129,9716;5827309,326;13,20330424;52,5211355
207246;11;7;7030303;Grazer Platz;7300619;2018;11;18;7;3;1;1;2;0;1;0;0;0;0;0;795355,4313;5822239,296;13,34908574;52,47024408
207247;11;5;5020625;Borkumer Stra�e                                                                                     ;5200629;2018;11;17;4;3;0;2;2;0;1;0;0;0;1;0;784667,7614;5828502,496;13,19753189;52,53207499
207248;11;3;3050919;Gustav-Adolf-Stra�e;3500932;2018;11;8;3;3;5;5;0;0;1;0;0;0;0;1;801742,0111;5832971,287;13,45255564;52,56294565
207249;11;4;4051448;Schaperstra�e;4501045;2018;11;16;4;3;2;7;1;0;1;0;1;0;0;0;793922,9875;5824970,829;13,33046703;52,49550362
207250;11;9;9031101;Gr�nau;9301126;2018;11;18;1;3;4;2;2;0;1;0;0;0;0;1;810134,5363;5818041,806;13,56207865;52,42443836
207251;11;7;7070706;Horstwalder Stra�e/Paplitzer Stra�e                                                                 ;7601547;2018;11;16;4;3;6;2;1;0;0;1;0;0;1;0;800037,685;5813263,096;13,40975836;52,38723344
207252;11;1;1011303;Alexanderplatzviertel;1100310;2018;11;15;4;3;2;6;0;0;1;0;0;0;0;0;799115,4102;5827603,536;13,40909023;52,51628128
207253;11;9;9010101;Elsenstra�e                                                                                         ;9100101;2018;11;15;4;3;2;6;1;1;1;0;0;0;0;0;802614,7234;5824476,481;13,45766135;52,48632332
207254;11;8;8040933;Vogelviertel S�d;8401139;2018;11;7;3;3;5;3;0;0;1;0;0;0;0;1;803301,8024;5818528,034;13,46234471;52,43262649
207255;11;4;4030621;Spreestadt;4300620;2018;11;15;4;3;5;7;0;0;1;0;0;0;1;0;793597,6122;5827851,12;13,32822855;52,52149921
207256;11;1;1022207;Hansaviertel;1200629;2018;11;7;4;3;2;6;0;1;1;0;0;0;0;1;794893,004;5827773,771;13,3471971;52,52010682
207257;11;9;9020702;Adlershof Ost;9200717;2018;11;15;1;3;0;3;0;1;1;0;0;0;0;0;809547,3302;5819794,512;13,55509304;52,44047838
207258;11;4;4030827;Karl-August-Platz;4300623;2018;11;19;2;3;0;3;2;1;0;0;0;0;0;0;792272,9616;5826501,273;13,30757486;52,51010982
207259;11;7;7070702;Alt-Lichtenrade/T�pchiner Weg;7601443;2018;11;15;4;2;5;3;0;0;0;0;1;0;1;0;800409,0379;5814527,575;13,41633211;52,39836431
207260;11;2;2020203;Viktoriapark;2200208;2018;11;7;2;3;2;7;0;0;1;0;0;0;1;0;797686,3579;5824966,173;13,38573453;52,49342232
207261;11;6;6040810;Dahlem;6400844;2018;11;7;4;3;5;3;0;1;1;0;0;0;0;1;792416,7733;5821433,659;13,30524154;52,46460263
207262;11;7;7030301;Friedenau;7300515;2018;11;7;4;3;5;3;0;1;1;0;0;0;0;0;793499,7625;5822495,232;13,32207105;52,4735386
207263;11;7;7030303;Grazer Platz;7300619;2018;11;18;3;3;2;6;2;0;1;0;0;0;0;0;795372,3955;5820977,923;13,34821835;52,45892753
207264;11;1;1011103;L�tzowstra�e                                                                                        ;1100103;2018;11;7;3;3;2;6;1;0;1;0;0;0;0;1;795290,7821;5826074,843;13,35153513;52,50466199
207265;11;11;11051229;Rummelsburg;11501238;2018;11;7;4;2;5;2;0;1;0;0;0;0;0;0;804766,9963;5825411,833;13,49011542;52,49350941
207266;11;4;4051551;Brabanter Platz;4501148;2018;11;7;4;3;5;7;0;1;1;0;0;0;0;0;792903,341;5823281,644;13,31400596;52,48090874
207267;11;1;1033102;Gesundbrunnen;1300733;2018;11;23;7;3;1;5;2;1;1;0;0;0;0;0;797338,2964;5831617,76;13,38656971;52,55323575
207268;11;1;1033203;Humboldthain Nordwest                                                                               ;1300836;2018;11;17;2;2;6;2;2;0;1;1;0;0;0;1;796979,2924;5831480,509;13,38116747;52,55220132
207269;11;6;6020410;Oberhofer Platz;6200422;2018;11;7;4;2;5;3;0;0;1;0;0;0;1;1;794150,1879;5816694,016;13,32651144;52,42118315
207270;11;9;9010401;Johannisthal West;9100407;2018;11;7;2;3;6;4;0;1;0;1;0;0;0;0;806130,8769;5820389,778;13,50553384;52,44773655
207271;11;1;1033201;Brunnenstra�e                                                                                       ;1300834;2018;11;16;1;3;0;1;1;0;0;0;1;0;0;1;798028,1258;5830074,497;13,39532932;52,53902546
207272;11;7;7010103;Barbarossaplatz;7100204;2018;11;14;4;2;5;3;0;0;1;0;0;0;0;0;795348,4396;5824673,623;13,35113959;52,49206989
207273;11;5;5010314;Carl-Schurz-Stra�e                                                                                  ;5100316;2018;11;17;3;3;5;2;2;1;1;0;0;0;0;1;783602,1945;5829160,744;13,18242703;52,53853245
207274;11;10;10010308;Marzahner Chaussee;10100311;2018;11;13;4;3;2;6;0;0;1;0;0;0;1;0;806363,4884;5830184,555;13,51795127;52,53538999
207275;11;1;1011302;Oranienburger Stra�e                                                                                ;1100309;2018;11;23;7;3;2;6;2;0;1;0;0;0;0;0;798592,1698;5828896,026;13,40256252;52,52815338
207276;11;4;4051551;Brabanter Platz;4501148;2018;11;14;3;3;2;6;0;0;1;0;0;0;0;1;792481,0015;5823602,285;13,30808598;52,48400959
207277;11;4;4020204;Olympiagel�nde;4200203;2018;11;13;4;3;5;2;0;0;1;0;0;0;0;0;787699,6404;5826425,25;13,24030881;52,51185954
207278;11;8;8020620;Tempelhofer Weg;8200624;2018;11;22;7;3;6;2;2;0;1;1;0;0;0;0;800786,117;5821431,763;13,42806727;52,4600429
207279;11;1;1011202;Unter den Linden Nord;1100206;2018;11;12;4;2;5;2;0;1;1;0;0;0;0;0;797197,8977;5827499,336;13,38082226;52,51639554
207280;11;11;11030720;Herzbergstra�e;11300721;2018;11;16;2;3;2;6;0;0;1;0;0;0;0;0;805555,137;5830060,774;13,50595681;52,5347344
207281;11;6;6010205;S�dende;6100205;2018;11;16;3;3;2;2;2;0;1;0;0;0;0;1;795880,7229;5819369,835;13,35425342;52,44423719
207282;11;1;1044201;Reinickendorfer Stra�e                                                                              ;1401045;2018;11;11;4;3;2;6;0;0;1;0;1;0;0;0;796976,4692;5831511,934;13,38115406;52,55248454
207283;11;4;4030930;George-Grosz-Platz;4501041;2018;11;10;2;3;1;5;0;1;1;0;0;0;0;0;792815,5462;5825762,456;13,31489709;52,50319559
207284;11;11;11020411;Malchower Weg;11200410;2018;11;11;4;3;5;2;0;0;1;0;0;0;0;0;806007,9074;5832605,94;13,51495605;52,55729071
207285;11;5;5020524;Weinmeisterhornweg;5200528;2018;11;7;2;2;5;3;0;0;1;0;1;0;0;1;783444,0586;5826734,855;13,17803351;52,51686366
207286;11;12;12214421;Reinickes Hof;12200307;2018;11;10;4;2;6;4;0;0;1;1;0;0;0;0;793419,6585;5833379,717;13,33049761;52,57115589
207287;11;7;7040405;Rathaus Tempelhof;7400927;2018;11;16;3;3;6;2;2;0;1;1;0;0;0;1;798486,2372;5821896,503;13,39473344;52,46546975
207288;11;3;3061429;Greifswalder Stra�e;3601449;2018;11;10;4;3;2;6;0;0;1;0;0;0;0;1;801211,4548;5830380,541;13,44240204;52,54001839
207289;11;4;4030620;Alt-Lietzow;4300619;2018;11;9;3;3;5;7;0;0;1;0;0;0;0;1;792758,3674;5827044,958;13,31518512;52,51472348
207290;11;1;1011301;Charit�viertel;1100308;2018;11;10;4;3;5;7;0;1;1;0;0;0;0;0;797149,0315;5828207,54;13,38073685;52,52277041
207291;11;4;4030518;Tegeler Weg;4300517;2018;11;10;4;3;5;2;0;1;0;0;0;0;0;0;791467,0778;5828249,951;13,29726602;52,52621769
207292;11;4;4030725;Amtsgerichtsplatz;4300416;2018;11;9;4;3;5;3;0;0;1;0;0;0;0;0;791191,6634;5825691,7;13,29097897;52,50343032
207293;11;4;4030725;Amtsgerichtsplatz;4300416;2018;11;8;4;2;5;2;0;0;1;0;1;0;0;0;791790,8722;5825888,907;13,29995471;52,50487814
207294;11;3;3020307;Buchholz;3200309;2018;11;11;3;3;2;6;0;0;1;0;0;0;0;1;800746,9968;5838676,655;13,44310019;52,61463363
207295;11;1;1011204;Leipziger Stra�e                                                                                    ;1100207;2018;11;8;4;3;5;2;0;1;1;0;0;0;0;0;798695,3668;5827086,798;13,40245465;52,51187964
207296;11;4;4030620;Alt-Lietzow;4300619;2018;11;8;4;3;5;7;0;1;1;0;0;0;0;0;791853,8817;5827440,842;13,30224141;52,51875726
207297;11;4;4030623;Ernst-Reuter-Platz;4300622;2018;11;7;4;3;6;7;0;0;1;1;0;0;0;1;793880,4093;5826828,57;13,33148138;52,51218026
207298;11;5;5020627;Tiefwerder;5200632;2018;11;12;3;3;2;6;0;0;1;0;0;0;0;1;785142,6401;5828329,938;13,20436566;52,53027963
207299;11;9;9031001;Bohnsdorf;9301025;2018;11;7;4;3;0;1;0;0;0;0;1;0;0;1;808819,3116;5814862,623;13,53986538;52,3966901
207300;11;2;2020204;Urbanstra�e;2200210;2018;11;6;4;3;6;2;1;0;1;1;0;0;0;0;798295,8662;5824778,586;13,39451764;52,49140809
207301;11;6;6010204;Munsterdamm;6100204;2018;11;8;3;3;2;6;0;0;1;0;0;0;1;1;795426,108;5820882,545;13,34892218;52,45804349
207302;11;9;9010101;Elsenstra�e                                                                                         ;9100101;2018;11;5;4;3;2;2;2;1;1;0;0;0;0;1;802116,5726;5824765,877;13,45060975;52,48919308
207303;11;2;2030302;Lausitzer Platz;2300315;2018;11;10;4;3;3;6;0;1;1;0;0;0;0;0;800502,6699;5826009,154;13,42803347;52,50122776
207304;11;4;4030725;Amtsgerichtsplatz;4300416;2018;11;14;4;3;8;1;0;0;1;0;0;0;0;0;791394,562;5826084,077;13,29430318;52,50683963
207305;11;4;7030301;Friedenau;7300515;2018;11;8;4;2;0;1;0;1;0;0;0;0;0;1;793366,5069;5822919,125;13,32048766;52,47741025
207306;11;12;12231101;Hermsdorf;12400722;2018;11;7;3;3;5;3;0;1;1;0;0;0;0;1;790535,7128;5837210,381;13,29142415;52,60704427