OBJECTID;LAND;BEZ;LOR;STRASSE;LOR_ab_2021;UJAHR;UMONAT;USTUNDE;UWOCHENTAG;UKATEGORIE;UART;UTYP1;ULICHTVERH;IstRad;IstPKW;IstFuss;IstKrad;IstGkfz;IstSonstig;USTRZUSTAND;LINREFX;LINREFY;XGCSWGS84;YGCSWGS84
207474;11;10;10020414;Helle Mitte;10200421;2018;11;16;2;3;5;3;2;0;1;0;0;0;0;1;812172,8142;5830978,014;13,60406911;52,53920415
207475;11;9;9031101;Gr�nau;9301126;2018;11;11;5;3;0;7;0;1;1;0;0;0;0;0;810841,5383;5818462,638;13,57283379;52,42780858
207476;11;11;11030721;R�digerstra�e;11300725;2018;11;10;5;3;5;3;0;0;1;0;0;0;1;0;805160,5074;5827723,063;13,49801177;52,51400392
207477;11;1;1011401;Invalidenstra�e                                                                                     ;1100415;2018;11;9;5;3;0;1;0;0;0;0;1;0;0;0;798119,0657;5829344,239;13,39601115;52,53242994
207478;11;7;7010104;Dennewitzplatz;7100205;2018;11;9;5;3;2;2;0;0;1;0;0;0;0;0;796468,0035;5824882,9;13,36776751;52,49333896
207479;11;4;4041134;Bismarckallee;4400726;2018;11;15;2;3;5;2;0;0;1;0;0;0;1;1;790849,8282;5823813,11;13,28431683;52,486771
207480;11;2;2010102;Mehringplatz;2100102;2018;11;9;5;3;5;3;0;1;1;0;0;0;0;0;798440,3057;5826524,839;13,3982035;52,50698203
207481;11;7;7010101;Wittenbergplatz/Viktoria-Luise-Platz;7100101;2018;11;8;5;3;2;6;0;0;1;0;0;0;0;0;794476,9394;5825453,727;13,33903013;52,49953392
207482;11;12;12301203;Wittenau S�d                                                                                        ;12500930;2018;11;14;2;3;6;4;0;0;1;1;0;0;0;1;792510,5663;5834384,099;13,31800819;52,58064902
207483;11;4;4030931;Breitscheidplatz;4501042;2018;11;8;5;3;1;5;0;1;1;0;0;0;0;0;794367,5209;5825669,76;13,33761385;52,50152956
207484;11;7;7020202;Volkspark (Rudolf-Wilde-Park);7200308;2018;11;19;5;3;2;6;2;1;1;0;0;0;0;0;794971,7344;5823958,661;13,34497439;52,48586442
207485;11;2;2050803;Stralauer Kiez;2500835;2018;11;8;5;3;5;2;0;1;1;0;0;0;0;0;801941,0598;5826197,768;13,4493305;52,50212434
207486;11;1;1022101;Huttenkiez;1200517;2018;11;16;4;2;5;3;2;0;1;0;1;0;0;0;793354,2605;5829058,426;13,32571732;52,53245311
207487;11;7;7030303;Grazer Platz;7300619;2018;11;8;5;3;0;2;0;1;0;0;0;0;1;0;795406,7638;5821002,748;13,34874467;52,45913149
207488;11;8;8020625;Handwerker-Siedlung;8200730;2018;11;14;2;3;5;7;0;0;1;0;0;0;0;1;801449,4797;5818155,263;13,43484517;52,43030908
207489;11;9;9031001;Bohnsdorf;9301025;2018;11;7;5;3;5;3;0;1;1;0;0;0;0;1;811072,2979;5815663,297;13,57361523;52,40259071
207490;11;3;3040614;Pankow Zentrum                                                                                      ;3400725;2018;11;14;2;3;5;2;0;1;1;0;0;0;0;1;799874,5978;5835602,488;13,42746916;52,58756144
207491;11;2;2020204;Urbanstra�e;2200210;2018;11;6;5;3;2;3;1;1;1;0;0;0;0;0;798426,7425;5824786,302;13,39644647;52,49140572
207492;11;1;1011303;Alexanderplatzviertel;1100310;2018;11;13;2;2;0;1;0;1;0;0;0;0;0;1;799590,1347;5828480,681;13,41685527;52,52388295
207493;11;7;7060604;Marienfelde S�d;7601339;2018;11;12;5;3;2;7;0;0;1;0;1;0;0;0;795822,27;5815620,521;13,35007968;52,41065862
207494;11;12;12214421;Reinickes Hof;12200307;2018;11;13;2;3;5;3;0;0;1;0;0;0;0;1;793431,1898;5833455,288;13,33073413;52,57182712
207495;11;9;9020702;Adlershof Ost;9200717;2018;11;5;5;3;8;1;2;0;1;0;0;0;0;1;809056,137;5820699,946;13,54872718;52,44887062
207496;11;6;6020306;Lankwitz S�d                                                                                        ;6200317;2018;11;13;2;3;5;3;0;1;1;0;0;0;0;1;796228,1775;5817019,424;13,35726809;52,42297935
207497;11;12;12231102;Frohnau;12400720;2018;11;17;5;3;6;7;2;1;0;1;0;0;0;0;789464,2126;5839728,984;13,27784988;52,63019507
207498;11;2;2030302;Lausitzer Platz;2300316;2018;11;0;5;3;2;6;2;0;1;0;0;0;0;0;800739,005;5826528,659;13,43197386;52,50575403
207499;11;12;12301203;Wittenau S�d                                                                                        ;12500926;2018;11;13;2;3;5;2;0;1;1;0;0;0;0;1;793439,5775;5836096,49;13,33319624;52,59549927
207500;11;1;1022104;Emdener Stra�e                                                                                      ;1200520;2018;11;21;4;2;2;6;2;0;1;0;0;0;0;0;794542,3316;5829091,053;13,3432106;52,53210488
207501;11;1;1022201;Stephankiez;1200623;2018;11;12;2;3;1;5;0;0;1;0;0;0;1;0;794853,4717;5828991,019;13,34769547;52,53103993
207502;11;4;4030929;Hindemithplatz;4501040;2018;11;20;4;2;0;7;2;0;1;0;1;0;0;0;792334,3235;5825715,059;13,30778603;52,50302872
207503;11;1;1011203;Unter den Linden S�d;1100206;2018;11;19;4;3;6;4;2;0;1;1;0;0;0;0;797912,9251;5827274,529;13,39112719;52,51399031
207504;11;10;10040933;Mahlsdorf S�d                                                                                       ;10400940;2018;11;13;2;3;2;6;0;0;1;0;0;0;0;1;813084,1541;5826577,712;13,61332163;52,49925034
207505;11;6;6010208;Bergstra�e                                                                                          ;6100208;2018;11;8;5;3;5;3;0;1;1;0;0;0;0;0;794125,1327;5820615,236;13,32959475;52,45634889
207506;11;2;2050803;Stralauer Kiez;2500835;2018;11;19;4;3;3;6;2;1;1;0;0;0;0;0;803054,0179;5825719,671;13,46524173;52,49722226
207507;11;1;1011401;Invalidenstra�e                                                                                     ;1100415;2018;11;12;2;3;0;6;0;0;1;0;0;0;1;1;797613,6653;5829224,315;13,38847501;52,53163115
207508;11;1;1011301;Charit�viertel;1100308;2018;11;7;4;3;0;6;2;1;0;0;0;0;1;0;796740,2495;5829662,602;13,3760282;52,5360361
207509;11;4;4030931;Breitscheidplatz;4501042;2018;11;19;4;3;1;5;2;1;1;0;0;0;0;1;794282,0936;5825515,293;13,33622247;52,50019093
207510;11;6;6010101;Fichtenberg;6100101;2018;11;12;2;3;0;7;0;0;1;0;0;0;0;1;792656,6511;5821104,463;13,30847375;52,46152302
207511;11;4;4030725;Amtsgerichtsplatz;4300416;2018;11;17;4;3;3;6;2;0;1;0;1;0;0;0;791927,0138;5826115,251;13,30215329;52,50683445
207512;11;6;6010210;Bismarckstra�e                                                                                      ;6100210;2018;11;9;2;3;2;6;0;0;1;0;0;0;0;0;795196,5562;5821181,467;13,34581787;52,46084718
207513;11;7;7050501;Rathausstra�e                                                                                       ;7501029;2018;11;17;4;2;1;5;2;0;1;0;1;0;0;0;797451,7257;5818696,006;13,37669989;52,43734463
207514;11;11;11010207;Wartenberg Nord;11100206;2018;11;17;4;3;5;2;2;0;0;0;1;0;0;1;805088,7688;5834615,016;13,50328795;52,57581238
207515;11;3;3040614;Pankow Zentrum                                                                                      ;3400723;2018;11;9;2;2;2;6;0;0;1;0;1;0;1;1;799708,2339;5834113,704;13,42367468;52,57430877
207516;11;8;8010510;Gewerbegebiet K�llnische Heide;8100521;2018;11;8;4;3;1;5;0;1;1;0;0;0;0;0;803598,1685;5821655,605;13,46953272;52,46049428
207517;11;3;3071633;Th�lmannpark;3701657;2018;11;17;4;3;5;3;2;1;1;0;0;0;0;0;800027,2852;5830417,144;13,42502715;52,54099975
207518;11;7;7030303;Grazer Platz;7300619;2018;11;16;4;2;1;5;2;0;1;0;1;0;0;1;794988,5818;5822271,685;13,34372942;52,47073264
207519;11;8;8010301;Reuterkiez;8100310;2018;11;9;2;3;0;5;0;0;1;0;0;0;0;1;800329,5223;5824879,56;13,42447192;52,49119811
207520;11;9;9052001;K�penick Nord                                                                                       ;9502043;2018;11;18;4;3;0;1;2;1;0;0;0;0;0;1;809589,9098;5823104,05;13,55878575;52,47011374
207521;11;1;1011302;Oranienburger Stra�e                                                                                ;1100309;2018;11;16;4;3;5;3;1;1;0;0;0;0;1;0;797682,806;5828783,407;13,38909649;52,52764121
207522;11;5;5010101;Hakenfelde Nord;5100103;2018;11;9;2;3;2;2;0;0;1;0;0;0;1;0;785294,4429;5832414,915;13,21010698;52,56682551
207523;11;7;7060604;Marienfelde S�d;7601341;2018;11;15;4;2;5;3;0;1;1;0;0;0;0;0;797732,1858;5815402,2;13,37788223;52,40766624
207524;11;3;3061429;Greifswalder Stra�e;3601449;2018;11;19;5;3;6;2;2;0;1;1;0;0;0;0;801726,9997;5830103,382;13,44972896;52,53724901
207525;11;7;7010103;Barbarossaplatz;7100204;2018;11;14;4;3;5;3;0;1;1;0;0;0;0;0;795496,3208;5824836,485;13,35345582;52,49344979
207526;11;6;6030609;Augustaplatz;6300633;2018;11;8;2;2;0;3;0;1;0;0;0;0;1;0;792247,7244;5818662,66;13,30033539;52,4398513
207527;11;12;12301203;Wittenau S�d                                                                                        ;12500930;2018;11;18;4;2;2;2;1;0;1;0;0;0;0;0;793954,134;5835299,828;13,34006397;52,58807992
207528;11;10;10040932;Alt-Mahlsdorf;10400939;2018;11;12;6;3;5;3;0;0;1;0;0;0;0;1;812694,0482;5827661,552;13,60861141;52,50918638
207529;11;2;2020204;Urbanstra�e;2200210;2018;11;18;4;3;2;6;0;0;1;0;0;0;0;0;798306,6155;5825484,515;13,3953076;52,49772997
207530;11;11;11051332;Karlshorst S�d;11501341;2018;11;18;4;2;0;1;2;0;1;0;0;0;0;1;807220,9051;5824048,995;13,52489056;52,47991987
207531;11;2;2050804;Stralauer Halbinsel;2500836;2018;11;15;4;3;5;7;1;1;1;0;0;0;0;1;803147,4048;5825729,891;13,46662247;52,497262
207532;11;1;1011202;Unter den Linden Nord;1100206;2018;11;17;4;3;5;7;1;1;1;0;0;0;0;0;798323,2204;5827909,762;13,39772503;52,51946008
207533;11;3;3071537;Kollwitzplatz;3701556;2018;11;9;2;3;5;2;0;1;0;0;0;0;1;1;799684,3389;5829247,705;13,41893095;52,53070633
207534;11;1;1011203;Unter den Linden S�d;1100206;2018;11;12;4;3;1;5;0;1;0;0;0;0;1;0;798387,5778;5827583,966;13,3983785;52,51650455
207535;11;8;8041035;Blumenviertel;8401241;2018;11;7;4;3;2;2;0;0;1;0;0;0;0;1;804343,5562;5818308,825;13,47742134;52,43008319
207536;11;5;5020625;Borkumer Stra�e                                                                                     ;5200629;2018;11;17;2;3;0;7;2;0;0;0;1;0;0;1;784682,9309;5828536,226;13,19778381;52,53236949
207537;11;6;6040703;Nikolassee;6400737;2018;11;7;4;3;5;2;0;0;1;0;0;0;0;1;784858,6091;5817527,838;13,19095968;52,43357537
207538;11;4;4051654;Wilhelmsaue;4501150;2018;11;17;2;3;2;6;2;1;1;0;0;0;0;0;793983,92;5824048,413;13,33054814;52,48720179
207539;11;6;6020408;Lichterfelde S�d                                                                                    ;6200420;2018;11;18;5;3;1;5;2;1;1;0;0;0;0;0;792618,7387;5815215,07;13,30276222;52,40874551
207540;11;1;1022201;Stephankiez;1200623;2018;11;6;4;3;1;5;1;1;1;0;0;0;0;0;795226,4432;5829340,676;13,35348835;52,53397244
207541;11;3;3061434;Anton-Saefkow-Park;3601451;2018;11;9;4;3;6;4;0;0;0;1;1;0;0;0;800707,0557;5829866,266;13,4345218;52,53568742
207542;11;10;10010206;Ringkolonnaden;10100209;2018;11;5;4;3;3;6;2;0;1;0;1;0;0;1;809937,5679;5831802,14;13,57198602;52,5478654
207543;11;11;11051331;Karlshorst Nord;11501340;2018;11;17;4;3;5;2;2;1;1;0;0;0;0;0;807339,2971;5825073,968;13,52757336;52,48903921
207544;11;3;3061332;Helmholtzplatz;3601346;2018;11;13;4;3;5;2;0;0;0;0;1;0;1;0;799339,886;5830670,473;13,41514989;52,54364849
207545;11;8;8041037;Alt-Rudow;8401243;2018;11;7;2;3;5;3;1;1;1;0;0;0;0;0;806305,4847;5818062,314;13,50596235;52,42677895
207546;11;4;4051448;Schaperstra�e;4501045;2018;11;14;4;3;2;6;0;0;1;0;0;0;0;0;794139,957;5825266,917;13,33391525;52,498041
207547;11;2;2020206;Graefekiez;2200213;2018;11;11;4;3;5;3;0;1;1;0;0;0;0;0;800143,4692;5825079,615;13,42192005;52,49309361
207548;11;10;10040933;Mahlsdorf S�d                                                                                       ;10400941;2018;11;7;2;3;5;3;1;1;1;0;0;0;0;0;812498,8751;5824884,772;13,6031401;52,48441505
207549;11;5;5030731;Gartenfelder Stra�e                                                                                 ;5300737;2018;11;10;4;3;3;6;0;0;1;0;0;0;0;1;786963,0109;5829575,143;13,23220253;52,54048836
207550;11;8;8010118;Silbersteinstra�e;8100104;2018;11;17;2;3;6;4;2;1;0;1;0;0;1;0;800862,9688;5822365,793;13,43003699;52,46837265
207551;11;5;5010209;An der Kappe;5100211;2018;11;15;5;3;5;2;0;0;1;0;0;0;0;0;783247,3744;5830290,138;13,17817253;52,54884339
207552;11;1;1011306;Heine-Viertel Ost;1100313;2018;11;10;4;3;5;5;0;1;1;0;0;0;0;1;799396,1528;5826340,867;13,41207935;52,5048093
207553;11;3;3030715;Heinersdorf;3300516;2018;11;6;2;3;0;3;2;0;0;0;1;0;1;0;800424,0683;5833732,454;13,43386062;52,57049691
207554;11;7;7010104;Dennewitzplatz;7100205;2018;11;9;4;3;5;3;0;1;1;0;0;0;0;1;796329,909;5825093,033;13,36592634;52,4952976
207555;11;3;3051017;Rennbahnstra�e;3501037;2018;11;5;2;3;5;3;2;0;1;0;0;0;0;1;802752,9339;5832700,149;13,46717641;52,55995435
207556;11;1;1011204;Leipziger Stra�e                                                                                    ;1100207;2018;11;6;4;2;6;2;2;0;1;1;0;0;0;1;798610,8976;5827017,818;13,40115176;52,51130758
207557;11;6;6040701;Wannsee;6400735;2018;11;8;4;3;2;6;0;0;1;0;0;0;0;1;781969,2945;5815472,711;13,1468399;52,41664471
207558;11;7;7020202;Volkspark (Rudolf-Wilde-Park);7200308;2018;11;17;2;3;2;6;2;0;1;0;0;0;0;1;794672,7157;5823914,537;13,34054453;52,48563034
207559;11;12;12214125;Waldidyll/Flughafensee;12200412;2018;11;4;2;2;5;7;2;0;1;0;1;0;0;1;790605,4161;5833702,006;13,28937261;52,57555502
207560;11;1;1033101;Soldiner Stra�e                                                                                     ;1300731;2018;11;8;4;3;2;6;0;0;1;0;0;0;0;1;796858,669;5832385,502;13,380203;52,56037928
207561;11;1;1033201;Brunnenstra�e                                                                                       ;1300834;2018;11;3;2;3;0;3;2;0;1;0;1;0;0;1;797828,9741;5830763,827;13,39301959;52,54531328
207562;11;8;8030831;Gropiusstadt Ost;8301036;2018;11;8;4;3;2;6;0;0;1;0;0;0;0;1;803929,5767;5817520,469;13,47063479;52,42324734
207563;11;7;7070702;Alt-Lichtenrade/T�pchiner Weg;7601443;2018;11;3;2;3;1;7;2;0;1;0;0;0;0;1;799952,96;5814581,264;13,40969692;52,39909552
207564;11;10;10020413;Gut Hellersdorf;10200418;2018;11;9;5;3;5;2;0;0;1;0;0;0;0;1;811289,0417;5831563,732;13,59162916;52,54495845
207565;11;1;1044101;Rehberge;1400938;2018;11;8;4;3;0;7;0;1;1;0;0;0;0;1;794274,4716;5830471,135;13,34049538;52,54462107
207566;11;10;10040828;Kaulsdorf Nord                                                                                      ;10400835;2018;11;16;2;3;2;6;2;0;1;0;0;0;0;1;811318,4605;5828469,377;13,58916393;52,51721226
207567;11;5;5020626;Adamstra�e                                                                                          ;5200630;2018;11;12;4;2;2;6;0;0;1;0;0;0;0;0;783596,5457;5827581,19;13,18099633;52,52437281
207568;11;5;5020626;Adamstra�e                                                                                          ;5200631;2018;11;2;2;3;1;1;2;0;1;0;0;0;1;1;784774,5136;5826980,965;13,19779835;52,51837717
207569;11;9;9051901;Dammvorstadt;9501939;2018;11;9;4;2;5;3;0;1;0;0;1;0;0;1;809666,9916;5821535,211;13,55846139;52,45601047
207570;11;11;11020515;Landsberger Allee;11200514;2018;11;15;6;3;6;4;0;0;1;1;0;0;0;0;804960,6512;5830488,317;13,49761177;52,53889917
207571;11;5;5030730;Zitadellenweg;5300736;2018;11;8;4;2;5;2;0;1;1;0;0;0;0;1;785752,2195;5829266,934;13,21413301;52,53836134
207572;11;1;7010102;Nollendorfplatz;7100102;2018;11;20;4;3;2;6;2;0;1;0;1;0;0;1;795188,0916;5825855,742;13,34983233;52,50275348
207573;11;12;12302107;Schorfheidestra�e                                                                                   ;12601236;2018;11;8;4;3;2;6;0;0;1;0;0;0;0;1;794374,0643;5836231,547;13,34707265;52,59620492
207574;11;6;6030610;Lichterfelde West                                                                                   ;6300634;2018;11;13;4;3;5;2;0;0;1;0;0;0;0;0;792938,8565;5817768,276;13,30969024;52,43146351
207575;11;9;9052001;K�penick Nord                                                                                       ;9502043;2018;11;16;2;3;2;2;2;0;1;0;0;0;0;1;809589,9137;5823106,981;13,55878853;52,47014
207576;11;10;10040931;Mahlsdorf Nord                                                                                      ;10400938;2018;11;14;4;3;0;7;0;0;0;0;0;0;1;0;813905,3174;5828794,101;13,62746873;52,51863941
207577;11;3;3020209;Niedersch�nhausen;3200206;2018;11;7;5;3;4;6;0;1;1;0;0;0;0;0;798043,0233;5834767,361;13,39976294;52,58108231
207578;11;4;4030620;Alt-Lietzow;4300619;2018;11;15;4;3;0;2;0;1;1;0;0;0;0;1;792434,224;5827195,653;13,31055448;52,51624832
207579;11;1;1044201;Reinickendorfer Stra�e                                                                              ;1401044;2018;11;19;4;3;6;7;2;1;0;1;0;0;0;0;796315,296;5830824,079;13,37081717;52,54667875
207580;11;1;3071537;Kollwitzplatz;3701556;2018;11;0;2;2;6;4;2;1;0;1;0;0;0;1;799498,6313;5828864,828;13,41585658;52,52737651
207581;11;2;2020205;Chamissokiez;2200211;2018;11;21;4;3;1;5;2;1;1;0;0;0;0;0;798097,5086;5824548,109;13,39139857;52,48945049
207582;11;7;7040406;Germaniagarten;7400928;2018;11;22;4;3;5;2;2;1;1;0;0;0;0;0;800165,6401;5821501,827;13,41902536;52,46101207
207583;11;3;3050920;Wei�er See;3500933;2018;11;16;2;3;6;4;2;0;1;1;0;0;0;1;802262,3279;5832657,346;13,4599223;52,55984326
207584;11;9;9020701;Adlershof West;9200715;2018;11;9;4;3;2;6;0;0;1;0;0;0;0;0;809063,416;5818756,152;13,54703651;52,43144633
207585;11;3;3050920;Wei�er See;3500933;2018;11;9;6;3;6;4;0;1;0;1;0;0;0;0;802262,5871;5832657,193;13,45992597;52,55984174
207586;11;6;6040810;Dahlem;6400844;2018;11;6;4;2;0;3;2;0;1;0;1;0;0;1;791316,413;5821662,628;13,28929027;52,46724313
207587;11;6;6040804;Krumme Lanke;6400838;2018;11;17;4;3;5;3;2;0;1;0;0;0;1;0;787245,3397;5818353,793;13,22668074;52,43973259
207588;11;12;12214125;Waldidyll/Flughafensee;12200412;2018;11;2;4;1;0;6;2;0;1;0;0;0;0;1;791650,8544;5833998,186;13,30501669;52,57765093
207589;11;1;1011204;Leipziger Stra�e                                                                                    ;1100207;2018;11;16;3;3;6;4;0;0;0;1;0;0;1;0;797884,8324;5826682,232;13,3901843;52,50869644
207590;11;4;4051652;Nikolsburger Platz;4501149;2018;11;16;2;3;5;3;0;0;1;0;1;0;0;0;793441,9466;5824064,238;13,3226032;52,48763524
207591;11;9;9051901;Dammvorstadt;9501939;2018;11;6;3;3;0;2;2;1;1;0;0;0;0;0;810995,9708;5821744,99;13,57815238;52,45713591
207592;11;2;2010102;Mehringplatz;2100103;2018;11;17;3;3;0;7;2;1;0;0;0;0;0;1;798558,4094;5825561,168;13,39907442;52,49827939
207593;11;11;11020411;Malchower Weg;11200410;2018;11;15;2;2;6;4;1;0;1;1;0;0;0;1;805238,1155;5832168,857;13,50323454;52,55380543
207594;11;7;7040403;Manteuffelstra�e                                                                                    ;7400823;2018;11;17;3;3;6;2;2;0;1;1;0;0;0;0;797261,1424;5820739,6;13,37572288;52,45576714
207595;11;1;1033203;Humboldthain Nordwest                                                                               ;1300836;2018;11;15;2;3;5;2;1;0;1;0;0;0;0;1;796287,658;5830600,872;13,37021168;52,54469296
207596;11;1;1011302;Oranienburger Stra�e                                                                                ;1100309;2018;11;9;3;3;6;2;0;0;1;1;0;0;0;1;798293,2255;5828780,364;13,39806512;52,52728028
207597;11;5;5010209;An der Kappe;5100211;2018;11;15;2;3;5;2;0;1;1;0;0;0;0;1;781899,2831;5829572,954;13,15773519;52,54311214
207598;11;11;11010205;Falkenberg West;10100205;2018;11;7;3;3;5;2;0;0;1;0;0;0;1;1;806910,688;5832619,44;13,52824334;52,55690369
207599;11;1;1011203;Unter den Linden S�d;1100206;2018;11;20;5;3;2;6;2;1;1;0;0;0;0;0;797611,0071;5827024,971;13,38646802;52,51191814
207600;11;3;3071536;Teutoburger Platz;3701554;2018;11;21;3;3;5;3;2;1;1;0;0;0;0;1;798995,7069;5829262,158;13,40882258;52,53121404
207601;11;5;5030731;Gartenfelder Stra�e                                                                                 ;5300737;2018;11;16;4;3;2;6;2;0;1;0;1;0;0;0;787255,9267;5829769,637;13,23667787;52,54207777
207602;11;1;1022101;Huttenkiez;1200517;2018;11;21;3;3;5;3;2;0;1;0;0;0;0;1;792596,9125;5828786,545;13,31434483;52,53042288
207603;11;4;4020313;K�nigin-Elisabeth-Stra�e;4200311;2018;11;14;2;3;1;5;0;0;1;0;0;0;0;0;790584,9236;5826703,834;13,28294884;52,51282763
207604;11;6;6020305;Gemeindepark Lankwitz;6200316;2018;11;20;3;3;1;3;2;0;1;0;1;0;0;1;796372,5401;5817698,335;13,35998642;52,42898712
207605;11;5;5010314;Carl-Schurz-Stra�e                                                                                  ;5100316;2018;11;15;2;3;6;2;0;0;1;1;0;0;0;1;785047,1664;5828921,104;13,20346903;52,53562992
207606;11;11;11040925;Victoriastadt;11400927;2018;11;14;2;3;0;1;0;0;0;0;1;0;0;1;803801,7967;5826671,901;13,4770918;52,50534112
207607;11;11;11040926;Weitlingstra�e;11400929;2018;11;13;5;3;0;3;0;0;1;0;1;0;0;0;804998,3468;5826568,814;13,49457196;52,50374966
207608;11;7;7070703;John-Locke-Stra�e                                                                                   ;7601544;2018;11;8;3;3;6;4;2;0;1;1;0;0;0;1;799627,5484;5813972,882;13,40438427;52,39382025
207609;11;9;9051901;Dammvorstadt;9501939;2018;11;13;4;2;5;2;0;0;0;0;1;0;1;0;809940,8782;5821619,376;13,5625574;52,4566095
207610;11;1;1011301;Charit�viertel;1100308;2018;12;21;2;3;1;5;2;1;1;0;0;0;1;0;797641,49;5828170,444;13,38794064;52,5221693
207611;11;11;11010310;M�hlengrund;11100309;2018;11;12;4;3;5;3;0;1;1;0;0;0;0;0;805859,457;5833275,312;13,51339005;52,56337314
207612;11;6;6010207;Mittelstra�e                                                                                        ;6100207;2018;12;17;2;3;2;6;2;0;1;0;0;0;0;1;793947,9361;5820446,603;13,32684599;52,45493249
207613;11;8;8020622;Parchimer Allee;8200726;2018;11;12;4;2;6;2;0;0;1;1;0;0;0;0;802700,3244;5819932,733;13,45479665;52,44555011
207614;11;8;8020622;Parchimer Allee;8200726;2018;12;16;2;3;5;3;2;0;1;0;0;0;0;0;801263,7326;5819818,949;13,43362084;52,44532363
207615;11;3;3071537;Kollwitzplatz;3701556;2018;11;14;4;3;3;6;0;1;1;0;0;0;0;0;799468,0706;5829352,731;13,41584692;52,53176658
207616;11;12;12103117;Letteplatz;12100101;2018;11;11;4;3;2;6;0;0;1;0;0;1;0;0;796665,8803;5832668,578;13,37762047;52,5630218
207617;11;5;5020627;Tiefwerder;5200632;2018;12;18;2;3;3;6;2;0;1;0;0;0;0;1;786029,7778;5828037,729;13,21715646;52,52719495
207618;11;12;12214125;Waldidyll/Flughafensee;12200414;2018;11;11;4;3;2;6;0;0;1;0;0;0;0;0;790977,0756;5831201,601;13,29264865;52,55294071
207619;11;3;3020307;Buchholz;3200308;2018;11;11;4;3;5;3;0;0;1;0;0;0;0;0;799044,5805;5837293,125;13,4167807;52,60317209
207620;11;10;10030724;Oberfeldstra�e                                                                                      ;10300731;2018;12;19;2;2;5;3;2;0;1;0;0;0;1;1;809116,2326;5829716,991;13,55797229;52,52964563
207621;11;7;7030303;Grazer Platz;7300619;2018;11;18;4;2;2;7;2;0;1;0;0;0;1;0;795856,3727;5822573,707;13,3567355;52,47297075
207622;11;1;1044101;Rehberge;1400937;2018;12;18;2;3;2;6;2;0;1;0;0;0;0;0;793698,5901;5832149,403;13,33351228;52,55997647
207623;11;11;11030721;R�digerstra�e;11300725;2018;11;18;4;3;3;6;2;1;1;0;0;0;0;0;805169,118;5827700,133;13,49811723;52,5137936
207624;11;9;9010202;K�penicker Landstra�e;9100203;2018;12;17;2;3;5;2;2;1;1;0;0;0;0;1;804702,5568;5823427,861;13,48735572;52,47576379
207625;11;11;11040926;Weitlingstra�e;11400929;2018;11;18;4;3;5;7;2;0;1;0;0;0;0;0;805188,398;5827222,936;13,49796289;52,50950595
207626;11;4;4030620;Alt-Lietzow;4300619;2018;12;9;2;3;5;3;0;1;1;0;0;0;0;1;792433,1171;5827205,705;13,31054705;52,51633903
207627;11;3;3061126;Arnimplatz;3601141;2018;11;1;4;3;6;2;2;0;1;1;0;0;0;0;799187,2221;5831331,378;13,41350077;52,54965632
207628;11;5;5030832;Rohrdamm;5300838;2018;12;8;2;2;0;6;0;0;0;0;1;0;1;1;787968,3121;5830532,574;13,24781484;52,54854177
207629;11;7;7040403;Manteuffelstra�e                                                                                    ;7400823;2018;12;8;2;3;5;3;1;1;1;0;0;0;0;1;797277,7952;5821224,093;13,37639864;52,46010109
207630;11;4;4051448;Schaperstra�e;4501045;2018;11;17;4;3;5;3;2;1;1;0;0;0;0;0;793971,4754;5824964,483;13,3311736;52,49542061
207631;11;7;7020203;Kaiser-Wilhelm-Platz;7200410;2018;11;18;4;3;6;7;2;0;1;1;0;0;0;0;795402,2536;5823524,451;13,35091137;52,48173928
207632;11;5;5020626;Adamstra�e                                                                                          ;5200630;2018;12;8;2;3;6;4;0;0;1;1;0;0;0;1;783361,0854;5827670,079;13,17761077;52,52529224
207633;11;4;4020313;K�nigin-Elisabeth-Stra�e;4200311;2018;12;8;2;3;0;6;0;0;1;0;1;0;0;1;790370,931;5826682,867;13,27978606;52,51275363
207634;11;10;10040932;Alt-Mahlsdorf;10400939;2018;11;17;4;3;5;2;2;0;1;0;1;0;0;0;812947,4017;5827860,887;13,6125197;52,51082736
207635;11;6;6020303;Lankwitz Kirche                                                                                     ;6200313;2018;12;7;2;3;5;3;1;1;1;0;0;0;0;1;795555,6199;5818327,411;13,34856225;52,43506834
207636;11;9;9020701;Adlershof West;9200715;2018;12;7;2;3;5;3;1;1;1;0;0;0;0;1;807641,7912;5819359,113;13,52674697;52,43765148
207637;11;5;5040936;J�gerallee;5400943;2018;11;17;4;3;6;4;2;0;1;1;0;0;0;0;780009,243;5821484,641;13,1231338;52,47156011
207638;11;8;8020726;Buckow West;8200831;2018;12;7;2;2;5;3;1;1;1;0;0;0;0;1;799596,718;5816405,433;13,4061086;52,4156419