OBJECTID;LAND;BEZ;LOR;STRASSE;LOR_ab_2021;UJAHR;UMONAT;USTUNDE;UWOCHENTAG;UKATEGORIE;UART;UTYP1;ULICHTVERH;IstRad;IstPKW;IstFuss;IstKrad;IstGkfz;IstSonstig;USTRZUSTAND;LINREFX;LINREFY;XGCSWGS84;YGCSWGS84
207971;11;2;2010103;Moritzplatz;2100104;2018;12;18;3;3;5;3;2;1;1;0;0;0;0;1;799419,3399;5826147,957;13,41224647;52,50306743
207972;11;3;3040614;Pankow Zentrum                                                                                      ;3400725;2018;12;15;3;3;1;5;1;1;1;0;0;0;0;1;799752,0441;5835013,962;13,42513324;52,58235388
207973;11;10;10020517;Adele-Sandrock-Stra�e                                                                               ;10200524;2018;12;17;5;3;2;6;2;0;1;0;0;0;0;1;813271,5096;5830155,535;13,61944082;52,53120356
207974;11;3;3071536;Teutoburger Platz;3701554;2018;12;19;5;3;2;3;2;0;1;0;1;0;0;1;799230,6992;5829269,777;13,41228334;52,53115338
207975;11;4;4030726;Droysenstra�e;4500936;2018;12;17;3;3;5;7;2;0;1;0;0;0;1;1;791591,3295;5825495,285;13,29667844;52,50145604
207976;11;8;8041037;Alt-Rudow;8401243;2018;12;17;5;3;1;5;2;1;1;0;0;0;0;1;805484,933;5818462,611;13,49429748;52,43082539
207977;11;4;4031032;Halensee;4500937;2018;12;18;5;3;2;6;2;0;1;0;0;0;0;1;791463,9212;5825059,076;13,29442502;52,49761353
207978;11;8;8041040;Waltersdorfer Chaussee Ost;8401246;2018;12;16;3;3;6;2;2;0;1;1;0;0;0;1;805810,4662;5816844,16;13,49759129;52,41613802
207979;11;3;3020307;Buchholz;3200310;2018;12;16;5;3;5;3;2;1;1;0;0;0;0;1;799468,9814;5837743,188;13,42343585;52,60697251
207980;11;8;8010508;Wei�e Siedlung;8100520;2018;12;16;3;3;6;4;2;0;1;1;0;0;0;1;803101,8163;5822771,825;13,46326339;52,47077443
207981;11;3;3071537;Kollwitzplatz;3701556;2018;12;16;5;3;0;1;2;0;0;0;1;0;0;1;799728,229;5829366,207;13,41968287;52,53174438
207982;11;12;12231101;Hermsdorf;12400723;2018;12;16;3;3;1;5;2;0;1;0;0;0;1;1;791545,8052;5838552,315;13,30748079;52,61853339
207983;11;12;12301203;Wittenau S�d                                                                                        ;12500926;2018;12;16;5;3;5;3;2;0;1;0;1;0;0;1;792953,4959;5835396,057;13,32542107;52,58948237
207984;11;7;7050501;Rathausstra�e                                                                                       ;7501029;2018;12;18;4;3;5;2;2;0;1;0;1;0;0;0;797587,2378;5819594,392;13,37948749;52,44532406
207985;11;3;3020209;Niedersch�nhausen;3200206;2018;12;16;3;3;5;2;2;1;1;0;0;0;0;1;798247,3476;5835083,226;13,40305377;52,58380161
207986;11;7;7040403;Manteuffelstra�e                                                                                    ;7400824;2018;12;17;5;3;5;2;2;1;1;0;0;0;0;0;797836,3055;5821341,747;13,38469965;52,46085163
207987;11;12;12103117;Letteplatz;12100101;2018;12;16;5;3;6;4;2;0;1;1;0;0;0;1;796541,89;5832405,316;13,3755614;52,56072949
207988;11;1;1044103;Westliche M�llerstra�e                                                                              ;1400942;2018;12;15;3;3;5;2;2;1;1;0;0;0;0;1;794594,5035;5830734,515;13,34543466;52,54680912
207989;11;1;1011303;Alexanderplatzviertel;1100310;2018;12;17;5;3;6;2;2;0;1;1;0;0;0;1;799495,1061;5828789,355;13,41573679;52,52670194
207990;11;11;11041128;Sewanstra�e;11401136;2018;12;15;3;3;5;7;1;0;1;0;0;0;0;1;805996,4162;5825819,731;13,50854225;52,49647734
207991;11;11;11030618;Fennpfuhl West;11300617;2018;12;17;5;3;0;2;2;0;1;1;0;0;0;1;803090,158;5829538,569;13,46925081;52,53143032
207992;11;6;6020408;Lichterfelde S�d                                                                                    ;6200420;2018;12;18;5;2;6;4;2;0;1;1;0;0;0;0;792509,3296;5815776,045;13,30164852;52,4138331
207993;11;2;2010103;Moritzplatz;2100105;2018;12;15;3;3;5;3;1;0;1;0;0;0;0;1;799551,4592;5825854,456;13,41392309;52,50036411
207994;11;12;12301206;L�bars;12500929;2018;12;18;5;2;6;2;2;0;1;1;0;0;0;1;794041,4162;5838145,334;13,34387593;52,61354044
207995;11;6;6020411;Sch�tte-Lanz-Stra�e                                                                                 ;6200423;2018;12;14;3;3;0;7;0;0;1;0;1;0;0;1;795446,1675;5816109,668;13,34499808;52,41524667
207996;11;2;2040502;Friedenstra�e;2400521;2018;12;18;5;2;6;2;2;0;1;1;0;0;0;1;801002,1334;5828022,425;13,43718999;52,51899787
207997;11;1;1022206;L�neburger Stra�e                                                                                   ;1200628;2018;12;14;3;3;6;2;0;0;1;1;0;0;0;1;796223,0232;5828507,119;13,36739513;52,52595971
207998;11;1;1033201;Brunnenstra�e                                                                                       ;1300834;2018;12;16;5;3;1;5;2;0;0;0;0;0;1;1;798238,656;5830707,47;13,39899251;52,54458401
207999;11;11;11010309;Zingster Stra�e West;11100308;2018;12;8;3;3;2;6;0;0;1;0;0;0;1;1;804829,6137;5833262,482;13,49823247;52,56383569
208000;11;9;9020602;Oberspree;9200614;2018;12;17;5;2;6;4;2;0;1;1;0;0;0;1;808425,5808;5820875,098;13,53963996;52,45079641
208001;11;1;1011102;Gro�er Tiergarten;1100102;2018;12;19;5;2;3;6;2;0;1;0;1;0;0;1;795188,9639;5827214,376;13,35105002;52,51493214
208002;11;2;2010102;Mehringplatz;2100102;2018;12;9;3;3;6;4;0;0;0;1;0;0;1;1;797945,5088;5826311,517;13,3907439;52,5053403
208003;11;11;11030720;Herzbergstra�e;11300721;2018;12;14;3;3;0;1;0;0;0;0;1;0;0;1;804332,6743;5829081,268;13,48709295;52,52663947
208004;11;11;11020515;Landsberger Allee;11200514;2018;12;15;5;3;5;3;1;0;1;0;0;0;0;0;805125,3936;5830049,997;13,49963083;52,53487855
208005;11;1;1022101;Huttenkiez;1200517;2018;12;9;3;3;6;4;0;0;1;1;0;0;0;1;793521,2752;5829265,947;13,3283557;52,53422351
208006;11;9;9051702;B�lschestra�e;9501737;2018;12;14;3;3;2;6;0;0;1;0;0;0;0;1;814540,4627;5822087,464;13,63046926;52,45817664
208007;11;7;7040405;Rathaus Tempelhof;7400927;2018;12;20;5;2;5;2;2;0;1;0;1;0;0;1;798892,2955;5821213,374;13,40008113;52,4591244
208008;11;1;1011302;Oranienburger Stra�e                                                                                ;1100309;2018;12;9;3;3;1;5;0;1;1;0;0;0;0;1;798479,4037;5828976,662;13,40097757;52,52893792
208009;11;11;11041128;Sewanstra�e;11401135;2018;12;9;3;3;5;3;0;1;1;0;0;0;0;1;805525,8697;5825986,35;13,50178533;52,49823426
208010;11;6;6030502;Zehlendorf S�d                                                                                      ;6300525;2018;12;17;5;3;2;6;2;0;1;0;0;0;0;1;790293,0694;5814809,396;13,26831653;52,4063466
208011;11;4;4030931;Breitscheidplatz;4501042;2018;12;10;3;3;6;7;0;0;1;1;0;0;0;1;793786,3831;5825737,715;13,32913711;52,50245193
208012;11;12;12301204;Wittenau Nord                                                                                       ;12500927;2018;12;17;5;3;1;5;2;0;1;0;0;0;0;1;791897,2254;5835412,298;13,30988775;52,59019582
208013;11;9;9051901;Dammvorstadt;9501941;2018;12;12;3;3;2;6;0;0;1;0;0;0;0;1;812100,796;5820957,15;13,59362354;52,44944607
208014;11;10;10010310;Alt-Marzahn;10100315;2018;12;19;5;3;2;6;2;0;1;0;0;0;0;1;809840,2253;5830977,923;13,56978629;52,54053453
208015;11;7;7030303;Grazer Platz;7300619;2018;12;13;3;2;5;3;0;0;1;0;0;0;0;1;795090,7338;5821623,083;13,3446553;52,46486316
208016;11;8;8010117;Schillerpromenade;8100102;2018;12;15;5;3;2;6;1;0;1;0;0;0;0;0;800149,5252;5823643,574;13,42071578;52,48021842
208017;11;2;2040703;Wriezener Bahnhof/Entwicklungsgebiet;2400625;2018;12;13;3;3;2;6;0;1;0;0;0;0;1;1;801413,4032;5826423,904;13,44178519;52,50444296
208018;11;3;3040818;Pankow S�d                                                                                          ;3400830;2018;12;14;3;3;5;2;0;0;1;0;0;0;0;1;800020,7046;5833422,398;13,42764639;52,56794027
208019;11;8;8020619;Buschkrugallee Nord;8200623;2018;12;18;5;3;2;6;2;0;1;0;0;0;1;1;802577,376;5820735,592;13,45372041;52,45281426
208020;11;1;1033101;Soldiner Stra�e                                                                                     ;1300730;2018;12;14;3;3;5;3;0;0;1;0;0;0;0;1;796153,6535;5832273,453;13,3697333;52,55975878
208021;11;10;10040830;Kaulsdorf S�d                                                                                       ;10400837;2018;12;7;3;3;6;4;1;0;1;1;0;0;0;1;810530,0096;5824956,236;13,5743058;52,48617871
208022;11;5;5020524;Weinmeisterhornweg;5200528;2018;12;21;6;3;5;3;2;0;1;0;0;0;0;1;783050,606;5826059,872;13,17167646;52,51101591
208023;11;1;1022206;L�neburger Stra�e                                                                                   ;1200628;2018;12;18;5;3;0;7;2;0;1;0;0;0;1;0;796430,1986;5828610,682;13,37053232;52,52677545
208024;11;3;3051021;Buschallee;3501037;2018;12;7;3;3;6;2;1;0;1;1;0;0;0;1;803362,7134;5832552,573;13,47600911;52,55829232
208025;11;11;11020513;Orankesee;11200512;2018;12;13;5;3;5;3;0;1;0;0;0;0;1;0;802953,2901;5830972,063;13,46854616;52,54435452
208026;11;3;3071536;Teutoburger Platz;3701554;2018;12;19;5;3;0;4;2;0;0;1;0;0;1;1;798999,858;5830086,973;13,40962563;52,53860499
208027;11;12;12103218;Teichstra�e;12100205;2018;12;6;3;3;6;2;2;0;1;1;0;0;0;1;795432,7404;5834155,218;13,36080583;52,57701861
208028;11;1;1011303;Alexanderplatzviertel;1100310;2018;12;21;5;3;5;2;2;0;1;0;0;0;0;1;799240,8668;5828468,335;13,41171151;52,52396409
208029;11;3;3050923;Wei�enseer Spitze;3500934;2018;12;7;3;3;6;4;1;0;1;1;0;0;0;1;800652,9005;5832171,685;13,43581263;52,55638118
208030;11;3;3030406;Alt-Karow;3300412;2018;12;12;5;3;5;3;0;0;1;0;0;0;0;0;802863,6535;5838282,268;13,47390636;52,6099235
208031;11;11;11030721;R�digerstra�e;11300725;2018;12;7;3;3;1;5;2;0;1;0;0;0;0;1;804908,331;5827531,763;13,49413189;52,51243041
208032;11;4;4051446;Preu�enpark;4501043;2018;12;12;5;3;6;2;0;0;1;1;0;0;0;0;792868,8028;5824664,644;13,31471413;52,49332546
208033;11;12;12214421;Reinickes Hof;12200307;2018;12;14;3;3;6;2;0;0;1;1;0;0;0;1;793384,1051;5833148,976;13,3297704;52,5691066
208034;11;2;2030302;Lausitzer Platz;2300316;2018;12;17;3;3;1;5;2;1;1;0;0;0;0;1;801383,1388;5826099,131;13,4410467;52,50154868
208035;11;8;8020727;Buckow Mitte;8200832;2018;12;10;5;3;5;3;0;0;1;0;0;0;1;0;801519,8709;5817350,205;13,43515165;52,42305428
208036;11;4;4030725;Amtsgerichtsplatz;4300416;2018;12;16;6;3;2;2;2;0;1;0;0;0;1;1;791570,1314;5826528,643;13,29727208;52,51073131
208037;11;1;1022204;Thomasiusstra�e                                                                                     ;1200626;2018;12;13;5;3;3;6;0;0;1;0;0;0;1;0;794788,5342;5828310,691;13,34613775;52,52497641
208038;11;12;12214424;Scharnweberstra�e                                                                                   ;12200309;2018;12;17;3;3;3;6;2;0;1;0;0;1;0;1;793301,5085;5832582,132;13,32805404;52,56406967
208039;11;5;5030731;Gartenfelder Stra�e                                                                                 ;5300737;2018;12;10;5;3;6;4;0;0;1;1;0;0;0;1;787369,9871;5830067,751;13,23861303;52,54469036
208040;11;2;2030302;Lausitzer Platz;2300316;2018;12;10;5;3;1;5;0;1;1;0;0;0;0;0;800790,7237;5826496,849;13,43270482;52,5054404
208041;11;3;3061227;Humannplatz;3601244;2018;12;17;4;3;5;3;2;0;1;0;0;0;0;0;800111,9358;5831694,933;13,42742621;52,55240631
208042;11;1;1011301;Charit�viertel;1100308;2018;12;17;3;3;6;4;2;0;1;1;0;0;0;1;796982,248;5828747,68;13,37876822;52,52770304
208043;11;1;1011302;Oranienburger Stra�e                                                                                ;1100309;2018;12;9;5;3;6;2;0;1;0;1;0;0;0;0;797636,613;5828308,856;13,38799283;52,52341266
208044;11;11;11030721;R�digerstra�e;11300722;2018;12;18;3;3;1;5;2;1;0;0;0;1;1;1;804280,1672;5827946,136;13,48528296;52,51649505
208045;11;7;7010104;Dennewitzplatz;7100206;2018;12;16;6;3;6;4;2;0;1;1;0;0;0;1;796541,6487;5824860,126;13,3688288;52,49309481
208046;11;1;1011204;Leipziger Stra�e                                                                                    ;1100207;2018;12;8;5;3;2;6;0;1;1;0;0;0;0;0;797920,7494;5826573,792;13,3906149;52,50770479
208047;11;10;10020413;Gut Hellersdorf;10200418;2018;12;17;3;3;6;4;2;0;1;1;0;0;0;1;810964,351;5830924,616;13,58625834;52,53941654
208048;11;6;6010209;Feuerbachstra�e                                                                                     ;6100209;2018;12;18;2;3;1;5;2;1;1;0;0;0;0;0;794291,2947;5821559,726;13,33286579;52,46472636
208049;11;2;2040701;Andreasviertel;2400623;2018;12;8;5;3;0;3;0;1;1;0;0;0;0;0;800292,4051;5827628,521;13,42640604;52,51585846
208050;11;1;1011201;Wilhelmstra�e                                                                                       ;1100205;2018;12;18;2;3;5;3;2;0;1;0;1;0;0;1;796946,6749;5826781,252;13,3764901;52,51009552
208051;11;7;7030303;Grazer Platz;7300619;2018;12;7;5;2;5;2;0;0;1;0;0;0;0;0;795410,0644;5820979,33;13,34877238;52,45891978
208052;11;10;10010206;Ringkolonnaden;10100209;2018;12;7;6;3;6;6;2;1;1;1;0;0;0;1;810010,9972;5832300,377;13,57353057;52,55228855
208053;11;3;3061228;Erich-Weinert-Stra�e;3601245;2018;12;5;4;3;5;2;2;1;1;0;0;0;0;0;800248,7669;5831349,792;13,42912618;52,54923732
208054;11;7;7010104;Dennewitzplatz;7100205;2018;12;18;2;3;5;2;2;1;1;0;0;0;0;1;796013,6296;5824976,54;13,36117765;52,49442496
208055;11;10;10030724;Oberfeldstra�e                                                                                      ;10300731;2018;12;13;4;3;2;6;0;0;1;0;0;0;0;0;809656,0733;5829663,394;13,56585497;52,52885895
208056;11;9;9020702;Adlershof Ost;9200717;2018;12;15;4;3;0;2;0;1;1;0;0;0;0;0;809478,8132;5818716,259;13,55309011;52,43085398
208057;11;1;1011201;Wilhelmstra�e                                                                                       ;1100205;2018;12;18;2;3;0;2;2;1;1;0;0;0;0;1;797452,6574;5826843,844;13,38397966;52,51038092
208058;11;11;11051332;Karlshorst S�d;11501341;2018;12;15;4;3;5;7;0;0;1;0;0;0;1;0;807036,6688;5823517,444;13,52169684;52,4752596
208059;11;1;1022104;Emdener Stra�e                                                                                      ;1200520;2018;12;18;2;3;3;6;2;0;1;0;1;0;0;1;794581,3182;5828596,278;13,34334526;52,5276485
208060;11;11;11051229;Rummelsburg;11501238;2018;12;16;6;2;6;4;2;0;0;1;0;0;1;1;804471,8496;5825744,333;13,48608541;52,49665419
208061;11;4;4020314;Messegel�nde;4200311;2018;12;15;4;3;2;6;0;0;1;0;1;0;0;0;789970,4174;5825136,427;13,27255374;52,4991026
208062;11;4;4051448;Schaperstra�e;4501045;2018;12;16;2;3;6;3;1;0;1;1;0;0;0;1;793932,59;5825162,212;13,33077695;52,4972141
208063;11;1;1011201;Wilhelmstra�e                                                                                       ;1100205;2018;12;14;4;2;1;5;0;0;1;0;0;0;1;0;797085,2867;5826877,937;13,37861283;52,51088673
208064;11;12;12231102;Frohnau;12400720;2018;12;16;6;3;0;3;2;0;0;0;0;0;1;1;789663,5743;5839655,199;13,28072253;52,62942731
208065;11;8;8010118;Silbersteinstra�e;8100104;2018;12;16;2;3;2;6;2;0;1;0;0;0;0;0;800842,1337;5822545,45;13,42989319;52,46999446
208066;11;1;1011201;Wilhelmstra�e                                                                                       ;1100205;2018;12;14;4;3;6;4;0;1;0;1;0;0;0;0;796964,0164;5826950,997;13,37689633;52,51160766
208067;11;10;10040933;Mahlsdorf S�d                                                                                       ;10400940;2018;12;13;4;3;5;3;0;1;1;0;0;0;0;0;812386,5247;5824605,917;13,60122968;52,48198046
208068;11;12;12103116;Hausotterplatz;12100102;2018;12;16;2;3;5;3;2;0;1;0;0;0;0;1;796595,8294;5833589,05;13,37741308;52,57131093
208069;11;8;8020620;Tempelhofer Weg;8200624;2018;12;12;4;3;3;6;0;0;1;0;1;0;0;0;800878,9275;5821457,166;13,42945205;52,46021951
208070;11;4;4010102;Pl�tzensee;4100101;2018;12;12;4;2;5;3;0;0;1;0;1;0;0;0;792115,5035;5830675,815;13,30892926;52,54761782
208071;11;12;12214422;Klixstra�e                                                                                          ;12200310;2018;12;15;2;3;2;2;0;0;1;0;0;0;0;0;792223,6865;5833717,97;13,31319917;52,5748316
208072;11;11;11040925;Victoriastadt;11400927;2018;12;15;2;3;6;4;1;1;0;1;0;0;0;1;803495,1563;5826625,088;13,47254517;52,5050922
208073;11;3;3030406;Alt-Karow;3300413;2018;12;12;4;3;1;5;0;1;1;0;0;0;0;0;803433,6089;5837430,758;13,48151712;52,60197397
208074;11;7;7040401;Neu-Tempelhof;7400720;2018;12;15;2;2;6;4;2;0;1;1;0;0;0;0;796641,6167;5823469,608;13,36905933;52,48057581
208075;11;9;9020502;Obersch�neweide Ost;9200511;2018;12;17;2;2;6;4;2;0;1;1;0;0;0;1;807622,1497;5822198,559;13,52907394;52,46311017
208076;11;10;10010207;Marzahner Promenade;10100210;2018;12;11;4;3;6;3;0;0;1;1;0;0;0;0;808403,3117;5831205,756;13,54887773;52,54339143
208077;11;12;12302110;Dannenwalder Weg;12601235;2018;12;18;2;3;0;3;2;0;1;0;0;0;1;1;795130,9807;5836343,71;13,35831501;52,5968001
208078;11;5;5020626;Adamstra�e                                                                                          ;5200631;2018;12;10;4;3;1;5;0;0;1;0;0;0;0;0;784648,0148;5827951,475;13,19676976;52,52714484
208079;11;1;1033102;Gesundbrunnen;1300733;2018;12;16;2;3;2;2;0;0;1;0;0;0;0;1;797341,8472;5831211,437;13,38625806;52,54959163
208080;11;7;7020202;Volkspark (Rudolf-Wilde-Park);7200308;2018;12;10;4;3;6;7;0;0;1;1;0;0;0;0;795011,2419;5823268,332;13,34494362;52,47965473
208081;11;7;7030301;Friedenau;7300515;2018;12;16;2;3;2;6;2;0;1;0;0;0;0;1;793438,953;5822415,24;13,32110796;52,47285418
208082;11;6;6020302;Komponistenviertel Lankwitz;6200312;2018;12;14;2;3;5;3;0;0;1;0;0;0;1;0;794583,1726;5819155,163;13,33502857;52,44301336
208083;11;12;12231102;Frohnau;12400721;2018;12;10;4;3;5;3;0;1;1;0;0;0;0;1;791221,1635;5839954,947;13,30393466;52,63128157
208084;11;8;8010301;Reuterkiez;8100312;2018;12;13;2;3;5;7;0;0;1;0;0;0;0;0;801362,0861;5823946,26;13,43879033;52,48226369
208085;11;2;2030301;Oranienplatz;2300314;2018;12;19;2;3;5;3;2;1;0;0;0;0;0;1;799915,4073;5825976,019;13,41937806;52,50125383
208086;11;2;2010104;Wassertorplatz;2100106;2018;12;22;2;3;5;3;2;0;1;0;0;0;0;1;798599,4825;5825578,748;13,39969343;52,49841449
208087;11;7;7010102;Nollendorfplatz;7100102;2018;12;14;2;2;5;3;0;0;1;0;0;0;0;1;794944,8146;5825404,658;13,34585914;52,49884137
208088;11;2;2020204;Urbanstra�e;2200210;2018;12;22;4;3;1;5;2;1;1;0;0;0;0;0;798952,7742;5824795,765;13,40417965;52,49120271
208089;11;5;5030731;Gartenfelder Stra�e                                                                                 ;5300737;2018;12;12;2;3;3;6;0;0;1;0;1;0;0;1;786962,845;5829334,442;13,2319922;52,53833042
208090;11;3;3061228;Erich-Weinert-Stra�e;3601245;2018;12;12;2;3;5;3;0;1;1;0;0;0;0;0;800605,0183;5831420,566;13,43442839;52,5496752
208091;11;4;4030726;Droysenstra�e;4500936;2018;12;20;4;2;5;3;2;1;1;0;0;0;0;0;791958,137;5825264,573;13,30186465;52,49919161
208092;11;4;4031032;Halensee;4500938;2018;12;12;2;3;5;2;0;1;1;0;0;0;0;0;791580,9291;5825003,318;13,29609494;52,49705116
208093;11;9;9030901;Dorf Altglienicke;9300921;2018;12;10;4;3;1;5;0;0;1;0;0;0;0;0;809648,0363;5816775,493;13,55377507;52,41336529
208094;11;8;8010405;Hertzbergplatz;8100418;2018;12;10;2;3;1;5;0;1;1;0;0;0;0;0;801659,4792;5823780,753;13,44300662;52,480616
208095;11;4;4020313;K�nigin-Elisabeth-Stra�e;4200311;2018;12;9;4;2;5;2;0;0;1;0;1;0;0;0;790378,2291;5827210,898;13,28035412;52,51748357
208096;11;4;4030519;Kaiserin-Augusta-Allee;4300518;2018;12;10;2;3;2;7;0;0;1;0;0;0;0;0;792064,9363;5828109,802;13,30593047;52,52464134
208097;11;2;2010102;Mehringplatz;2100103;2018;12;18;4;3;0;1;2;0;0;0;1;0;0;1;798492,7005;5825554,576;13,39810343;52,49825623
208098;11;1;1011303;Alexanderplatzviertel;1100310;2018;12;10;2;3;5;3;0;1;0;0;0;0;1;0;799776,8236;5828663,012;13,41976309;52,52541465
208099;11;1;1022206;L�neburger Stra�e                                                                                   ;1200628;2018;12;9;4;3;5;2;0;1;1;0;0;0;0;0;795523,5703;5828187,403;13,356831;52,52347332
208100;11;9;9020601;Schnellerstra�e                                                                                     ;9200613;2018;12;16;6;3;6;2;2;0;1;1;0;0;0;1;806878,6708;5821176,004;13,5172249;52,45436376
208101;11;7;7040403;Manteuffelstra�e                                                                                    ;7400824;2018;12;18;4;3;0;2;2;0;1;0;1;0;0;0;797850,3678;5822205,611;13,38567701;52,46858756
208102;11;1;1011203;Unter den Linden S�d;1100206;2018;12;9;2;3;6;7;0;0;0;1;1;0;0;1;797788,5792;5827276,067;13,3893016;52,514072
208103;11;8;8010406;Treptower Stra�e Nord;8100419;2018;12;9;4;3;1;5;0;1;1;0;0;0;0;0;802375,734;5824018,948;13,45373746;52,48235485
208104;11;1;1011202;Unter den Linden Nord;1100206;2018;12;18;4;3;3;2;2;0;1;0;0;0;1;0;797187,5304;5827529,606;13,38069696;52,51667252
208105;11;3;3040614;Pankow Zentrum                                                                                      ;3400723;2018;12;15;6;3;5;2;2;1;1;0;0;0;0;1;798731,947;5833692,834;13,40893208;52,57107306
208106;11;4;4020311;Reichsstra�e;4200309;2018;12;9;4;3;2;6;0;0;1;0;0;0;0;0;788985,2232;5827054,51;13,25974633;52,51682147
208107;11;1;1011305;Heine-Viertel West;1100312;2018;12;9;2;3;1;5;0;1;0;0;0;1;0;0;799236,3099;5827183,321;13,41048872;52,51244835
208108;11;11;11020412;Hauptstra�e;11200411;2018;12;9;4;3;5;2;0;1;0;0;0;1;0;0;805701,8751;5831366,412;13,50931473;52,54635362
208109;11;11;11010204;Falkenberg Ost;11100203;2018;12;9;4;3;5;3;0;1;1;0;0;0;0;0;806710,1403;5833421,197;13,52603543;52,56420205
208110;11;2;2040701;Andreasviertel;2400623;2018;12;9;2;3;5;2;0;1;0;0;0;0;1;0;800506,2492;5827059,255;13,42903389;52,51063817
208111;11;1;1011306;Heine-Viertel Ost;1100313;2018;12;18;4;3;2;6;2;0;1;0;0;0;0;1;800200,1484;5826847,81;13,42434631;52,50891145
208112;11;12;12231101;Hermsdorf;12400723;2018;12;8;2;3;2;6;0;0;1;0;0;0;0;0;791422,0367;5838777,818;13,3058565;52,62062134
208113;11;2;2020206;Graefekiez;2200213;2018;12;15;6;3;1;5;1;1;1;0;0;0;0;1;799631,0816;5825077,087;13,41439329;52,49335246
208114;11;10;10040828;Kaulsdorf Nord                                                                                      ;10400835;2018;12;8;4;3;5;3;0;1;1;0;0;0;0;1;812929,2958;5829712,903;13,6139958;52,52743369
208115;11;1;1011103;L�tzowstra�e                                                                                        ;1100103;2018;12;7;2;2;5;2;0;1;1;0;0;0;0;0;795592,1252;5825810,573;13,35572731;52,50212985
208116;11;9;9020701;Adlershof West;9200715;2018;12;8;4;3;5;3;0;1;1;0;0;0;0;0;807821,875;5818872,766;13,52894;52,43319142
208117;11;4;4051551;Brabanter Platz;4501148;2018;12;15;6;3;2;2;0;0;1;0;0;0;0;1;793009,5722;5823394,844;13,31566524;52,48186655
208118;11;12;12103116;Hausotterplatz;12100102;2018;12;7;2;1;6;4;2;0;1;1;0;0;0;0;796764,6059;5833658,44;13,37995821;52,57184093
208119;11;12;12103218;Teichstra�e;12100205;2018;12;8;4;3;5;2;0;1;1;0;0;0;0;1;794834,331;5833066,451;13,35103259;52,56758329
208120;11;1;1044103;Westliche M�llerstra�e                                                                              ;1400942;2018;12;7;4;3;5;3;0;0;1;0;0;0;1;0;794845,1137;5830307,941;13,34874107;52,54284965
208121;11;8;8010211;Flughafenstra�e;8100206;2018;12;6;2;3;2;6;2;0;1;0;0;0;0;0;800467,3872;5823725,905;13,42545641;52,48078159
208122;11;4;4030620;Alt-Lietzow;4300619;2018;12;17;4;3;5;2;2;0;1;0;0;0;0;0;792975,3334;5827555,525;13,31882289;52,51918402
208123;11;1;1011303;Alexanderplatzviertel;1100310;2018;12;23;1;3;2;6;2;0;1;0;0;0;0;0;799571,2896;5828236,963;13,41635882;52,52170876
208124;11;4;4030931;Breitscheidplatz;4501042;2018;12;14;6;3;5;2;0;1;1;0;0;0;0;1;793527,6714;5825443,169;13,325077;52,4999507
208125;11;3;3061429;Greifswalder Stra�e;3601449;2018;12;16;1;3;5;2;2;0;1;0;0;0;0;1;801338,2141;5831003,266;13,4448303;52,54552984
208126;11;1;1011306;Heine-Viertel Ost;1100313;2018;12;17;4;3;5;2;2;1;0;0;0;0;1;0;799980,4669;5826936,644;13,42119919;52,50982855
208127;11;7;7030303;Grazer Platz;7300619;2018;12;22;1;3;1;5;2;0;1;0;0;1;0;1;795283,9125;5821906,902;13,34774174;52,46730305
208128;11;1;1011102;Gro�er Tiergarten;1100102;2018;12;14;6;2;8;1;0;0;0;0;0;0;1;1;796303,7608;5827555,887;13,36773434;52,51738897
208129;11;7;7070701;Kettinger Stra�e/Schillerstra�e                                                                     ;7601442;2018;12;7;4;3;0;1;0;0;1;0;1;0;0;1;799027,9865;5816501,923;13,39785736;52,41681782
208130;11;2;2010103;Moritzplatz;2100104;2018;12;20;1;3;5;3;2;1;0;0;0;0;1;1;799115,3988;5826269,419;13,40789111;52,50432286
208131;11;1;1044201;Reinickendorfer Stra�e                                                                              ;1401045;2018;12;13;6;3;3;6;0;1;1;0;0;0;0;1;796839,1526;5831562,456;13,3791799;52,55301227
208132;11;4;4051654;Wilhelmsaue;4501150;2018;12;18;1;2;6;4;2;0;1;1;0;0;0;1;793975,3252;5823932,686;13,33031985;52,48616898
208133;11;3;3061126;Arnimplatz;3601141;2018;12;16;4;2;6;4;1;1;0;1;0;0;0;0;798947,9043;5831449,916;13,41008854;52,55085022
208134;11;2;2030301;Oranienplatz;2300314;2018;12;4;4;2;6;2;2;0;1;1;0;0;0;0;799898,4099;5825982,507;13,41913425;52,50132133
208135;11;3;3071537;Kollwitzplatz;3701556;2018;12;18;1;2;2;6;1;0;1;0;1;0;0;1;799867,7619;5829782,124;13,42210895;52,53539565