OBJECTID;LAND;BEZ;LOR;STRASSE;LOR_ab_2021;UJAHR;UMONAT;USTUNDE;UWOCHENTAG;UKATEGORIE;UART;UTYP1;ULICHTVERH;IstRad;IstPKW;IstFuss;IstKrad;IstGkfz;IstSonstig;USTRZUSTAND;LINREFX;LINREFY;XGCSWGS84;YGCSWGS84
208306;11;11;11040926;Weitlingstra�e;11400928;2018;12;1;7;3;5;3;2;0;1;0;0;0;1;1;804117,1042;5826324,676;13,48140588;52,50205341
208307;11;11;11040925;Victoriastadt;11400927;2018;12;8;3;3;3;6;0;0;1;0;0;0;0;1;803456,65;5826557,743;13,47191821;52,50451002
208308;11;12;12301203;Wittenau S�d                                                                                        ;12500930;2018;12;6;6;3;1;5;2;0;1;0;0;0;1;1;793720,0051;5834339,776;13,33576705;52,57960018
208309;11;2;2010103;Moritzplatz;2100104;2018;12;10;4;3;5;3;0;0;1;0;0;0;0;1;798930,2734;5826343,859;13,40523862;52,50509156
208310;11;5;5040934;Alt-Gatow;5400942;2018;12;8;3;3;6;2;0;0;1;1;0;0;0;1;783944,6371;5823335,178;13,18249183;52,48612104
208311;11;8;8020621;Mohriner Allee Nord;8200725;2018;12;11;4;3;8;1;0;0;1;0;0;0;0;0;799817,8864;5819024,86;13,4116989;52,43900044
208312;11;1;1033101;Soldiner Stra�e                                                                                     ;1300732;2018;12;18;6;3;6;2;2;0;1;1;0;0;0;1;797273,5975;5832216,968;13,38615489;52,55864222
208313;11;8;8020620;Tempelhofer Weg;8200624;2018;12;7;3;2;5;3;0;0;1;0;0;0;0;1;800866,1573;5820935,968;13,42879498;52,45555483
208314;11;2;2050802;Boxhagener Platz;2500834;2018;12;7;3;3;6;4;1;0;1;1;0;0;0;1;802552,9832;5826722,571;13,4587949;52,5064892
208315;11;4;4051551;Brabanter Platz;4501148;2018;12;23;6;2;9;1;2;0;1;0;0;0;0;1;793347,9639;5823059,018;13,32033848;52,4786743
208316;11;8;8010510;Gewerbegebiet K�llnische Heide;8100521;2018;12;18;4;2;4;1;2;0;1;0;0;0;0;1;802593,2358;5822555,061;13,45560241;52,46911351
208317;11;4;4030621;Spreestadt;4300620;2018;12;7;3;3;6;2;2;0;1;1;0;0;0;1;793125,677;5827744,228;13,32119858;52,52079487
208318;11;1;1044201;Reinickendorfer Stra�e                                                                              ;1401045;2018;12;14;4;3;2;6;0;0;1;0;0;0;0;1;796654,4741;5831919,987;13,37678354;52,55631775
208319;11;10;10030724;Oberfeldstra�e                                                                                      ;10300731;2018;12;16;6;3;6;4;2;0;1;1;0;0;0;1;809082,7924;5829196,872;13,55699745;52,52500344
208320;11;9;9051702;B�lschestra�e;9501737;2018;12;7;3;3;5;2;2;1;1;0;0;0;0;1;814214,5777;5821931,183;13,6255417;52,45696366
208321;11;5;5010101;Hakenfelde Nord;5100104;2018;12;6;3;3;2;2;2;0;1;0;0;0;0;1;785222,4453;5831823,066;13,2085388;52,56155683
208322;11;1;1011101;St�lerstra�e                                                                                        ;1100101;2018;12;16;6;3;6;4;2;0;1;1;0;0;0;1;795054,4878;5826301,38;13,34826466;52,50682056
208323;11;7;7070701;Kettinger Stra�e/Schillerstra�e                                                                     ;7601442;2018;12;0;5;3;5;3;2;0;1;0;0;0;0;1;798810,094;5815846,038;13,39407751;52,41105754
208324;11;8;8010510;Gewerbegebiet K�llnische Heide;8100521;2018;12;6;3;3;2;4;2;0;1;1;0;1;0;1;803052,1154;5822379,89;13,46217795;52,46728911
208325;11;1;1022207;Hansaviertel;1200629;2018;12;16;6;3;5;2;2;1;1;0;0;0;0;1;794497,5732;5827803,729;13,34141253;52,52058907
208326;11;8;8040933;Vogelviertel S�d;8401139;2018;12;6;3;3;5;3;2;1;1;0;0;0;0;1;803027,1916;5819381,573;13,45909149;52,44042899
208327;11;11;11030618;Fennpfuhl West;11300617;2018;12;16;6;3;5;2;1;0;1;0;0;0;1;1;803067,5524;5829540,65;13,46892047;52,53146155
208328;11;3;3061131;Falkplatz;3601142;2018;12;3;4;3;5;3;2;0;1;0;0;0;0;0;799147,088;5830366,911;13,41204201;52,54103341
208329;11;3;3020210;Herthaplatz;3200207;2018;12;15;3;3;2;6;0;0;1;0;0;0;0;1;800070,6072;5835841,124;13,43056985;52,58959228
208330;11;1;1044202;Sparrplatz;1401047;2018;12;17;6;3;6;4;2;0;1;1;0;0;0;1;795340,2511;5830382,139;13,35608701;52,5432466
208331;11;3;3061228;Erich-Weinert-Stra�e;3601245;2018;12;15;3;3;0;2;0;1;1;0;0;0;0;0;800170,0766;5830963,826;13,4276203;52,54582117
208332;11;3;3040614;Pankow Zentrum                                                                                      ;3400723;2018;12;15;3;2;0;1;0;1;0;0;0;0;0;1;798702,9041;5833102,504;13,40797322;52,5657976
208333;11;2;2030302;Lausitzer Platz;2300316;2018;12;17;6;3;2;6;2;1;1;0;0;0;0;1;801073,066;5826324,293;13,43669607;52,50373802
208334;11;1;1011302;Oranienburger Stra�e                                                                                ;1100309;2018;12;17;6;3;5;3;2;1;1;0;0;0;0;1;797993,0657;5828660,372;13,39354615;52,52636885
208335;11;9;9020501;Obersch�neweide West;9200510;2018;12;13;3;2;5;2;0;1;1;0;0;0;0;1;805785,1349;5822864,331;13,50272889;52,47010819
208336;11;2;2020204;Urbanstra�e;2200210;2018;12;17;6;3;5;3;2;0;1;0;0;0;0;1;798953,2487;5825240,509;13,40458568;52,49518898
208337;11;10;10040829;Alt-Kaulsdorf;10400836;2018;12;17;6;3;5;2;2;1;1;0;0;0;0;1;811298,8588;5827465,429;13,58793693;52,50822674
208338;11;8;8030830;Gropiusstadt S�d;8300935;2018;12;12;3;3;6;7;0;0;1;1;0;0;0;0;802658,6415;5818086,695;13,45251378;52,42902692
208339;11;5;5010339;Freiheit;5100317;2018;12;17;6;3;6;2;2;0;1;1;0;0;0;1;785771,0783;5828526,294;13,21377344;52,53171101
208340;11;2;2010102;Mehringplatz;2100102;2018;12;18;6;3;6;2;2;0;1;1;0;0;0;1;798432,67;5826539,665;13,39810462;52,50711911
208341;11;10;10010102;Havemannstra�e                                                                                      ;10100104;2018;12;12;3;3;6;4;0;0;1;1;0;0;0;0;810270,7097;5834251,832;13,57917324;52,56962842
208342;11;12;12214422;Klixstra�e                                                                                          ;12200310;2018;12;18;6;3;1;5;2;0;1;0;0;0;1;1;792245,564;5833845,628;13,31363361;52,57596425
208343;11;1;1011301;Charit�viertel;1100308;2018;12;12;3;3;6;7;0;0;0;1;1;0;0;0;797608,3659;5828375,227;13,38763711;52,52402301
208344;11;9;9020701;Adlershof West;9200715;2018;12;19;6;3;5;7;2;0;1;0;0;0;1;1;808556,0723;5818094,917;13,53898773;52,42580666
208345;11;1;1011305;Heine-Viertel West;1100312;2018;12;11;3;3;5;2;0;1;1;0;0;0;0;0;799648,6808;5827039,581;13,41641769;52,51093357
208346;11;6;6020411;Sch�tte-Lanz-Stra�e                                                                                 ;6200423;2018;12;19;6;3;5;3;2;0;1;0;0;0;0;1;793428,7546;5816129,693;13,31543809;52,41651141
208347;11;6;6040809;Thielallee;6400843;2018;12;11;3;3;5;2;0;1;1;0;0;0;0;0;792370,0789;5820769,024;13,30397399;52,45866925
208348;11;3;3071639;B�tzowstra�e;3701660;2018;12;19;6;3;9;1;2;0;1;0;0;0;0;1;800365,2974;5829057,641;13,4287676;52,52862795
208349;11;9;9041301;Kietzer Feld/Nachtheide                                                                             ;9401329;2018;12;20;6;3;5;7;2;0;1;0;0;0;0;1;811373,5981;5819727,421;13,58181166;52,43884047
208350;11;7;7040403;Manteuffelstra�e                                                                                    ;7400824;2018;12;11;3;3;3;6;0;0;1;0;0;0;1;1;797870,1358;5821928,959;13,38572019;52,4660969
208351;11;1;1011105;N�rdlicher Landwehrkanal                                                                            ;1100102;2018;12;22;6;3;5;2;2;0;1;0;1;0;0;1;796576,81;5826872,728;13,37113768;52,51111672
208352;11;4;4030622;Richard-Wagner-Stra�e;4300621;2018;12;23;6;3;6;7;2;1;0;1;0;0;0;1;792177,8579;5827122,859;13,30672326;52,51573314
208353;11;1;1033101;Soldiner Stra�e                                                                                     ;1300730;2018;12;22;3;2;2;6;2;0;1;0;0;0;0;0;796414,2197;5831983,799;13,37330708;52,55702057
208354;11;1;1033203;Humboldthain Nordwest                                                                               ;1300836;2018;12;15;4;3;5;3;0;0;1;0;0;0;0;1;796881,0835;5831207,623;13,37947926;52,54980875
208355;11;9;9010302;Sp�thsfelde;9100306;2018;12;10;3;2;2;6;0;0;1;0;0;1;0;1;803112,9005;5820948,894;13,46177062;52,4544294
208356;11;11;11051229;Rummelsburg;11501238;2018;12;22;6;3;6;2;2;0;1;1;0;0;0;1;803341,594;5826301,439;13,46999479;52,50227678
208357;11;1;1011301;Charit�viertel;1100308;2018;12;12;2;3;2;6;0;1;0;0;0;0;0;1;797572,1795;5828595,857;13,38730274;52,52602045
208358;11;1;1011202;Unter den Linden Nord;1100206;2018;12;14;2;3;2;7;0;1;1;0;0;0;0;0;797680,9912;5827934,365;13,38830984;52,52003157
208359;11;2;2050801;Traveplatz;2500831;2018;12;11;6;3;5;3;0;0;1;0;0;0;0;1;802859,2513;5827478,279;13,46398118;52,51309259
208360;11;4;4010101;Jungfernheide;4100101;2018;12;22;5;3;6;2;2;0;1;1;0;0;0;1;789757,6484;5829882,098;13,27356226;52,54176135
208361;11;4;4041136;Hagenplatz;4400728;2018;12;17;2;2;6;2;2;0;1;1;0;0;0;0;790674,858;5822688,489;13,28076672;52,47678184
208362;11;1;1044202;Sparrplatz;1401046;2018;12;10;6;3;5;3;0;0;1;0;0;0;0;1;795000,2683;5830277,348;13,35099515;52,54249143
208363;11;4;4030726;Droysenstra�e;4500936;2018;12;17;2;3;2;6;2;0;1;0;0;0;0;0;791958,01;5825245,609;13,30184616;52,49902167
208364;11;1;1044202;Sparrplatz;1401046;2018;12;9;6;3;5;2;0;1;0;0;0;0;1;1;794611,3298;5829878,987;13,34492333;52,53913085
208365;11;1;1011201;Wilhelmstra�e                                                                                       ;1100205;2018;12;17;2;3;5;2;2;1;1;0;0;0;0;0;797686,9802;5826835,104;13,3874144;52,51017476
208366;11;1;1022206;L�neburger Stra�e                                                                                   ;1200628;2018;12;15;6;3;6;4;2;0;1;1;0;0;0;1;795501,9717;5828046,401;13,3563883;52,52222106
208367;11;9;9020502;Obersch�neweide Ost;9200511;2018;12;14;6;3;5;3;0;1;1;0;0;0;0;1;807850,2902;5822047,757;13,53228233;52,46163019
208368;11;3;3040614;Pankow Zentrum                                                                                      ;3400725;2018;12;17;2;3;2;6;2;0;1;0;0;0;1;0;800009,2736;5835425,9;13,42929122;52,58590439
208369;11;3;3040614;Pankow Zentrum                                                                                      ;3400725;2018;12;22;3;3;9;1;2;0;1;0;0;0;0;0;799260,4646;5835190,479;13,4180591;52,58420665
208370;11;10;10010310;Alt-Marzahn;10100315;2018;12;16;2;3;2;6;2;0;1;0;0;0;0;1;809842,661;5831104,134;13,56993979;52,54166419
208371;11;8;8020622;Parchimer Allee;8200726;2018;12;14;6;3;6;4;0;1;0;1;0;0;0;1;802368,9827;5819904,553;13,44991082;52,44548086
208372;11;8;8020728;Buckow Ost;8200833;2018;12;16;2;3;1;5;2;0;1;0;0;0;0;0;802046,5934;5817665,867;13,44315912;52,42559317
208373;11;6;6040810;Dahlem;6400844;2018;12;16;2;3;6;2;1;0;1;1;0;0;0;0;792468,9595;5821566,484;13,30612393;52,46576546
208374;11;11;11030721;R�digerstra�e;11300722;2018;12;13;4;3;0;1;0;0;0;0;1;0;0;1;803866,1034;5828347,745;13,4795665;52,52032538
208375;11;3;3040513;Sch�nholz;3400620;2018;12;13;6;3;5;2;0;1;0;0;0;0;1;1;796412,8169;5834654,405;13,37567305;52,58096031
208376;11;6;6020411;Sch�tte-Lanz-Stra�e                                                                                 ;6200423;2018;12;14;5;3;6;4;0;0;1;1;0;0;0;0;793609,1701;5815889,621;13,31787266;52,41426246
208377;11;1;1011304;Karl-Marx-Allee;1100311;2018;12;16;2;3;2;6;1;0;1;0;0;0;0;1;799524,8074;5828114,739;13,41556572;52,52063874
208378;11;8;8020619;Buschkrugallee Nord;8200623;2018;12;16;6;3;6;4;2;0;1;1;0;0;0;1;802264,9779;5820682,305;13,44908897;52,45250947
208379;11;1;1011302;Oranienburger Stra�e                                                                                ;1100309;2018;12;11;3;3;0;7;0;1;0;0;0;0;0;1;798664,2881;5828359,832;13,40314087;52,52330765
208380;11;8;8010405;Hertzbergplatz;8100418;2018;12;16;2;3;3;6;2;1;1;0;0;0;0;0;802179,2287;5823743,637;13,45060307;52,47999599
208381;11;3;3040614;Pankow Zentrum                                                                                      ;3400725;2018;12;14;6;2;6;4;0;0;1;1;0;0;0;1;800034,3024;5835600,5;13,42981764;52,58745555
208382;11;3;3061227;Humannplatz;3601244;2018;12;13;6;3;0;3;0;0;1;0;1;0;0;1;800205,2235;5831566,509;13,42868186;52,5512038
208383;11;2;2040701;Andreasviertel;2400623;2018;12;16;2;3;2;6;2;0;1;0;0;0;1;0;800363,7312;5827754,773;13,42756797;52,51695082
208384;11;2;2020206;Graefekiez;2200213;2018;12;8;6;3;6;2;0;0;1;1;0;0;0;1;799885,7359;5825149,688;13,41819829;52,49386337
208385;11;9;9010101;Elsenstra�e                                                                                         ;9100101;2018;12;15;2;3;5;3;0;1;1;0;0;0;0;0;802328,3987;5825301,483;13,45420598;52,49387646
208386;11;3;3040818;Pankow S�d                                                                                          ;3400830;2018;12;10;3;3;5;3;0;1;1;0;0;0;0;1;799977,6258;5833095,096;13,42671674;52,56503033
208387;11;2;2050801;Traveplatz;2500831;2018;12;15;2;3;2;2;0;0;1;0;0;0;0;1;802905,5097;5827142,479;13,46435513;52,51005718
208388;11;4;4051445;Eisenzahnstra�e;4500939;2018;12;12;6;3;5;3;0;0;1;0;0;0;0;1;791820,9178;5824321,967;13,29902324;52,49081466
208389;11;4;4030931;Breitscheidplatz;4501042;2018;12;14;2;3;5;2;0;0;1;0;0;0;0;0;793939,1087;5826057,06;13,33166256;52,50523244
208390;11;11;11030720;Herzbergstra�e;11300721;2018;12;13;2;3;1;3;0;0;1;0;0;0;1;1;804531,1097;5828697,649;13,48965764;52,52309046
208391;11;3;3050923;Wei�enseer Spitze;3500934;2018;12;7;6;3;5;2;0;1;1;0;0;0;0;1;801311,9577;5831932,036;13,44528701;52,55386897
208392;11;9;9051801;Rahnsdorf/Hessenwinkel;9501838;2018;12;21;4;3;5;2;2;0;1;0;0;0;0;1;819871,0351;5819728,975;13,70639963;52,43395138
208393;11;9;9030902;Wohngebiet II;9300922;2018;12;13;2;2;5;3;0;0;1;0;1;0;0;1;808186,514;5815759,67;13,53141966;52,40508603
208394;11;2;2050803;Stralauer Kiez;2500835;2018;12;12;6;3;5;3;0;1;1;0;0;0;0;0;802821,6287;5826108,208;13,46218222;52,50083368
208395;11;1;1033203;Humboldthain Nordwest                                                                               ;1300836;2018;12;1;3;3;2;6;2;0;1;0;0;0;0;1;796842,9271;5830626,661;13,37839891;52,54462188
208396;11;1;1022203;L�becker Stra�e                                                                                     ;1200625;2018;12;18;2;3;2;6;2;0;1;0;1;0;0;0;794849,3976;5828450,383;13,34715613;52,52619573
208397;11;6;6010204;Munsterdamm;6100204;2018;12;11;6;3;2;6;0;0;1;0;0;0;0;1;795413,7511;5820106,641;13,34805442;52,45109469
208398;11;10;10010310;Alt-Marzahn;10100313;2018;12;22;2;3;6;7;2;0;1;1;0;0;0;0;807901,1988;5830438,457;13,54078595;52,53679894
208399;11;2;2010104;Wassertorplatz;2100106;2018;12;12;2;3;5;3;0;1;0;0;0;0;0;1;799586,1033;5825642,877;13,41424161;52,4984486
208400;11;12;12103116;Hausotterplatz;12100102;2018;12;11;6;2;5;7;0;0;1;0;1;0;0;0;795790,1235;5833153,26;13,36517072;52,56784295
208401;11;4;4031032;Halensee;4500937;2018;12;23;2;2;3;6;2;0;1;0;1;0;0;0;791609,0422;5825125,343;13,29661472;52,49813008
208402;11;1;1022104;Emdener Stra�e                                                                                      ;1200519;2018;12;6;2;3;6;7;2;1;0;1;0;0;0;0;793739,1615;5828872,462;13,33121102;52,53057875
208403;11;3;3071536;Teutoburger Platz;3701554;2018;12;7;6;3;6;2;2;0;1;1;0;0;0;1;799230,1396;5829427,829;13,41241739;52,53257039
208404;11;1;1033202;Humboldthain S�d;1300835;2018;12;7;2;3;6;4;0;0;1;1;0;0;0;0;797750,6705;5830019,232;13,39120094;52,53868175
208405;11;4;4051655;Babelsberger Stra�e;4501153;2018;12;9;2;3;5;2;0;1;0;0;0;0;1;0;793912,8801;5823083,377;13,3286541;52,47858893
208406;11;5;5010314;Carl-Schurz-Stra�e                                                                                  ;5100316;2018;12;11;6;3;2;6;0;0;1;0;0;0;0;0;784933,6633;5829478,145;13,20227782;52,54068367
208407;11;12;12231101;Hermsdorf;12400723;2018;12;16;4;3;1;1;2;0;1;0;0;0;0;1;791807,0636;5838981,612;13,31170774;52,6222416
208408;11;6;6020410;Oberhofer Platz;6200422;2018;12;11;6;3;1;5;0;0;1;0;0;0;1;1;794439,9548;5817306,49;13,33129935;52,42651791
208409;11;1;1011101;St�lerstra�e                                                                                        ;1100101;2018;12;10;2;3;1;5;0;1;1;0;0;0;1;0;794985,5346;5825966,147;13,34695464;52,50385272
208410;11;2;2010101;Askanischer Platz;2100101;2018;12;13;6;3;5;7;0;0;1;0;0;0;0;1;797534,9031;5826244,509;13,38465229;52,50496372
208411;11;10;10040933;Mahlsdorf S�d                                                                                       ;10400940;2018;12;7;6;2;6;4;2;0;1;1;0;0;0;1;812521,6854;5824987,653;13,60357137;52,48532393
208412;11;2;2010102;Mehringplatz;2100102;2018;12;8;2;3;8;1;0;0;1;0;0;0;0;0;798199,9491;5825522,933;13,39377538;52,49813264
208413;11;11;11030618;Fennpfuhl West;11300617;2018;12;14;6;2;6;4;0;0;1;1;0;0;0;1;803177,465;5829576,137;13,47056821;52,53171849
208414;11;4;4051655;Babelsberger Stra�e;4501153;2018;12;0;1;3;5;3;2;0;1;0;0;0;0;0;794185,0274;5823111,379;13,33267446;52,47869343
208415;11;2;2010103;Moritzplatz;2100104;2018;12;7;6;3;5;3;2;1;1;0;0;0;0;1;799236,4477;5826249,31;13,40965113;52,50407624
208416;11;2;2040701;Andreasviertel;2400623;2018;12;6;1;3;6;4;2;0;1;1;0;0;0;0;801120,1604;5827234,515;13,43821116;52,51187054
208417;11;3;3030406;Alt-Karow;3300412;2018;12;13;6;3;5;3;0;0;1;0;0;0;0;1;802876,8957;5838280,664;13,47409986;52,60990175
208418;11;9;9020802;K�llnische Vorstadt                                                                                 ;9200819;2018;12;6;6;3;6;4;2;0;0;1;0;0;1;1;810189,2207;5819596,265;13,56432219;52,43833806
208419;11;6;6020302;Komponistenviertel Lankwitz;6200312;2018;12;9;1;3;0;7;0;1;0;0;0;0;0;1;795147,5082;5818816,124;13,3430079;52,43966975
208420;11;3;3040614;Pankow Zentrum                                                                                      ;3400721;2018;12;13;6;2;0;7;0;0;1;0;0;0;1;1;797916,635;5833118,604;13,39642185;52,56637274
208421;11;8;8020620;Tempelhofer Weg;8200624;2018;12;15;6;3;0;7;1;0;1;1;0;0;0;1;800589,7328;5821178,821;13,42495779;52,45788372
208422;11;8;8010405;Hertzbergplatz;8100418;2018;12;2;6;2;1;5;2;1;1;0;0;0;0;0;801740,7349;5824225,143;13,4446017;52,48455425
208423;11;1;1011102;Gro�er Tiergarten;1100102;2018;12;16;5;3;2;6;2;0;1;0;0;0;0;0;795194,0818;5827268,119;13,3511729;52,51541113
208424;11;4;4041342;Schlangenbader Stra�e;4400833;2018;12;10;1;3;1;7;0;0;1;0;0;0;0;0;792254,4019;5822337,799;13,30365027;52,47279501
208425;11;6;6010103;Markelstra�e                                                                                        ;6100103;2018;12;7;5;3;6;4;2;0;1;1;0;0;0;0;793390,9675;5821345,44;13,31946282;52,46328954
208426;11;1;1033101;Soldiner Stra�e                                                                                     ;1300732;2018;12;22;5;3;5;3;2;0;1;0;0;0;0;1;797509,3003;5832135,451;13,38954843;52,5577828
208427;11;4;4010101;Jungfernheide;4100101;2018;12;11;1;3;5;2;0;0;1;0;1;0;0;0;791293,9877;5830688,088;13,29685912;52,54816775
208428;11;9;9030901;Dorf Altglienicke;9300920;2018;12;21;5;3;0;1;2;0;1;0;0;0;0;1;808374,93;5817216,544;13,53552255;52,41803669
208429;11;7;7020204;Sch�neberger Insel;7200412;2018;12;13;1;3;1;5;0;1;1;0;0;0;1;0;796284,8206;5823028,232;13,36342868;52,47681295
208430;11;1;1011302;Oranienburger Stra�e                                                                                ;1100309;2018;12;19;5;3;5;2;2;1;1;0;0;0;0;1;797993,9572;5828901,166;13,39377505;52,52852677
208431;11;11;11020514;Gro�e-Leege-Stra�e;11200513;2018;12;5;6;3;5;3;2;1;1;0;0;0;0;1;803676,279;5830264,281;13,47852791;52,53760844
208432;11;3;3061227;Humannplatz;3601244;2018;12;17;1;2;2;6;1;0;1;0;0;0;0;0;799952,7025;5831688,219;13,42507866;52,55243384
208433;11;7;7010104;Dennewitzplatz;7100205;2018;12;19;5;3;5;3;2;1;1;0;0;0;0;1;796039,4042;5825375,464;13,36191072;52,497987
208434;11;12;12302109;Treuenbrietzener Stra�e                                                                             ;12601133;2018;12;21;1;3;5;7;2;0;1;0;0;0;1;0;795329,279;5836717,066;13,36156715;52,60003921
208435;11;9;9051702;B�lschestra�e;9501737;2018;12;10;5;3;6;7;0;1;0;1;0;0;0;0;814405,902;5821511,913;13,62795346;52,4530966
208436;11;3;3061228;Erich-Weinert-Stra�e;3601245;2018;12;20;1;3;5;3;2;0;1;0;0;0;0;1;800312,204;5831547,272;13,43023753;52,55097241
208437;11;2;2030301;Oranienplatz;2300314;2018;12;21;2;3;0;3;2;0;1;0;0;0;1;1;800285,7655;5826093,324;13,42492355;52,50210161
208438;11;1;1033201;Brunnenstra�e                                                                                       ;1300834;2018;12;18;7;3;5;2;2;0;1;0;0;0;0;1;797506,2718;5831026,192;13,38850989;52,54784136
208439;11;8;8030829;Gropiusstadt Nord;8300934;2018;12;9;5;3;5;7;0;0;1;0;0;0;0;0;803141,0959;5818438,334;13,45990677;52,43191158
208440;11;2;2050802;Boxhagener Platz;2500833;2018;12;20;7;3;4;1;2;1;1;0;0;0;0;0;802168,5714;5827137,096;13,45352462;52,51041762
208441;11;1;1011104;K�rnerstra�e                                                                                        ;1100104;2018;12;20;7;3;2;6;2;0;1;0;0;0;0;0;796542,5927;5825869,721;13,36974151;52,50214435
208442;11;1;1011306;Heine-Viertel Ost;1100313;2018;12;22;2;3;5;3;2;0;1;0;0;0;0;1;799902,8884;5826513,911;13,41967866;52,50608207
208443;11;5;5010313;Ackerstra�e                                                                                         ;5100210;2018;12;20;7;3;2;6;2;0;1;0;0;0;0;0;784193,7401;5830056,252;13,19189164;52,54625344
208444;11;8;8010213;K�rnerpark;8100208;2018;12;9;5;3;3;6;0;0;1;0;1;0;0;0;801627,119;5822646,379;13,44150566;52,47046626
208445;11;10;10020413;Gut Hellersdorf;10200419;2018;12;22;7;3;5;1;2;0;1;0;0;0;1;0;811630,9882;5831513,332;13,59660809;52,54431134
208446;11;5;5030730;Zitadellenweg;5300736;2018;12;18;7;3;2;6;2;0;1;0;0;0;0;1;785444,5695;5829252,054;13,20959648;52,53838917
208447;11;1;1011104;K�rnerstra�e                                                                                        ;1100104;2018;12;9;5;2;0;1;0;1;0;0;0;0;0;0;796642,0827;5826174,63;13,37147457;52,50482348
208448;11;11;11020412;Hauptstra�e;11200411;2018;12;18;5;3;5;3;2;0;1;0;0;0;0;1;804781,2214;5831466,035;13,49587138;52,54776229
208449;11;4;4051445;Eisenzahnstra�e;4500939;2018;12;16;7;3;2;2;1;0;1;0;0;0;0;0;792516,3871;5824498,541;13,30939227;52,49202537
208450;11;1;1011204;Leipziger Stra�e                                                                                    ;1100207;2018;12;9;5;3;5;3;0;0;1;0;0;0;0;0;798154,027;5826812,608;13,39425576;52,50971804
208451;11;3;3040818;Pankow S�d                                                                                          ;3400827;2018;12;17;2;3;1;5;2;1;1;0;0;0;0;0;799397,3533;5832471,781;13,41761905;52,55976274
208452;11;10;10010206;Ringkolonnaden;10100208;2018;12;13;7;2;6;7;0;0;1;1;0;0;0;0;809046,1703;5832604,178;13,55962854;52,55555935
208453;11;5;5010314;Carl-Schurz-Stra�e                                                                                  ;5100316;2018;12;9;5;3;2;6;0;0;1;0;0;0;0;0;784954,4193;5829417,922;13,20253139;52,54013286
208454;11;1;1011202;Unter den Linden Nord;1100206;2018;12;9;7;2;0;1;0;1;0;0;0;0;0;0;796934,4303;5827496,309;13,37694825;52,5165119
208455;11;7;7010102;Nollendorfplatz;7100102;2018;12;14;2;3;1;5;0;0;1;0;0;0;0;0;794968,8059;5825166,87;13,34600095;52,49669679
208456;11;3;3020209;Niedersch�nhausen;3200205;2018;12;14;4;3;5;3;0;0;1;0;0;0;0;1;797897,6548;5835180,326;13,39799506;52,58486356
208457;11;1;1011204;Leipziger Stra�e                                                                                    ;1100207;2018;12;8;5;3;0;3;0;1;0;0;1;0;0;0;798642,7437;5827120,648;13,4017119;52,51221188
208458;11;2;2050803;Stralauer Kiez;2500835;2018;12;1;7;3;8;1;2;1;0;0;0;0;0;0;803387,6951;5826576,735;13,47092271;52,50471858
208459;11;7;7040403;Manteuffelstra�e                                                                                    ;7400823;2018;12;14;7;3;0;1;0;0;0;0;1;0;0;1;797317,2641;5821724,077;13,37742322;52,46456148
208460;11;7;7040401;Neu-Tempelhof;7400720;2018;12;7;5;3;2;6;0;0;1;0;0;0;0;1;797174,2701;5823737,608;13,37711851;52,48268855
208461;11;12;12301204;Wittenau Nord                                                                                       ;12500927;2018;12;19;4;3;8;1;2;0;1;0;0;0;0;1;793080,2742;5836525,188;13,32828636;52,59953605
208462;11;7;7030301;Friedenau;7300517;2018;12;15;6;3;6;7;0;0;1;1;0;0;0;0;794539,4576;5822541,491;13,33737486;52,47339365
208463;11;2;2020206;Graefekiez;2200213;2018;12;7;5;2;3;6;0;0;1;0;0;0;0;0;799646,204;5824874,903;13,41443354;52,49153187
208464;11;6;6010102;Schlo�stra�e                                                                                        ;6100102;2018;12;13;2;3;1;5;0;0;1;0;0;0;0;0;793767,3748;5820774,242;13,32448467;52,45796673
208465;11;6;6040810;Dahlem;6400844;2018;12;7;5;3;2;7;1;0;1;0;0;0;0;0;790333,3008;5820530,195;13,27387383;52,45761396
208466;11;8;8010404;Rixdorf;8100415;2018;12;11;5;3;2;6;0;0;1;0;0;0;1;0;802054,3144;5823471,643;13,44852294;52,47762717
208467;11;10;10020414;Helle Mitte;10200421;2018;12;17;6;3;0;4;2;0;0;1;0;0;1;0;812228,1847;5830717,643;13,60463824;52,53683923